종목,코드,시장,현재가,전일종가,등락률,거래량,현재가 업데이트시각,추천 근거,진입 전략,리스크
동화약품,000020,KOSPI,5360,5240,2.88,76746,2026-06-09T16:09:55,,,
KR모터스,000040,KOSPI,324,327,1.57,161866,2026-06-09T16:09:55,,,
경방,000050,KOSPI,8110,8150,6.01,53290,2026-06-09T16:09:55,,,
삼양홀딩스,000070,KOSPI,54000,54500,3.65,12537,2026-06-09T16:09:55,,,
하이트진로,000080,KOSPI,15840,15900,0.89,157476,2026-06-09T16:09:55,,,
하이트진로2우B,000087,KOSPI,12850,12840,0.63,3997,2026-06-09T16:09:55,,,
TIGER 엔비디아미국채,000000,KOSPI,0,10160,0.0,0,,,,
유한양행,000100,KOSPI,76700,76900,5.94,351448,2026-06-09T16:09:55,,,
유한양행우,000105,KOSPI,64600,64800,2.7,2368,2026-06-09T16:09:55,,,
CJ대한통운,000120,KOSPI,80700,80300,3.99,72742,2026-06-09T16:09:55,,,
하이트진로홀딩스,000140,KOSPI,8010,8040,0.63,35369,2026-06-09T16:09:55,,,
하이트진로홀딩스우,000145,KOSPI,9760,9610,-2.01,97,2026-06-09T16:09:55,,,
두산,000150,KOSPI,1566000,1584000,-0.76,157454,2026-06-09T16:09:55,,,
두산우,000155,KOSPI,544000,549000,0.37,25672,2026-06-09T16:09:55,,,
두산2우B,000157,KOSPI,434500,424500,-1.7,2247,2026-06-09T16:09:55,,,
성창기업지주,000180,KOSPI,5070,5060,1.71,21424,2026-06-09T16:09:55,,,
마이티 바이오시밀러&,000010,KOSPI,0,9775,0.0,0,,,,
DL,000210,KOSPI,47150,47600,2.28,97541,2026-06-09T16:09:55,,,
DL우,000215,KOSPI,21450,21450,2.88,3406,2026-06-09T16:09:55,,,
유유제약,000220,KOSPI,3805,3845,4.53,222109,2026-06-09T16:09:55,,,
유유제약1우,000225,KOSPI,3815,3750,-2.55,53933,2026-06-09T16:09:55,,,
유유제약2우B,000227,KOSPI,10400,10580,1.46,896,2026-06-09T16:09:55,,,
일동홀딩스,000230,KOSPI,6840,7000,3.48,18325,2026-06-09T16:09:55,,,
한국앤컴퍼니,000240,KOSPI,25700,25850,7.53,167165,2026-06-09T16:09:55,,,
기아,000270,KOSPI,164300,159700,8.52,2331570,2026-06-09T16:09:55,"EV6 북미 판매 호조, 전기차 매출 확대","75,000원 이상 매수",글로벌 EV 시장 경쟁 심화
DH오토넥스,000300,KOSPI,4200,4200,0.0,0,2026-06-09T16:09:55,,,
노루홀딩스,000320,KOSPI,16900,17050,5.1,10009,2026-06-09T16:09:55,,,
노루홀딩스우,000325,KOSPI,27700,26850,-0.72,77,2026-06-09T16:09:55,,,
한화손해보험,000370,KOSPI,6450,6320,15.38,1878852,2026-06-09T16:09:55,,,
SP삼화,000390,KOSPI,6390,6320,4.58,194099,2026-06-09T16:09:55,,,
롯데손해보험,000400,KOSPI,1919,1854,8.66,449100,2026-06-09T16:09:55,,,
대원강업,000430,KOSPI,6000,5300,29.87,4513091,2026-06-09T16:09:55,,,
CR홀딩스,000480,KOSPI,4600,4605,0.99,82324,2026-06-09T16:09:55,,,
대동,000490,KOSPI,7340,7210,0.96,273938,2026-06-09T16:09:55,,,
가온전선,000500,KOSPI,322000,313000,12.59,46894,2026-06-09T16:09:55,,,
삼일제약,000520,KOSPI,7120,7010,5.33,80424,2026-06-09T16:09:55,,,
흥국화재,000540,KOSPI,3630,3575,9.17,377772,2026-06-09T16:09:55,,,
흥국화재우,000545,KOSPI,6100,6100,6.83,4816,2026-06-09T16:09:55,,,
CS홀딩스,000590,KOSPI,69000,71000,0.88,271,2026-06-09T16:09:55,,,
동아쏘시오홀딩스,000640,KOSPI,83200,82600,2.97,14666,2026-06-09T16:09:55,,,
천일고속,000650,KOSPI,199500,192000,-3.16,15509,2026-06-09T16:09:55,,,
SK하이닉스,000660,KOSPI,2215000,2048000,15.91,5878039,2026-06-09T16:09:55,"HBM 메모리 공급 부족 심화, 1분기 이익률 72% 유지 기대","5일선 상향 시 매수, 목표가 148,000원",반도체 경기 변화 리스크
영풍,000670,KOSPI,46250,45550,2.66,54176,2026-06-09T16:09:55,,,
LS네트웍스,000680,KOSPI,3070,3095,4.42,263728,2026-06-09T16:09:55,,,
유수홀딩스,000700,KOSPI,5460,5590,4.4,49206,2026-06-09T16:09:55,,,
현대건설,000720,KOSPI,122300,130300,4.98,633184,2026-06-09T16:09:55,,,
현대건설우,000725,KOSPI,52900,53500,4.13,5373,2026-06-09T16:09:55,,,
이화산업,000760,KOSPI,12380,12240,-0.96,4070,2026-06-09T16:09:55,,,
삼성화재,000810,KOSPI,655000,616000,-2.24,224520,2026-06-09T16:09:55,자동차 보험 증가로 손보 수익 개선,보험주 강세 시 매수,금리 인상에 따른 손실
삼성화재우,000815,KOSPI,407500,401500,1.75,16608,2026-06-09T16:09:55,,,
화천기공,000850,KOSPI,31700,32100,2.26,14765,2026-06-09T16:09:55,,,
강남제비스코,000860,KOSPI,12930,12800,6.86,44799,2026-06-09T16:09:55,,,
한화,000880,KOSPI,115800,119200,1.76,248032,2026-06-09T16:09:55,,,
한화3우B,000088,KOSPI,0,40200,0.0,0,,,,
보해양조,000890,KOSPI,1274,1295,1.35,43235,2026-06-09T16:09:55,,,
유니온,000910,KOSPI,3100,3055,1.81,46235,2026-06-09T16:09:55,,,
전방,000950,KOSPI,27050,26850,2.85,911,2026-06-09T16:09:55,,,
한국주철관,000970,KOSPI,6700,6650,2.76,47155,2026-06-09T16:09:55,,,
DB하이텍,000990,KOSPI,170300,153700,7.24,456343,2026-06-09T16:09:55,,,
페이퍼코리아,001020,KOSPI,2355,2230,12.14,62330,2026-06-09T16:09:55,,,
CJ,001040,KOSPI,179800,170200,6.83,219823,2026-06-09T16:09:55,,,
CJ우,001045,KOSPI,76200,73400,2.7,6157,2026-06-09T16:09:55,,,
CJ4우(전환),000104,KOSPI,0,157800,0.0,0,,,,
JW중외제약,001060,KOSPI,26100,26350,6.75,52533,2026-06-09T16:09:55,,,
JW중외제약우,001065,KOSPI,21450,21200,-2.5,317,2026-06-09T16:09:55,,,
JW중외제약2우B,001067,KOSPI,45950,45450,0.44,1,2026-06-09T16:09:55,,,
대한방직,001070,KOSPI,5720,5660,3.62,8899,2026-06-09T16:09:55,,,
만호제강,001080,KOSPI,4710,4420,6.32,377821,2026-06-09T16:09:55,,,
LX인터내셔널,001120,KOSPI,38800,38500,2.51,156773,2026-06-09T16:09:55,,,
대한제분,001130,KOSPI,11550,11510,3.4,24578,2026-06-09T16:09:55,,,
유진투자증권,001200,KOSPI,4510,4415,7.25,892790,2026-06-09T16:09:55,,,
금호전기,001210,KOSPI,494,490,0.41,969236,2026-06-09T16:09:55,,,
동국홀딩스,001230,KOSPI,1828,1803,7.47,1150257,2026-06-09T16:09:55,,,
GS글로벌,001250,KOSPI,2895,2945,2.84,996336,2026-06-09T16:09:55,,,
남광토건,001260,KOSPI,7320,7230,4.27,10241,2026-06-09T16:09:55,,,
부국증권,001270,KOSPI,60100,56900,7.32,11239,2026-06-09T16:09:55,,,
부국증권우,001275,KOSPI,31100,30950,1.8,1309,2026-06-09T16:09:55,,,
상상인증권,001290,KOSPI,924,900,5.0,249837,2026-06-09T16:09:55,,,
PKC,001340,KOSPI,5510,5470,2.04,336685,2026-06-09T16:09:55,,,
삼성제약,001360,KOSPI,1347,1335,3.46,545323,2026-06-09T16:09:55,,,
SG글로벌,001380,KOSPI,1458,1417,-1.42,57994,2026-06-09T16:09:55,,,
KG케미칼,001390,KOSPI,4370,4475,6.33,280318,2026-06-09T16:09:55,,,
RISE 미국은행TOP10,000130,KOSPI,0,13005,0.0,0,,,,
태원물산,001420,KOSPI,2130,2175,2.4,5264,2026-06-09T16:09:55,,,
세아베스틸지주,001430,KOSPI,45850,46150,3.03,181563,2026-06-09T16:09:55,,,
대한전선,001440,KOSPI,38700,37450,3.89,3734825,2026-06-09T16:09:55,,,
현대해상,001450,KOSPI,36900,37550,7.89,702858,2026-06-09T16:09:55,,,
BYC,001460,KOSPI,35800,36350,5.76,4632,2026-06-09T16:09:55,,,
BYC우,001465,KOSPI,24750,24900,4.65,1330,2026-06-09T16:09:55,,,
삼부토건,001470,KOSPI,347,347,0.0,0,2026-06-09T16:09:55,,,
현대차증권,001500,KOSPI,9060,8820,5.47,187510,2026-06-09T16:09:55,,,
SK증권,001510,KOSPI,2985,2870,4.55,6509816,2026-06-09T16:09:55,,,
SK증권우,001515,KOSPI,5100,4950,2.0,16330,2026-06-09T16:09:55,,,
동양,001520,KOSPI,549,573,-3.35,3791898,2026-06-09T16:09:55,,,
동양우,001525,KOSPI,4600,4515,2.0,3926,2026-06-09T16:09:55,,,
동양2우B,001527,KOSPI,7180,7010,0.0,209,2026-06-09T16:09:55,,,
DI동일,001530,KOSPI,22300,22550,4.45,88064,2026-06-09T16:09:55,,,
조비,001550,KOSPI,10300,10280,2.79,32544,2026-06-09T16:09:55,,,
제일연마,001560,KOSPI,9640,9820,2.34,1538,2026-06-09T16:09:55,,,
금양,001570,KOSPI,9900,9900,0.0,0,2026-06-09T16:09:55,,,
케이비아이동국실업,001620,KOSPI,2415,2315,7.57,123315,2026-06-09T16:09:55,,,
종근당홀딩스,001630,KOSPI,40650,41250,0.25,10250,2026-06-09T16:09:55,,,
대상,001680,KOSPI,18090,17920,1.69,69217,2026-06-09T16:09:55,,,
대상우,001685,KOSPI,14540,14340,0.35,8572,2026-06-09T16:09:55,,,
SOL 중단기회사채(A-,000160,KOSPI,0,50980,0.0,0,,,,
신영증권,001720,KOSPI,171400,168200,2.7,20387,2026-06-09T16:09:55,,,
SK네트웍스,001740,KOSPI,14290,12950,0.85,54362802,2026-06-09T16:09:55,,,
한양증권,001750,KOSPI,21900,22100,4.04,16159,2026-06-09T16:09:55,,,
한양증권우,001755,KOSPI,22200,22250,-0.45,845,2026-06-09T16:09:55,,,
SHD,001770,KOSPI,13060,12900,-0.31,462,2026-06-09T16:09:55,,,
알루코,001780,KOSPI,1984,1938,3.33,701213,2026-06-09T16:09:55,,,
대한제당,001790,KOSPI,2425,2420,2.11,122340,2026-06-09T16:09:55,,,
대한제당우,001795,KOSPI,2120,2090,0.71,13998,2026-06-09T16:09:55,,,
1Q 종합채권(AA-이상),000170,KOSPI,0,93900,0.0,0,,,,
오리온홀딩스,001800,KOSPI,25300,25300,4.12,128140,2026-06-09T16:09:55,AI 보안 카메라 납품 2배 이상 증가,보안 강세 시 매수,정부 정책 변화
삼화콘덴서,001820,KOSPI,118500,109600,8.52,897681,2026-06-09T16:09:55,,,
KISCO홀딩스,001940,KOSPI,21200,23500,1.68,2778,2026-06-09T16:09:55,,,
TIME 미국나스닥100채,000190,KOSPI,0,14145,0.0,0,,,,
코오롱,002020,KOSPI,47600,48100,7.81,133732,2026-06-09T16:09:55,,,
코오롱우,002025,KOSPI,23150,23000,1.09,4889,2026-06-09T16:09:55,,,
아세아,002030,KOSPI,172500,177000,-0.75,5836,2026-06-09T16:09:55,,,
비비안,002070,KOSPI,6780,6810,-5.57,21727,2026-06-09T16:09:55,,,
KoAct 글로벌양자컴퓨,000200,KOSPI,0,27530,0.0,0,,,,
경농,002100,KOSPI,9000,9000,1.01,29528,2026-06-09T16:09:55,,,
고려산업,002140,KOSPI,1928,1906,1.9,80852,2026-06-09T16:09:55,,,
도화엔지니어링,002150,KOSPI,5150,5070,2.18,38933,2026-06-09T16:09:55,,,
SYTS,002170,KOSPI,49650,49550,0.4,1389,2026-06-09T16:09:55,,,
한국수출포장,002200,KOSPI,2555,2505,-3.58,77704,2026-06-09T16:09:55,,,
동성제약,002210,KOSPI,973,973,0.0,0,2026-06-09T16:09:55,,,
한일철강,002220,KOSPI,5680,5870,7.78,584594,2026-06-09T16:09:55,,,
고려제강,002240,KOSPI,18590,18330,3.91,22686,2026-06-09T16:09:55,,,
아세아제지,002310,KOSPI,7250,7360,3.57,133513,2026-06-09T16:09:55,,,
한진,002320,KOSPI,16050,16000,2.88,24466,2026-06-09T16:09:55,,,
넥센타이어,002350,KOSPI,7040,6920,6.18,317788,2026-06-09T16:09:55,,,
넥센타이어1우B,002355,KOSPI,3990,3955,2.7,12485,2026-06-09T16:09:55,,,
SH에너지화학,002360,KOSPI,1943,1948,2.7,72483,2026-06-09T16:09:55,,,
KCC,002380,KOSPI,498000,488500,2.05,31693,2026-06-09T16:09:55,,,
한독,002390,KOSPI,7700,7830,1.32,10302,2026-06-09T16:09:55,,,
범양건영,002410,KOSPI,1935,1935,0.0,0,2026-06-09T16:09:55,,,
세기상사,002420,KOSPI,5260,5300,0.0,79086,2026-06-09T16:09:55,,,
삼익악기,002450,KOSPI,1289,1266,3.12,456770,2026-06-09T16:09:55,,,
HS화성,002460,KOSPI,10190,10150,0.89,15974,2026-06-09T16:09:55,,,
TIGER TDF2045 적격,000250,KOSPI,242500,12560,1.46,318212,2026-06-09T16:09:55,,,
조흥,002600,KOSPI,135900,136200,0.22,65,2026-06-09T16:09:55,,,
제일파마홀딩스,002620,KOSPI,7150,6990,-2.19,8337,2026-06-09T16:09:55,,,
오리엔트바이오,002630,KOSPI,783,857,-18.94,1165410,2026-06-09T16:09:55,,,
동일제강,002690,KOSPI,1330,1318,-0.45,82534,2026-06-09T16:09:55,,,
KODEX 미국S&P500버퍼,000260,KOSPI,0,12400,0.0,0,,,,
신일전자,002700,KOSPI,1151,1138,2.31,481101,2026-06-09T16:09:55,,,
TCC스틸,002710,KOSPI,11990,11950,3.1,107611,2026-06-09T16:09:55,,,
국제약품,002720,KOSPI,3320,3400,3.75,61487,2026-06-09T16:09:55,,,
보락,002760,KOSPI,936,912,7.96,171034,2026-06-09T16:09:55,,,
진흥기업,002780,KOSPI,909,885,6.32,1180616,2026-06-09T16:09:55,,,
진흥기업우B,002785,KOSPI,3060,2960,-3.62,396,2026-06-09T16:09:55,,,
진흥기업2우B,002787,KOSPI,8000,8030,2.3,126,2026-06-09T16:09:55,,,
아모레퍼시픽홀딩스,002790,KOSPI,22750,23150,6.56,185418,2026-06-09T16:09:55,,,
아모레퍼시픽홀딩스우,002795,KOSPI,10460,10480,3.16,16411,2026-06-09T16:09:55,,,
아모레퍼시픽홀딩스3,000279,KOSPI,0,19900,0.0,0,,,,
삼영무역,002810,KOSPI,21800,22050,3.32,22181,2026-06-09T16:09:55,,,
SUN&L,002820,KOSPI,1973,1945,-0.1,37511,2026-06-09T16:09:55,,,
미원상사,002840,KOSPI,116000,119200,-1.28,4784,2026-06-09T16:09:55,,,
신풍,002870,KOSPI,880,859,-4.14,180658,2026-06-09T16:09:55,,,
디와이에이,002880,KOSPI,776,752,4.3,81902,2026-06-09T16:09:55,,,
KODEX 미국금융테크액,000280,KOSPI,0,11165,0.0,0,,,,
TYM,002900,KOSPI,6130,6000,3.9,314548,2026-06-09T16:09:55,,,
유성기업,002920,KOSPI,1661,1671,0.85,16374,2026-06-09T16:09:55,,,
한국쉘석유,002960,KOSPI,485500,492500,-0.21,929,2026-06-09T16:09:55,,,
금호건설,002990,KOSPI,3675,3710,1.52,132228,2026-06-09T16:09:55,,,
금호건설우,002995,KOSPI,11840,11780,2.78,3416,2026-06-09T16:09:55,,,
부광약품,003000,KOSPI,4225,4245,3.3,585617,2026-06-09T16:09:55,,,
혜인,003010,KOSPI,4885,4800,3.5,119157,2026-06-09T16:09:55,,,
세아제강지주,003030,KOSPI,133900,135600,-3.88,34086,2026-06-09T16:09:55,,,
에이프로젠바이오로직,003060,KOSPI,2610,2550,0.97,67007,2026-06-09T16:09:55,,,
코오롱글로벌,003070,KOSPI,8750,8660,1.74,16837,2026-06-09T16:09:55,,,
코오롱글로벌우,003075,KOSPI,12280,12130,4.07,648,2026-06-09T16:09:55,,,
SB성보,003080,KOSPI,2285,2210,5.3,126543,2026-06-09T16:09:55,,,
대웅,003090,KOSPI,16700,17090,0.54,66972,2026-06-09T16:09:55,,,
일성아이에스,003120,KOSPI,19240,19250,5.14,18842,2026-06-09T16:09:55,,,
디아이,003160,KOSPI,28050,27600,19.36,437981,2026-06-09T16:09:55,,,
일신방직,003200,KOSPI,10280,10630,6.86,34723,2026-06-09T16:09:55,,,
대원제약,003220,KOSPI,10540,9780,-15.0,830411,2026-06-09T16:09:55,,,
삼양식품,003230,KOSPI,1110000,1136000,3.84,47580,2026-06-09T16:09:55,,,
태광산업,003240,KOSPI,890000,905000,8.27,3214,2026-06-09T16:09:55,,,
흥아해운,003280,KOSPI,1880,1860,-0.69,5015376,2026-06-09T16:09:55,,,
한일홀딩스,003300,KOSPI,16090,16080,0.44,16402,2026-06-09T16:09:55,,,
한국화장품제조,003350,KOSPI,8340,8330,7.89,95602,2026-06-09T16:09:55,,,
유화증권,003460,KOSPI,3065,3050,6.61,80515,2026-06-09T16:09:55,,,
유화증권우,003465,KOSPI,2930,2890,4.64,2556,2026-06-09T16:09:55,,,
유안타증권,003470,KOSPI,4965,4835,5.75,601131,2026-06-09T16:09:55,,,
유안타증권우,003475,KOSPI,4030,4020,3.73,19138,2026-06-09T16:09:55,,,
한진중공업홀딩스,003480,KOSPI,4900,4810,4.48,43773,2026-06-09T16:09:55,,,
대한항공,003490,KOSPI,24850,25450,4.41,1827147,2026-06-09T16:09:55,,,
대한항공우,003495,KOSPI,21450,21500,0.0,2667,2026-06-09T16:09:55,,,
영진약품,003520,KOSPI,1242,1235,2.39,230235,2026-06-09T16:09:55,,,
한화투자증권,003530,KOSPI,5660,5440,5.2,1729164,2026-06-09T16:09:55,,,
한화투자증권우,003535,KOSPI,6550,6490,2.34,16475,2026-06-09T16:09:55,,,
대신증권,003540,KOSPI,29550,29000,6.29,96547,2026-06-09T16:09:55,,,
대신증권우,003545,KOSPI,20050,20000,3.46,60731,2026-06-09T16:09:55,,,
대신증권2우B,003547,KOSPI,19340,19340,2.17,28104,2026-06-09T16:09:55,,,
LG,003550,KOSPI,112600,108700,-1.14,1059543,2026-06-09T16:09:55,,,
LG우,003555,KOSPI,69800,68300,-0.57,29235,2026-06-09T16:09:55,,,
SNT다이내믹스,003570,KOSPI,39800,42300,-0.5,75848,2026-06-09T16:09:55,,,
HLB글로벌,003580,KOSPI,1485,1495,3.05,135394,2026-06-09T16:09:55,,,
PLUS 글로벌휴머노이,000350,KOSPI,0,22745,0.0,0,,,,
방림,003610,KOSPI,5150,5200,1.78,62762,2026-06-09T16:09:55,,,
KG모빌리티,003620,KOSPI,3150,3160,11.5,1221416,2026-06-09T16:09:55,,,
미창석유,003650,KOSPI,119600,119600,0.59,1732,2026-06-09T16:09:55,,,
포스코퓨처엠,003670,KOSPI,193000,187600,2.82,287081,2026-06-09T16:09:55,,,
한성기업,003680,KOSPI,4445,4435,3.86,11357,2026-06-09T16:09:55,,,
코리안리,003690,KOSPI,13440,13080,5.33,847785,2026-06-09T16:09:55,,,
TIME 미국배당다우존,000360,KOSPI,0,13280,0.0,0,,,,
삼영,003720,KOSPI,8360,8170,6.63,576974,2026-06-09T16:09:55,,,
진양산업,003780,KOSPI,5090,5230,8.18,287583,2026-06-09T16:09:55,,,
대한화섬,003830,KOSPI,113100,113500,1.43,249,2026-06-09T16:09:55,,,
보령,003850,KOSPI,8340,8250,5.3,229050,2026-06-09T16:09:55,,,
KODEX 미국휴머노이드,000380,KOSPI,0,17770,0.0,0,,,,
남양유업,003920,KOSPI,43850,42000,1.39,32101,2026-06-09T16:09:55,,,
남양유업우,003925,KOSPI,32500,33250,4.0,6160,2026-06-09T16:09:55,,,
사조대림,003960,KOSPI,26050,25400,4.2,7469,2026-06-09T16:09:55,,,
롯데정밀화학,004000,KOSPI,47000,46550,3.75,69877,2026-06-09T16:09:55,,,
현대제철,004020,KOSPI,33450,33250,0.45,741423,2026-06-09T16:09:55,,,
SG세계물산,004060,KOSPI,2890,2870,4.14,148914,2026-06-09T16:09:55,,,
신흥,004080,KOSPI,13690,13650,0.66,15416,2026-06-09T16:09:55,,,
한국석유,004090,KOSPI,11820,11930,-0.17,209125,2026-06-09T16:09:55,,,
태양금속,004100,KOSPI,3065,2915,8.11,4383500,2026-06-09T16:09:55,,,
태양금속우,004105,KOSPI,3710,3600,4.8,205236,2026-06-09T16:09:55,,,
동방,004140,KOSPI,1914,1883,2.9,282728,2026-06-09T16:09:55,,,
한솔홀딩스,004150,KOSPI,3545,3405,2.75,180091,2026-06-09T16:09:55,,,
신세계,004170,KOSPI,624000,685000,9.09,142971,2026-06-09T16:09:55,,,
KODEX 미국AI소프트웨,000410,KOSPI,0,13510,0.0,0,,,,
NPC,004250,KOSPI,2995,3140,3.28,40612,2026-06-09T16:09:55,,,
NPC우,004255,KOSPI,1993,2050,1.17,7243,2026-06-09T16:09:55,,,
남성,004270,KOSPI,7050,6940,-0.28,11840,2026-06-09T16:09:55,,,
현대약품,004310,KOSPI,5800,5590,5.26,279747,2026-06-09T16:09:55,,,
세방,004360,KOSPI,13050,13400,1.16,38639,2026-06-09T16:09:55,,,
세방우,004365,KOSPI,9350,9300,-0.43,4457,2026-06-09T16:09:55,,,
농심,004370,KOSPI,375000,362500,1.49,19570,2026-06-09T16:09:55,,,
삼익THK,004380,KOSPI,9000,8870,-2.17,145140,2026-06-09T16:09:55,,,
서울식품,004410,KOSPI,1010,1009,-0.98,384326,2026-06-09T16:09:55,,,
서울식품우,004415,KOSPI,7670,7270,-5.31,1800,2026-06-09T16:09:55,,,
송원산업,004430,KOSPI,10100,10160,5.98,138287,2026-06-09T16:09:55,,,
삼일씨엔에스,004440,KOSPI,4545,4640,2.83,19806,2026-06-09T16:09:55,,,
삼화왕관,004450,KOSPI,24800,24700,1.64,229,2026-06-09T16:09:55,,,
세방전지,004490,KOSPI,52000,52500,4.31,49490,2026-06-09T16:09:55,,,
깨끗한나라,004540,KOSPI,1621,1565,-0.06,53357,2026-06-09T16:09:55,,,
깨끗한나라우,004545,KOSPI,9480,8000,-0.21,55,2026-06-09T16:09:55,,,
현대비앤지스틸,004560,KOSPI,12590,12500,4.05,82268,2026-06-09T16:09:55,,,
삼천리,004690,KOSPI,119900,117100,2.3,9533,2026-06-09T16:09:55,,,
TIGER 미국초단기(3개,000460,KOSPI,0,10540,0.0,0,,,,
조광피혁,004700,KOSPI,61000,60800,0.83,4718,2026-06-09T16:09:55,,,
한솔테크닉스,004710,KOSPI,10620,10840,5.15,1788477,2026-06-09T16:09:55,,,
팜젠사이언스,004720,KOSPI,3090,3110,2.83,44556,2026-06-09T16:09:55,,,
써니전자,004770,KOSPI,1670,1630,5.16,221626,2026-06-09T16:09:55,,,
TIGER 차이나테크TOP1,000470,KOSPI,0,14945,0.0,0,,,,
효성,004800,KOSPI,175500,180500,3.78,32579,2026-06-09T16:09:55,,,
덕성,004830,KOSPI,3575,3530,4.23,74378,2026-06-09T16:09:55,,,
덕성우,004835,KOSPI,5250,5030,0.0,7122,2026-06-09T16:09:55,,,
DRB동일,004840,KOSPI,4280,4315,4.26,24019,2026-06-09T16:09:55,,,
티웨이홀딩스,004870,KOSPI,280,279,-1.06,7636920,2026-06-09T16:09:55,,,
동일산업,004890,KOSPI,35550,35800,-1.25,770,2026-06-09T16:09:55,,,
조광페인트,004910,KOSPI,3500,3400,3.24,27389,2026-06-09T16:09:55,,,
씨아이테크,004920,KOSPI,982,979,3.26,233642,2026-06-09T16:09:55,,,
한신공영,004960,KOSPI,10400,10070,3.17,44739,2026-06-09T16:09:55,,,
신라교역,004970,KOSPI,9130,9120,1.78,13503,2026-06-09T16:09:55,,,
성신양회,004980,KOSPI,8040,8020,1.77,102065,2026-06-09T16:09:55,,,
성신양회우,004985,KOSPI,10100,10140,0.1,3119,2026-06-09T16:09:55,,,
롯데지주,004990,KOSPI,26150,25700,8.28,324225,2026-06-09T16:09:55,,,
롯데지주우,000499,KOSPI,0,24100,0.0,0,,,,
휴스틸,005010,KOSPI,4600,4655,-1.29,475145,2026-06-09T16:09:55,,,
부산주공,005030,KOSPI,486,486,0.0,0,2026-06-09T16:09:55,,,
코스모신소재,005070,KOSPI,43000,41650,5.78,159375,2026-06-09T16:09:55,,,
SGC에너지,005090,KOSPI,50500,51500,8.14,149106,2026-06-09T16:09:55,,,
한창,005110,KOSPI,1254,1254,0.0,0,2026-06-09T16:09:55,,,
빙그레,005180,KOSPI,68200,67100,2.71,26084,2026-06-09T16:09:55,,,
KoAct 브로드컴밸류체,000510,KOSPI,0,26645,0.0,0,,,,
녹십자홀딩스,005250,KOSPI,9870,10180,1.96,222747,2026-06-09T16:09:55,,,
녹십자홀딩스2우,005257,KOSPI,20300,20150,-0.25,788,2026-06-09T16:09:55,,,
롯데칠성,005300,KOSPI,105000,102000,0.29,27530,2026-06-09T16:09:55,,,
롯데칠성우,005305,KOSPI,68500,68500,3.01,1596,2026-06-09T16:09:55,,,
온타이드,005320,KOSPI,1108,1109,3.94,220535,2026-06-09T16:09:55,,,
모나미,005360,KOSPI,1309,1310,2.03,20186,2026-06-09T16:09:55,,,
현대차,005380,KOSPI,639000,602000,0.0,1610713,2026-06-09T16:09:55,"수소차 누적 판매 50만대, 미래 먹거리 확보","230,000원 이상 시 매수",자동차 산업 정책 변화
현대차우,005385,KOSPI,246500,240000,3.79,96931,2026-06-09T16:09:55,,,
현대차2우B,005387,KOSPI,247500,238000,3.12,126487,2026-06-09T16:09:55,,,
현대차3우B,005389,KOSPI,237000,227500,3.04,14406,2026-06-09T16:09:55,,,
TIGER 차이나휴머노이,000530,KOSPI,0,12870,0.0,0,,,,
코스모화학,005420,KOSPI,11630,11440,7.19,164769,2026-06-09T16:09:55,,,
한국공항,005430,KOSPI,71200,73500,3.34,27841,2026-06-09T16:09:55,,,
현대지에프홀딩스,005440,KOSPI,13250,13170,10.14,285316,2026-06-09T16:09:55,,,
POSCO홀딩스,005490,KOSPI,364500,363000,1.53,503818,2026-06-09T16:09:55,차세대 전기강판 공급 확대로 자동차사 주문 급증,"80,000원 이상 강세 추종",철강 가격 변동성
삼진제약,005500,KOSPI,19200,18780,2.73,116908,2026-06-09T16:09:55,,,
삼립,005610,KOSPI,40600,39700,2.78,8383,2026-06-09T16:09:55,,,
삼영전자,005680,KOSPI,12580,12570,3.45,51233,2026-06-09T16:09:55,,,
파미셀,005690,KOSPI,13120,13300,8.97,592378,2026-06-09T16:09:55,,,
넥센,005720,KOSPI,6100,5940,4.81,49013,2026-06-09T16:09:55,,,
넥센우,005725,KOSPI,4300,4270,0.82,3189,2026-06-09T16:09:55,,,
크라운해태홀딩스,005740,KOSPI,5720,5610,1.42,41990,2026-06-09T16:09:55,,,
크라운해태홀딩스우,005745,KOSPI,6090,5940,-3.18,3932,2026-06-09T16:09:55,,,
대림바스,005750,KOSPI,4370,4370,2.58,36447,2026-06-09T16:09:55,,,
PLUS 미국S&P500미국,000570,KOSPI,0,12575,0.0,0,,,,
신영와코루,005800,KOSPI,13200,13220,0.23,1924,2026-06-09T16:09:55,,,
풍산홀딩스,005810,KOSPI,35800,35650,1.7,36671,2026-06-09T16:09:55,,,
원림,005820,KOSPI,13660,13710,-1.09,1123,2026-06-09T16:09:55,,,
DB손해보험,005830,KOSPI,143800,142500,5.58,439597,2026-06-09T16:09:55,,,
에스엘,005850,KOSPI,65200,63500,2.03,184770,2026-06-09T16:09:55,,,
휴니드,005870,KOSPI,5540,5500,1.65,85115,2026-06-09T16:09:55,,,
대한해운,005880,KOSPI,1937,1920,2.49,3351194,2026-06-09T16:09:55,,,
삼성전자,005930,KOSPI,322000,302500,8.97,30124249,2026-06-09T16:09:55,"GPU 메모리 공급 급증 수혜, 분기 실적 개선","280,000원 돌파 시 매수",글로벌 경제 둔화 리스크
삼성전자우,005935,KOSPI,203500,191500,5.71,5316432,2026-06-09T16:09:55,,,
NH투자증권,005940,KOSPI,31250,30500,6.11,790675,2026-06-09T16:09:55,,,
NH투자증권우,005945,KOSPI,24150,24050,2.77,54156,2026-06-09T16:09:55,,,
이수화학,005950,KOSPI,11620,12310,5.73,639331,2026-06-09T16:09:55,,,
동부건설,005960,KOSPI,6020,6110,3.44,40350,2026-06-09T16:09:55,,,
동부건설우,005965,KOSPI,15500,15650,1.57,292,2026-06-09T16:09:55,,,
동원산업,006040,KOSPI,32550,32400,0.77,128371,2026-06-09T16:09:55,,,
화승인더,006060,KOSPI,2670,2635,3.49,88284,2026-06-09T16:09:55,,,
사조오양,006090,KOSPI,8160,8080,2.64,4393,2026-06-09T16:09:55,,,
TIGER 토탈월드스탁액,000600,KOSPI,0,13500,0.0,0,,,,
삼아알미늄,006110,KOSPI,61600,61100,-2.22,577428,2026-06-09T16:09:55,,,
SK디스커버리,006120,KOSPI,44550,44700,3.36,23391,2026-06-09T16:09:55,,,
SK디스커버리우,006125,KOSPI,37250,37300,2.62,1710,2026-06-09T16:09:55,,,
RISE 단기특수은행채,000610,KOSPI,0,50660,0.0,0,,,,
한국전자홀딩스,006200,KOSPI,2350,2315,4.44,83732,2026-06-09T16:09:55,,,
제주은행,006220,KOSPI,11130,12750,7.54,2218860,2026-06-09T16:09:55,,,
LS,006260,KOSPI,387500,390000,4.45,194662,2026-06-09T16:09:55,,,
녹십자,006280,KOSPI,123300,122100,3.88,30840,2026-06-09T16:09:55,,,
대원전선,006340,KOSPI,10240,10000,4.49,2161709,2026-06-09T16:09:55,,,
대원전선우,006345,KOSPI,10210,9890,6.91,418269,2026-06-09T16:09:55,,,
GS건설,006360,KOSPI,26450,26800,3.32,803314,2026-06-09T16:09:55,,,
대구백화점,006370,KOSPI,4985,5200,3.32,42689,2026-06-09T16:09:55,,,
카프로,006380,KOSPI,3660,3660,0.0,0,2026-06-09T16:09:55,,,
삼성SDI,006400,KOSPI,515000,496500,2.39,590666,2026-06-09T16:09:55,AI 서버 배터리 매출 3배 성장 기대,기술주 강세 시 매수,2차전지 수급 변수
삼성SDI우,006405,KOSPI,240000,233500,5.26,7091,2026-06-09T16:09:55,,,
인스코비,006490,KOSPI,292,301,-1.68,398172,2026-06-09T16:09:55,,,
대림통상,006570,KOSPI,1840,1840,-3.21,16860,2026-06-09T16:09:55,,,
대한유화,006650,KOSPI,118600,119600,6.08,32715,2026-06-09T16:09:55,,,
삼성공조,006660,KOSPI,12270,11400,2.85,1046035,2026-06-09T16:09:55,,,
블루산업개발,006740,KOSPI,5550,5550,0.0,0,2026-06-09T16:09:55,,,
미래에셋증권,006800,KOSPI,51500,51200,3.52,3230522,2026-06-09T16:09:55,,,
미래에셋증권우,006805,KOSPI,14800,15140,3.42,83983,2026-06-09T16:09:55,,,
AK홀딩스,006840,KOSPI,6870,6380,10.99,21092,2026-06-09T16:09:55,,,
신송홀딩스,006880,KOSPI,5170,5090,3.5,34887,2026-06-09T16:09:55,,,
태경케미컬,006890,KOSPI,6430,6380,0.47,88294,2026-06-09T16:09:55,,,
우성,006980,KOSPI,17670,17650,0.63,2945,2026-06-09T16:09:55,,,
1Q 미국나스닥100,000690,KOSPI,0,14635,0.0,0,,,,
GS리테일,007070,KOSPI,23400,23300,2.41,141656,2026-06-09T16:09:55,,,
일신석재,007110,KOSPI,1018,1027,0.3,534816,2026-06-09T16:09:55,,,
미래아이앤지,007120,KOSPI,1235,1249,1.31,47626,2026-06-09T16:09:55,,,
사조산업,007160,KOSPI,43500,42150,4.82,5844,2026-06-09T16:09:55,,,
벽산,007210,KOSPI,1580,1540,1.67,198641,2026-06-09T16:09:55,,,
한국특강,007280,KOSPI,2180,2180,4.81,46199,2026-06-09T16:09:55,,,
오뚜기,007310,KOSPI,319000,316500,-0.31,5121,2026-06-09T16:09:55,,,
DN오토모티브,007340,KOSPI,39800,39650,4.74,110403,2026-06-09T16:09:55,,,
FOCUS 알리바바미국채,000730,KOSPI,0,10370,0.0,0,,,,
에이프로젠,007460,KOSPI,3185,3100,4.43,373573,2026-06-09T16:09:55,,,
KoAct K수출핵심기업T,000740,KOSPI,0,19830,0.0,0,,,,
샘표,007540,KOSPI,42250,41950,3.55,11169,2026-06-09T16:09:55,,,
일양약품,007570,KOSPI,8070,8040,3.2,39230,2026-06-09T16:09:55,,,
일양약품우,007575,KOSPI,7510,7540,4.31,579,2026-06-09T16:09:55,,,
동방아그로,007590,KOSPI,5840,5820,0.17,3709,2026-06-09T16:09:55,,,
선도전기,007610,KOSPI,5690,5280,3.08,472615,2026-06-09T16:09:55,,,
이수페타시스,007660,KOSPI,115800,113000,9.56,1043287,2026-06-09T16:09:55,,,
국도화학,007690,KOSPI,31250,31250,3.82,9362,2026-06-09T16:09:55,,,
F&F홀딩스,007700,KOSPI,16070,16710,5.38,30651,2026-06-09T16:09:55,,,
코리아써키트,007810,KOSPI,120300,115700,13.92,448757,2026-06-09T16:09:55,,,
코리아써우,007815,KOSPI,23050,23700,11.89,2009,2026-06-09T16:09:55,,,
코리아써키트2우B,000781,KOSPI,0,19890,0.0,0,,,,
서연,007860,KOSPI,8230,8230,5.51,54818,2026-06-09T16:09:55,,,
PLUS 미국로보택시,000780,KOSPI,0,10910,0.0,0,,,,
TP,007980,KOSPI,1734,1730,5.03,238402,2026-06-09T16:09:55,,,
ACE BYD밸류체인액티,000790,KOSPI,0,11510,0.0,0,,,,
사조동아원,008040,KOSPI,920,882,2.91,291192,2026-06-09T16:09:55,,,
대덕,008060,KOSPI,19410,19040,5.78,124278,2026-06-09T16:09:55,,,
대덕1우,000806,KOSPI,0,12000,0.0,0,,,,
KODEX 방산TOP10,000800,KOSPI,4145,11770,-100.0,0,2026-06-09T16:09:55,,,
이건산업,008250,KOSPI,2675,2685,0.38,49650,2026-06-09T16:09:55,,,
NI스틸,008260,KOSPI,2965,2985,4.04,50754,2026-06-09T16:09:55,,,
HANARO 유럽방산,000820,KOSPI,0,10700,0.0,0,,,,
남선알미늄,008350,KOSPI,1283,1268,-1.23,1838744,2026-06-09T16:09:55,,,
남선알미우,008355,KOSPI,10020,10360,-1.96,690,2026-06-09T16:09:55,,,
1Q 미국메디컬AI,000830,KOSPI,0,10315,0.0,0,,,,
문배철강,008420,KOSPI,2130,2400,9.62,214928,2026-06-09T16:09:55,,,
서흥,008490,KOSPI,18570,18000,6.24,25524,2026-06-09T16:09:55,,,
KIWOOM 미국테크100월,000840,KOSPI,0,12695,0.0,0,,,,
일정실업,008500,KOSPI,1293,917,-29.99,1239123,2026-06-09T16:09:55,,,
윌비스,008600,KOSPI,2620,2620,0.0,0,2026-06-09T16:09:55,,,
아남전자,008700,KOSPI,1197,1194,1.53,547758,2026-06-09T16:09:55,,,
율촌화학,008730,KOSPI,17210,17260,7.23,96905,2026-06-09T16:09:55,,,
호텔신라,008770,KOSPI,55200,56100,7.18,383976,2026-06-09T16:09:55,,,
호텔신라우,008775,KOSPI,32950,31950,3.78,2580,2026-06-09T16:09:55,,,
ACE 차이나AI빅테크TO,000870,KOSPI,0,13270,0.0,0,,,,
금비,008870,KOSPI,41050,40900,-0.48,733,2026-06-09T16:09:55,,,
한미사이언스,008930,KOSPI,29700,29500,4.39,80306,2026-06-09T16:09:55,,,
KBI동양철관,008970,KOSPI,1303,1343,2.76,745203,2026-06-09T16:09:55,,,
KCTC,009070,KOSPI,4330,4240,3.1,157373,2026-06-09T16:09:55,,,
PLUS K방산소부장,000900,KOSPI,0,9385,0.0,0,,,,
경인전자,009140,KOSPI,26950,26400,3.45,3820,2026-06-09T16:09:55,,,
삼성전기,009150,KOSPI,1970000,1805000,18.39,1650596,2026-06-09T16:09:55,,,
삼성전기우,009155,KOSPI,643000,586000,18.85,106213,2026-06-09T16:09:55,,,
SIMPAC,009160,KOSPI,4525,4430,0.56,161064,2026-06-09T16:09:55,,,
한솔로지스틱스,009180,KOSPI,2700,2695,5.26,80049,2026-06-09T16:09:55,,,
대양금속,009190,KOSPI,2080,1932,-5.45,1829730,2026-06-09T16:09:55,,,
무림페이퍼,009200,KOSPI,1550,1457,8.62,332284,2026-06-09T16:09:55,,,
한샘,009240,KOSPI,29900,32200,4.73,34016,2026-06-09T16:09:55,,,
신원,009270,KOSPI,1061,1054,2.71,571149,2026-06-09T16:09:55,,,
광동제약,009290,KOSPI,6240,6140,2.97,170209,2026-06-09T16:09:55,,,
SOL 한국원자력SMR,000920,KOSPI,0,16810,0.0,0,,,,
참엔지니어링,009310,KOSPI,5330,5330,0.0,0,2026-06-09T16:09:55,,,
아진전자부품,009320,KOSPI,911,909,0.22,138584,2026-06-09T16:09:55,,,
RISE AI반도체TOP10,000930,KOSPI,0,37845,0.0,0,,,,
태영건설,009410,KOSPI,1622,1660,3.31,192359,2026-06-09T16:09:55,,,
태영건설우,009415,KOSPI,8320,8010,13.51,31374,2026-06-09T16:09:55,,,
한올바이오파마,009420,KOSPI,52200,50100,3.57,370212,2026-06-09T16:09:55,,,
KC그린홀딩스,009440,KOSPI,756,756,0.0,0,2026-06-09T16:09:55,,,
경동나비엔,009450,KOSPI,69400,67800,7.43,45734,2026-06-09T16:09:55,,,
한창제지,009460,KOSPI,2145,2315,3.62,71710,2026-06-09T16:09:55,,,
삼화전기,009470,KOSPI,31800,30000,7.98,74671,2026-06-09T16:09:55,,,
TIGER 28-04 회사채(A,000940,KOSPI,0,98625,0.0,0,,,,
HD한국조선해양,009540,KOSPI,362500,385500,1.12,253265,2026-06-09T16:09:55,,,
무림P&P,009580,KOSPI,1777,1748,2.42,247975,2026-06-09T16:09:55,,,
모토닉,009680,KOSPI,10100,9990,4.12,44531,2026-06-09T16:09:55,,,
삼정펄프,009770,KOSPI,25600,25600,-0.39,1272,2026-06-09T16:09:55,,,
플레이그램,009810,KOSPI,1794,1810,0.67,13650,2026-06-09T16:09:55,,,
한화솔루션,009830,KOSPI,35550,36600,2.3,1071929,2026-06-09T16:09:55,,,
한화솔루션우,009835,KOSPI,20300,20050,5.18,9457,2026-06-09T16:09:55,,,
KODEX 원자력SMR,000980,KOSPI,0,17200,0.0,0,,,,
명신산업,009900,KOSPI,8240,8150,3.26,173305,2026-06-09T16:09:55,,,
영원무역홀딩스,009970,KOSPI,182400,185500,5.74,15392,2026-06-09T16:09:55,,,
한국내화,010040,KOSPI,1500,1493,-3.23,67177,2026-06-09T16:09:55,,,
OCI홀딩스,010060,KOSPI,256000,263500,-2.66,466625,2026-06-09T16:09:55,,,
KODEX 방산TOP10레버,001000,KOSPI,1347,9410,-16.95,3831094,2026-06-09T16:09:55,,,
한국무브넥스,010100,KOSPI,3760,3670,3.3,132046,2026-06-09T16:09:55,,,
LS ELECTRIC,010120,KOSPI,219500,236000,5.53,919923,2026-06-09T16:09:55,,,
고려아연,010130,KOSPI,1212000,1186000,5.48,22270,2026-06-09T16:09:55,,,
삼성중공업,010140,KOSPI,25850,26000,-0.96,5590102,2026-06-09T16:09:55,,,
RISE AI전력인프라,001010,KOSPI,0,21460,0.0,0,,,,
1Q K소버린AI,001030,KOSPI,0,9500,0.0,0,,,,
우진아이엔에스,010400,KOSPI,3580,3740,-0.56,4860,2026-06-09T16:09:55,,,
에스엠벡셀,010580,KOSPI,2125,2075,4.42,181831,2026-06-09T16:09:55,,,
SOL 한국AI소프트웨어,001050,KOSPI,0,10925,0.0,0,,,,
진양폴리,010640,KOSPI,1988,2105,4.36,156301,2026-06-09T16:09:55,,,
화천기계,010660,KOSPI,2765,2740,-1.78,392969,2026-06-09T16:09:55,,,
화신,010690,KOSPI,10270,10340,-10.62,1940449,2026-06-09T16:09:55,,,
평화홀딩스,010770,KOSPI,4075,4200,-3.09,55832,2026-06-09T16:09:55,,,
아이에스동서,010780,KOSPI,24900,24400,2.47,54735,2026-06-09T16:09:55,,,
퍼스텍,010820,KOSPI,7710,8070,1.45,763768,2026-06-09T16:09:55,,,
S-Oil,010950,KOSPI,110900,110800,2.21,407011,2026-06-09T16:09:55,,,
S-Oil우,010955,KOSPI,52400,53200,1.95,8413,2026-06-09T16:09:55,,,
삼호개발,010960,KOSPI,3060,3055,2.17,25420,2026-06-09T16:09:55,,,
진원생명과학,011000,KOSPI,965,917,-1.53,2469119,2026-06-09T16:09:55,,,
LG이노텍,011070,KOSPI,1137000,1090000,3.84,753937,2026-06-09T16:09:55,,,
에넥스,011090,KOSPI,1306,1325,-2.54,64712,2026-06-09T16:09:55,,,
CJ씨푸드,011150,KOSPI,2045,2015,3.86,81358,2026-06-09T16:09:55,,,
CJ씨푸드1우,011155,KOSPI,9550,9700,0.63,349,2026-06-09T16:09:55,,,
롯데케미칼,011170,KOSPI,76300,74900,3.81,135229,2026-06-09T16:09:55,,,
HANARO 증권고배당TOP,001110,KOSPI,0,15710,0.0,0,,,,
HMM,011200,KOSPI,19030,18380,2.04,1307905,2026-06-09T16:09:55,,,
현대위아,011210,KOSPI,74600,72600,3.47,188327,2026-06-09T16:09:55,,,
삼화전자,011230,KOSPI,2335,2195,-0.64,827749,2026-06-09T16:09:55,,,
태림포장,011280,KOSPI,1797,1790,-1.53,116678,2026-06-09T16:09:55,,,
우성머티리얼스,011300,KOSPI,2445,2550,1.88,27611,2026-06-09T16:09:55,,,
유니켐,011330,KOSPI,431,425,-4.22,368437,2026-06-09T16:09:55,,,
부산산업,011390,KOSPI,45650,44850,1.22,5870,2026-06-09T16:09:55,,,
갤럭시아에스엠,011420,KOSPI,1361,1370,-0.29,66380,2026-06-09T16:09:55,,,
RISE 글로벌게임테크T,001140,KOSPI,0,8460,0.0,0,,,,
한농화성,011500,KOSPI,15750,15540,4.24,134794,2026-06-09T16:09:55,,,
RISE 미국고배당다우,001150,KOSPI,0,11875,0.0,0,,,,
와이투솔루션,011690,KOSPI,4320,4300,5.11,349350,2026-06-09T16:09:55,,,
한신기계,011700,KOSPI,2760,2665,3.18,341359,2026-06-09T16:09:55,,,
현대코퍼레이션,011760,KOSPI,24350,24100,2.96,45835,2026-06-09T16:09:55,,,
금호석유화학,011780,KOSPI,120800,120000,1.43,70471,2026-06-09T16:09:55,,,
금호석유화학우,011785,KOSPI,51700,51000,1.17,9369,2026-06-09T16:09:55,,,
SKC,011790,KOSPI,135500,124100,5.86,557156,2026-06-09T16:09:55,,,
KODEX 26-12 금융채(A,001170,KOSPI,0,10090,0.0,0,,,,
STX,011810,KOSPI,3530,3530,0.0,0,2026-06-09T16:09:55,,,
SOL 미국넥스트테크TO,001180,KOSPI,0,13400,0.0,0,,,,
신성이엔지,011930,KOSPI,20600,19510,6.96,347370,2026-06-09T16:09:55,,,
KODEX 28-12 회사채(A,001190,KOSPI,0,9830,0.0,0,,,,
DB,012030,KOSPI,1858,1856,7.77,919569,2026-06-09T16:09:55,,,
영흥,012160,KOSPI,375,386,4.17,88591,2026-06-09T16:09:55,,,
아센디오,012170,KOSPI,1123,1071,-1.4,88712,2026-06-09T16:09:55,,,
계양전기,012200,KOSPI,6260,5860,0.81,374051,2026-06-09T16:09:55,,,
계양전기우,012205,KOSPI,10480,9230,-3.85,135337,2026-06-09T16:09:55,,,
영화금속,012280,KOSPI,821,823,1.11,104664,2026-06-09T16:09:55,,,
RISE 26-11 회사채(AA,001220,KOSPI,0,50645,0.0,0,,,,
경동인베스트,012320,KOSPI,48350,48450,3.53,6707,2026-06-09T16:09:55,,,
현대모비스,012330,KOSPI,595000,570000,-2.78,1196958,2026-06-09T16:09:55,,,
한화에어로스페이스,012450,KOSPI,1016000,1031000,0.99,201707,2026-06-09T16:09:55,우주발사체 성공으로 정부 투자 확대 기대,"상한가 추격 금지, 조정 후 매수",우주산업 정책 변화
더존비즈온,012510,KOSPI,120000,120000,-0.08,5370,2026-06-09T16:09:55,,,
경인양행,012610,KOSPI,4025,3985,2.42,316233,2026-06-09T16:09:55,,,
HDC,012630,KOSPI,19780,20450,5.38,60117,2026-06-09T16:09:55,,,
모나리자,012690,KOSPI,1622,1613,1.38,63560,2026-06-09T16:09:55,,,
에스원,012750,KOSPI,72000,71600,2.56,89947,2026-06-09T16:09:55,,,
대창,012800,KOSPI,1278,1252,3.65,844702,2026-06-09T16:09:55,,,
PLUS 차이나항셍테크,001280,KOSPI,0,8055,0.0,0,,,,
세우글로벌,013000,KOSPI,1269,1260,4.44,135038,2026-06-09T16:09:55,,,
SOL 차이나소비트렌드,001310,KOSPI,0,9200,0.0,0,,,,
KoAct 글로벌K컬처밸,001320,KOSPI,0,9305,0.0,0,,,,
일성건설,013360,KOSPI,1197,1160,1.53,80348,2026-06-09T16:09:55,,,
TIGER 차이나증권,001330,KOSPI,0,8715,0.0,0,,,,
화승코퍼레이션,013520,KOSPI,2360,2355,8.01,134864,2026-06-09T16:09:55,,,
디와이,013570,KOSPI,3795,3795,4.4,57873,2026-06-09T16:09:55,,,
계룡건설,013580,KOSPI,19920,19500,6.24,51614,2026-06-09T16:09:55,,,
IBK 중기종합채권(AA-,001350,KOSPI,0,99590,0.0,0,,,,
까뮤이앤씨,013700,KOSPI,1127,1146,1.17,59742,2026-06-09T16:09:55,,,
KIWOOM 미국S&P500모,001370,KOSPI,0,12625,0.0,0,,,,
지엠비코리아,013870,KOSPI,3945,3880,5.48,57366,2026-06-09T16:09:55,,,
지누스,013890,KOSPI,9430,9290,6.55,22268,2026-06-09T16:09:55,,,
한익스프레스,014130,KOSPI,2300,2275,-0.86,19048,2026-06-09T16:09:55,,,
대영포장,014160,KOSPI,789,802,0.0,600451,2026-06-09T16:09:55,,,
SOL 조선기자재,001410,KOSPI,0,10065,0.0,0,,,,
금강공업,014280,KOSPI,4080,4080,2.0,71625,2026-06-09T16:09:55,,,
금강공업우,014285,KOSPI,6030,6190,-0.17,1074,2026-06-09T16:09:55,,,
영보화학,014440,KOSPI,4475,4460,3.47,18664,2026-06-09T16:09:55,,,
극동유화,014530,KOSPI,3310,3255,0.91,101962,2026-06-09T16:09:55,,,
태경비케이,014580,KOSPI,3930,3950,2.88,114827,2026-06-09T16:09:55,,,
한솔케미칼,014680,KOSPI,246500,262000,7.17,89363,2026-06-09T16:09:55,,,
사조씨푸드,014710,KOSPI,7400,7210,4.52,9425,2026-06-09T16:09:55,,,
HL D&I,014790,KOSPI,2510,2525,-0.99,60369,2026-06-09T16:09:55,,,
동원시스템즈,014820,KOSPI,19430,20150,1.52,47171,2026-06-09T16:09:55,,,
동원시스템즈우,014825,KOSPI,14190,14120,0.57,1033,2026-06-09T16:09:55,,,
유니드,014830,KOSPI,67200,66800,4.02,23160,2026-06-09T16:09:55,,,
TIGER 코리아휴머노이,001480,KOSPI,0,12000,0.0,0,,,,
성문전자,014910,KOSPI,2300,2105,0.0,982306,2026-06-09T16:09:55,,,
성문전자우,014915,KOSPI,4435,4400,0.34,7532,2026-06-09T16:09:55,,,
인디에프,014990,KOSPI,480,480,0.0,0,2026-06-09T16:09:55,,,
이스타코,015020,KOSPI,928,928,0.0,0,2026-06-09T16:09:55,,,
대창단조,015230,KOSPI,6060,6050,4.3,48449,2026-06-09T16:09:55,,,
에이엔피,015260,KOSPI,537,522,3.87,533963,2026-06-09T16:09:55,,,
INVENI,015360,KOSPI,14600,14610,4.21,27212,2026-06-09T16:09:55,,,
WON 초대형IB&금융지,001540,KOSPI,10700,12525,1.13,132291,2026-06-09T16:09:55,,,
DKME,015590,KOSPI,2025,2080,-3.11,324657,2026-06-09T16:09:55,,,
한국전력,015760,KOSPI,36100,36400,0.28,3364256,2026-06-09T16:09:55,,,
일진홀딩스,015860,KOSPI,6990,6860,4.33,246264,2026-06-09T16:09:55,,,
태경산업,015890,KOSPI,4705,4640,3.63,30031,2026-06-09T16:09:55,,,
대현,016090,KOSPI,1550,1545,2.79,226047,2026-06-09T16:09:55,,,
삼성증권,016360,KOSPI,117500,112200,6.72,581428,2026-06-09T16:09:55,,,
KG스틸,016380,KOSPI,5370,5710,5.29,329085,2026-06-09T16:09:55,,,
한세예스24홀딩스,016450,KOSPI,4435,4295,5.34,16749,2026-06-09T16:09:55,,,
RISE 차이나AI반도체T,001640,KOSPI,0,15295,0.0,0,,,,
환인제약,016580,KOSPI,10110,10070,0.9,46593,2026-06-09T16:09:55,,,
신대양제지,016590,KOSPI,9190,9200,7.86,27592,2026-06-09T16:09:55,,,
DB증권,016610,KOSPI,10590,10360,4.85,118040,2026-06-09T16:09:55,,,
PLUS 코스닥150액티브,001660,KOSPI,0,9495,0.0,0,,,,
대성홀딩스,016710,KOSPI,7060,7090,1.44,52714,2026-06-09T16:09:55,,,
두올,016740,KOSPI,4470,4380,2.29,57233,2026-06-09T16:09:55,,,
SOL AI반도체TOP2플러,001670,KOSPI,0,22130,0.0,0,,,,
퍼시스,016800,KOSPI,27950,27850,0.72,1756,2026-06-09T16:09:55,,,
웅진,016880,KOSPI,1911,1910,0.0,382531,2026-06-09T16:09:55,,,
광명전기,017040,KOSPI,932,932,0.0,0,2026-06-09T16:09:55,,,
명문제약,017180,KOSPI,1320,1283,0.38,99691,2026-06-09T16:09:55,,,
우신시스템,017370,KOSPI,4240,4340,-6.3,40331,2026-06-09T16:09:55,,,
서울가스,017390,KOSPI,53800,55300,0.19,6139,2026-06-09T16:09:55,,,
KODEX 미국AI광통신네,001730,KOSPI,0,13775,0.0,0,,,,
수산세보틱스,017550,KOSPI,2485,2440,10.2,1009539,2026-06-09T16:09:55,,,
SK텔레콤,017670,KOSPI,108100,105700,1.31,3713310,2026-06-09T16:09:55,,,
RISE 미국AI전력인프,001760,KOSPI,0,12280,0.0,0,,,,
현대엘리베이터,017800,KOSPI,76700,76100,2.4,144724,2026-06-09T16:09:55,,,
풀무원,017810,KOSPI,9540,9460,5.3,84413,2026-06-09T16:09:55,,,
DS단석,017860,KOSPI,13940,14260,-1.13,134291,2026-06-09T16:09:55,,,
광전자,017900,KOSPI,9190,8660,18.43,9000360,2026-06-09T16:09:55,,,
E1,017940,KOSPI,83500,82000,2.2,13847,2026-06-09T16:09:55,,,
한국카본,017960,KOSPI,30500,30900,3.04,337109,2026-06-09T16:09:55,,,
HANARO 미국AI메모리,001810,KOSPI,1161,11130,0.52,19694,2026-06-09T16:09:55,,,
애경산업,018250,KOSPI,11390,11350,1.7,30080,2026-06-09T16:09:55,,,
삼성에스디에스,018260,KOSPI,252500,225000,6.99,1111312,2026-06-09T16:09:55,,,
TIGER 미국우주테크,001830,KOSPI,0,12715,0.0,0,,,,
조일알미늄,018470,KOSPI,1129,1120,-1.05,1574772,2026-06-09T16:09:55,,,
1Q 200채권혼합50액티,001840,KOSPI,2215,11645,0.0,0,2026-06-09T16:09:55,,,
동원금속,018500,KOSPI,1380,1363,6.98,327391,2026-06-09T16:09:55,,,
TIME 글로벌휴머노이,001850,KOSPI,0,9445,0.0,0,,,,
SK가스,018670,KOSPI,212500,215500,0.24,10432,2026-06-09T16:09:55,,,
KoAct 미국로봇피지컬,001860,KOSPI,0,11085,0.0,0,,,,
한온시스템,018880,KOSPI,4410,4320,2.8,8560348,2026-06-09T16:09:55,,,
TIGER 은액티브,001890,KOSPI,54,8925,-100.0,2015,2026-06-09T16:09:55,,,
RISE 현대차고정피지,001900,KOSPI,0,11630,0.0,0,,,,
신풍제약,019170,KOSPI,8730,8740,3.31,84695,2026-06-09T16:09:55,,,
신풍제약우,019175,KOSPI,13800,13790,2.99,2238,2026-06-09T16:09:55,,,
티에이치엔,019180,KOSPI,6860,6830,2.08,252552,2026-06-09T16:09:55,,,
MIDAS 코스닥액티브,001910,KOSPI,0,35845,0.0,0,,,,
RISE SK하이닉스단일,001920,KOSPI,0,18540,0.0,0,,,,
KoAct 코스피액티브,001930,KOSPI,0,9885,0.0,0,,,,
엑시큐어하이트론,019490,KOSPI,541,541,0.0,0,2026-06-09T16:09:55,,,
TIGER 삼성전자단일종,001950,KOSPI,0,19305,0.0,0,,,,
대교,019680,KOSPI,1149,1145,-1.37,80706,2026-06-09T16:09:55,,,
대교우B,019685,KOSPI,755,722,-3.21,11789,2026-06-09T16:09:55,,,
SOL SK하이닉스단일종,001970,KOSPI,4265,18240,-100.0,0,2026-06-09T16:09:55,,,
1Q 삼성전자선물단일,001980,KOSPI,0,20090,0.0,0,,,,
ACE 고배당주Plus커버,001990,KOSPI,0,9950,0.0,0,,,,
한섬,020000,KOSPI,22350,22700,7.97,71397,2026-06-09T16:09:55,,,
키다리스튜디오,020120,KOSPI,3145,3200,3.8,81035,2026-06-09T16:09:55,,,
롯데에너지머티리얼즈,020150,KOSPI,48950,45500,4.04,308782,2026-06-09T16:09:55,,,
KODEX 현대차로보틱스,002040,KOSPI,0,8160,0.0,0,,,,
아시아나항공,020560,KOSPI,6830,6720,1.49,57789,2026-06-09T16:09:55,,,
1Q 현대차기아채권혼,002060,KOSPI,0,9460,0.0,0,,,,
일진디스플,020760,KOSPI,902,902,0.0,0,2026-06-09T16:09:55,,,
서원,021050,KOSPI,1153,1136,5.3,529284,2026-06-09T16:09:55,,,
코웨이,021240,KOSPI,92400,92000,5.72,229286,2026-06-09T16:09:55,,,
세원정공,021820,KOSPI,11660,11660,6.0,18859,2026-06-09T16:09:55,,,
포스코DX,022100,KOSPI,27100,25850,5.65,626908,2026-06-09T16:09:55,,,
삼원강재,023000,KOSPI,2260,2245,2.03,24003,2026-06-09T16:09:55,,,
MH에탄올,023150,KOSPI,4140,4195,3.76,22312,2026-06-09T16:09:55,,,
한국종합기술,023350,KOSPI,4395,4345,1.15,22230,2026-06-09T16:09:55,,,
동남합성,023450,KOSPI,28300,28750,-0.18,1192,2026-06-09T16:09:55,,,
롯데쇼핑,023530,KOSPI,181900,195500,8.53,278392,2026-06-09T16:09:55,,,
다우기술,023590,KOSPI,37300,37050,2.19,63610,2026-06-09T16:09:55,,,
인지컨트롤스,023800,KOSPI,5790,5880,4.51,81501,2026-06-09T16:09:55,,,
인팩,023810,KOSPI,5090,5090,0.0,40420,2026-06-09T16:09:55,,,
에쓰씨엔지니어링,023960,KOSPI,987,945,9.06,233935,2026-06-09T16:09:55,,,
WISCOM,024070,KOSPI,1819,1807,-3.5,40117,2026-06-09T16:09:55,,,
디씨엠,024090,KOSPI,11190,11110,1.54,4185,2026-06-09T16:09:55,,,
기업은행,024110,KOSPI,20550,20900,1.48,1518787,2026-06-09T16:09:55,,,
콜마홀딩스,024720,KOSPI,8250,8130,4.43,36917,2026-06-09T16:09:55,,,
대원화성,024890,KOSPI,2840,2840,-4.38,81291,2026-06-09T16:09:55,,,
디와이덕양,024900,KOSPI,1906,1869,1.44,167192,2026-06-09T16:09:55,,,
KPX케미칼,025000,KOSPI,49750,49500,4.74,5600,2026-06-09T16:09:55,,,
SJM홀딩스,025530,KOSPI,3420,3420,4.11,16644,2026-06-09T16:09:55,,,
한국단자,025540,KOSPI,72600,74400,2.69,17533,2026-06-09T16:09:55,,,
미래산업,025560,KOSPI,37300,36150,19.17,223598,2026-06-09T16:09:55,,,
차AI헬스케어,025620,KOSPI,6590,6190,1.85,14849,2026-06-09T16:09:55,,,
한솔홈데코,025750,KOSPI,1870,1839,3.14,22540,2026-06-09T16:09:55,,,
이구산업,025820,KOSPI,4600,4410,3.25,199362,2026-06-09T16:09:55,,,
남해화학,025860,KOSPI,6240,6160,0.81,418549,2026-06-09T16:09:55,,,
한국주강,025890,KOSPI,1879,1890,0.48,138519,2026-06-09T16:09:55,,,
스틱인베스트먼트,026890,KOSPI,7140,6940,8.18,111167,2026-06-09T16:09:55,,,
부국철강,026940,KOSPI,1911,1943,2.58,66349,2026-06-09T16:09:55,,,
동서,026960,KOSPI,24900,25050,4.62,135701,2026-06-09T16:09:55,,,
BGF,027410,KOSPI,4100,4055,0.12,473609,2026-06-09T16:09:55,,,
마니커,027740,KOSPI,996,1031,2.89,71410,2026-06-09T16:09:55,,,
한국제지,027970,KOSPI,632,609,1.94,322531,2026-06-09T16:09:55,,,
삼성E&A,028050,KOSPI,46450,47300,4.5,1475636,2026-06-09T16:09:55,,,
동아지질,028100,KOSPI,14040,14220,6.04,30959,2026-06-09T16:09:55,,,
삼성물산,028260,KOSPI,429000,407500,5.02,644486,2026-06-09T16:09:55,,,
삼성물산우B,002826,KOSPI,0,215500,0.0,0,,,,
팬오션,028670,KOSPI,5230,5140,7.17,3383600,2026-06-09T16:09:55,,,
케이씨,029460,KOSPI,30800,29600,11.19,29403,2026-06-09T16:09:55,,,
신도리코,029530,KOSPI,41500,42150,4.4,12635,2026-06-09T16:09:55,,,
삼성카드,029780,KOSPI,45350,46200,0.33,110117,2026-06-09T16:09:55,,,
제일기획,030000,KOSPI,18240,18420,-0.22,374377,2026-06-09T16:09:55,,,
NICE평가정보,030190,KOSPI,13850,14190,2.59,123129,2026-06-09T16:09:55,,,
KT,030200,KOSPI,53800,55900,-0.19,351096,2026-06-09T16:09:55,,,
다올투자증권,030210,KOSPI,3570,3505,5.31,100039,2026-06-09T16:09:55,,,
교보증권,030610,KOSPI,11030,10770,5.96,70260,2026-06-09T16:09:55,,,
동원수산,030720,KOSPI,6020,6010,3.79,55018,2026-06-09T16:09:55,,,
서울보증보험,031210,KOSPI,44300,44000,7.39,55554,2026-06-09T16:09:55,,,
신세계인터내셔날,031430,KOSPI,14080,14640,8.73,230503,2026-06-09T16:09:55,,,
신세계푸드,031440,KOSPI,43150,43150,6.15,8295,2026-06-09T16:09:55,,,
아이티센씨티에스,031820,KOSPI,5930,5800,2.95,49100,2026-06-09T16:09:55,,,
롯데관광개발,032350,KOSPI,17320,18000,2.42,641031,2026-06-09T16:09:55,,,
황금에스티,032560,KOSPI,5340,5400,0.75,39544,2026-06-09T16:09:55,,,
LG유플러스,032640,KOSPI,14920,14730,-5.09,2320098,2026-06-09T16:09:55,,,
삼성생명,032830,KOSPI,393000,368000,4.66,492974,2026-06-09T16:09:55,,,
자화전자,033240,KOSPI,35800,33950,8.98,170422,2026-06-09T16:09:55,,,
체시스,033250,KOSPI,4310,4345,2.25,25339,2026-06-09T16:09:55,,,
유나이티드제약,033270,KOSPI,18110,18080,3.49,26385,2026-06-09T16:09:55,,,
SJG세종,033530,KOSPI,6760,6620,6.29,134420,2026-06-09T16:09:55,,,
KT&G,033780,KOSPI,184300,185100,4.01,295569,2026-06-09T16:09:55,,,
무학,033920,KOSPI,7570,7760,3.7,69937,2026-06-09T16:09:55,,,
두산에너빌리티,034020,KOSPI,92300,91100,7.58,3082661,2026-06-09T16:09:55,원전 연장 부품 수주 확대,원전 정책 강세 시 매수,에너지 정책 불확실성
SBS,034120,KOSPI,12600,12510,2.19,14853,2026-06-09T16:09:55,,,
LG디스플레이,034220,KOSPI,13970,12910,-0.36,9575134,2026-06-09T16:09:55,,,
파라다이스,034230,KOSPI,15020,15120,1.49,1544179,2026-06-09T16:09:55,,,
NICE,034310,KOSPI,12780,12820,4.84,83579,2026-06-09T16:09:55,,,
인천도시가스,034590,KOSPI,25700,25850,0.0,1355,2026-06-09T16:09:55,,,
SK,034730,KOSPI,594000,579000,3.85,230780,2026-06-09T16:09:55,,,
SK우,003473,KOSPI,0,359000,0.0,0,,,,
한국토지신탁,034830,KOSPI,1173,1187,5.87,785903,2026-06-09T16:09:55,,,
HS애드,035000,KOSPI,7400,7340,3.21,18365,2026-06-09T16:09:55,,,
백산,035150,KOSPI,10550,10520,5.82,21638,2026-06-09T16:09:55,,,
강원랜드,035250,KOSPI,14720,15020,0.68,734871,2026-06-09T16:09:55,,,
NAVER,035420,KOSPI,257000,227000,-7.89,6918079,2026-06-09T16:09:55,AI 검색 점유율 확대로 광고 수익 급증,상승 추세 강화 시 매수,기술주 변동성 리스크
신세계 I&C,035510,KOSPI,14840,14800,2.2,116458,2026-06-09T16:09:55,,,
카카오,035720,KOSPI,39500,38150,2.33,2013579,2026-06-09T16:09:55,AI 어시스턴트 수익화 단계 진입,"70,000원 돌파 매수",경합 심화 리스크
콘텐트리중앙,036420,KOSPI,4560,4410,-0.87,68996,2026-06-09T16:09:55,,,
한국가스공사,036460,KOSPI,34000,35150,0.59,273164,2026-06-09T16:09:55,,,
SNT홀딩스,036530,KOSPI,48250,49300,3.88,21865,2026-06-09T16:09:55,,,
NC,036570,KOSPI,264500,257000,-0.94,183554,2026-06-09T16:09:55,,,
팜스코,036580,KOSPI,2500,2585,4.17,79050,2026-06-09T16:09:55,,,
YG PLUS,037270,KOSPI,3635,3530,8.35,637981,2026-06-09T16:09:55,,,
LG헬로비전,037560,KOSPI,2365,2195,3.5,4801887,2026-06-09T16:09:55,,,
광주신세계,037710,KOSPI,34100,35500,1.49,50135,2026-06-09T16:09:55,,,
하나투어,039130,KOSPI,34500,34250,3.29,50471,2026-06-09T16:09:55,,,
키움증권,039490,KOSPI,357500,342500,8.17,93798,2026-06-09T16:09:55,증시 호조로 위탁수수료 사상 최대,증시 강세 추종,증시 부진 시 동반 하락
HDC랩스,039570,KOSPI,7840,7860,2.75,16224,2026-06-09T16:09:55,,,
상신브레이크,041650,KOSPI,2315,2290,5.23,21636,2026-06-09T16:09:55,,,
한화오션,042660,KOSPI,102200,110200,-0.87,1351983,2026-06-09T16:09:55,,,
한미반도체,042700,KOSPI,276500,270000,9.07,851234,2026-06-09T16:09:55,,,
주연테크,044380,KOSPI,1543,1478,1.78,49353,2026-06-09T16:09:55,,,
KSS해운,044450,KOSPI,9610,9600,4.46,46070,2026-06-09T16:09:55,,,
코스맥스비티아이,044820,KOSPI,17890,17860,5.36,17517,2026-06-09T16:09:55,,,
대우건설,047040,KOSPI,21050,20750,3.19,7740230,2026-06-09T16:09:55,,,
포스코인터내셔널,047050,KOSPI,56300,58300,2.74,363997,2026-06-09T16:09:55,,,
유니온머티리얼,047400,KOSPI,1090,1055,0.46,227101,2026-06-09T16:09:55,,,
한국항공우주,047810,KOSPI,127700,137600,2.16,665780,2026-06-09T16:09:55,,,
우진플라임,049800,KOSPI,1845,1877,1.77,55600,2026-06-09T16:09:55,,,
한전KPS,051600,KOSPI,47250,46850,2.94,125956,2026-06-09T16:09:55,,,
진양화학,051630,KOSPI,1730,2015,0.93,497840,2026-06-09T16:09:55,,,
LG생활건강,051900,KOSPI,242000,234500,1.68,69040,2026-06-09T16:09:55,,,
LG생활건강우,051905,KOSPI,101800,100300,3.35,7068,2026-06-09T16:09:55,,,
LG화학,051910,KOSPI,329000,323000,2.49,442906,2026-06-09T16:09:55,"배터리 에너지밀도 최고 달성, 기술력 입증","730,000원 상향 돌파 매수",배터리 가격 경쟁 심화
LG화학우,051915,KOSPI,147800,146800,1.79,18657,2026-06-09T16:09:55,,,
한전기술,052690,KOSPI,120300,118700,4.34,138941,2026-06-09T16:09:55,스마트 그리드 AI 최적화 시스템 정부 발주,에너지 기술주 강세 시 매수,정부 정책 변화
스카이라이프,053210,KOSPI,4365,4340,1.28,47174,2026-06-09T16:09:55,,,
한미글로벌,053690,KOSPI,17780,17660,1.83,128691,2026-06-09T16:09:55,,,
테이팩스,055490,KOSPI,17560,17020,-2.44,57751,2026-06-09T16:09:55,,,
신한지주,055550,KOSPI,101200,98200,4.22,1853431,2026-06-09T16:09:55,,,
현대홈쇼핑,057050,KOSPI,78500,78400,7.98,12819,2026-06-09T16:09:55,,,
포스코스틸리온,058430,KOSPI,5120,5160,0.99,338342,2026-06-09T16:09:55,,,
세아홀딩스,058650,KOSPI,133900,124500,-1.9,6962,2026-06-09T16:09:55,,,
다스코,058730,KOSPI,2370,2580,4.18,58121,2026-06-09T16:09:55,,,
KTcs,058850,KOSPI,2390,2345,5.29,363781,2026-06-09T16:09:55,,,
KTis,058860,KOSPI,2585,2570,2.58,104667,2026-06-09T16:09:55,,,
HL홀딩스,060980,KOSPI,41200,40550,1.73,22479,2026-06-09T16:09:55,,,
산일전기,062040,KOSPI,225000,218500,5.39,278131,2026-06-09T16:09:55,,,
종근당바이오,063160,KOSPI,15590,15450,2.57,12484,2026-06-09T16:09:55,,,
현대로템,064350,KOSPI,180900,189400,3.37,637669,2026-06-09T16:09:55,"도시철도 신규 수주 3,500억원, 영업이익 확대",철도장비 강세 시 매수,정부 철도 정책 변화
LG씨엔에스,064400,KOSPI,99000,93800,-7.04,3254265,2026-06-09T16:09:55,,,
SNT모티브,064960,KOSPI,28100,27800,4.27,56184,2026-06-09T16:09:55,,,
LG전자,066570,KOSPI,248000,224000,-7.46,5188949,2026-06-09T16:09:55,AI 가전 글로벌 매출 3배 성장 기대,가전 강세 시 매수,가전 시장 포화 리스크
LG전자우,066575,KOSPI,84000,76600,-2.67,462220,2026-06-09T16:09:55,,,
엘앤에프,066970,KOSPI,129600,126400,4.01,395541,2026-06-09T16:09:55,,,
세이브존I&C,067830,KOSPI,2340,2380,2.86,356979,2026-06-09T16:09:55,,,
셀트리온,068270,KOSPI,170000,167300,6.65,690173,2026-06-09T16:09:55,항암제 신약 임상 3상 진입 신호,바이오 강세 시 매수,임상 불승인 리스크
삼성출판사,068290,KOSPI,6520,6530,1.09,30001,2026-06-09T16:09:55,,,
TKG휴켐스,069260,KOSPI,15400,15210,-0.26,110239,2026-06-09T16:09:55,,,
대호에이엘,069460,KOSPI,2660,2660,0.0,0,2026-06-09T16:09:55,,,
KODEX 200,069500,KOSPI,130130,123795,8.84,18130146,2026-06-09T16:09:55,,,
대웅제약,069620,KOSPI,118300,120900,-1.0,50284,2026-06-09T16:09:55,,,
한세엠케이,069640,KOSPI,1027,1010,8.11,32892,2026-06-09T16:09:55,,,
KIWOOM 200,069660,KOSPI,129810,123860,8.84,275849,2026-06-09T16:09:55,,,
DSR제강,069730,KOSPI,5210,5080,4.41,76879,2026-06-09T16:09:55,,,
현대백화점,069960,KOSPI,166800,170900,12.25,363083,2026-06-09T16:09:55,,,
모나용평,070960,KOSPI,2475,2430,6.22,59371,2026-06-09T16:09:55,,,
한국금융지주,071050,KOSPI,231500,229000,7.18,221831,2026-06-09T16:09:55,,,
한국금융지주우,071055,KOSPI,162900,160300,5.78,12001,2026-06-09T16:09:55,,,
하이스틸,071090,KOSPI,3015,3040,1.17,118817,2026-06-09T16:09:55,,,
지역난방공사,071320,KOSPI,67900,68600,3.51,13798,2026-06-09T16:09:55,,,
롯데하이마트,071840,KOSPI,6710,6640,5.17,23500,2026-06-09T16:09:55,,,
코아스,071950,KOSPI,2340,2255,-1.68,97012,2026-06-09T16:09:55,,,
HD현대마린엔진,071970,KOSPI,62600,63500,4.68,152831,2026-06-09T16:09:55,,,
유엔젤,072130,KOSPI,4890,5000,4.82,65276,2026-06-09T16:09:55,,,
농심홀딩스,072710,KOSPI,88900,88900,3.13,4781,2026-06-09T16:09:55,,,
금호타이어,073240,KOSPI,4655,4585,5.8,825234,2026-06-09T16:09:55,,,
이엔플러스,074610,KOSPI,5110,5110,0.0,0,2026-06-09T16:09:55,,,
새론오토모티브,075180,KOSPI,2825,2975,3.48,12054,2026-06-09T16:09:55,,,
세진중공업,075580,KOSPI,13240,13930,5.08,161357,2026-06-09T16:09:55,,,
유니퀘스트,077500,KOSPI,7150,6830,8.01,177652,2026-06-09T16:09:55,,,
STX엔진,077970,KOSPI,30950,32800,2.82,189566,2026-06-09T16:09:55,,,
텔코웨어,078000,KOSPI,13790,13790,0.8,6034,2026-06-09T16:09:55,,,
에이블씨엔씨,078520,KOSPI,10730,10470,4.68,67213,2026-06-09T16:09:55,전자파 차폐 소재 수요 급증,기술주 강세 시 매수,경합 심화 리스크
GS,078930,KOSPI,73800,72600,5.58,325268,2026-06-09T16:09:55,,,
GS우,078935,KOSPI,52500,52200,3.55,2699,2026-06-09T16:09:55,,,
CJ CGV,079160,KOSPI,4345,4425,0.93,328363,2026-06-09T16:09:55,,,
현대리바트,079430,KOSPI,6230,6300,4.18,55061,2026-06-09T16:09:55,,,
LIG디펜스앤에어로스,079550,KOSPI,725000,790000,4.17,275179,2026-06-09T16:09:55,,,
전진건설로봇,079900,KOSPI,51800,50900,6.26,51395,2026-06-09T16:09:55,,,
휴비스,079980,KOSPI,1994,1971,3.91,227109,2026-06-09T16:09:55,,,
일진다이아,081000,KOSPI,10240,10000,4.7,35862,2026-06-09T16:09:55,,,
미스토홀딩스,081660,KOSPI,39700,40350,3.79,176648,2026-06-09T16:09:55,,,
동양생명,082640,KOSPI,7590,7560,3.69,198160,2026-06-09T16:09:55,,,
한화엔진,082740,KOSPI,52000,53100,0.78,418531,2026-06-09T16:09:55,,,
그린케미칼,083420,KOSPI,4485,4520,4.55,31002,2026-06-09T16:09:55,,,
대한제강,084010,KOSPI,7940,7960,1.02,48911,2026-06-09T16:09:55,,,
동양고속,084670,KOSPI,37150,37100,-6.42,146098,2026-06-09T16:09:55,,,
이월드,084680,KOSPI,1172,1183,2.99,508521,2026-06-09T16:09:55,,,
대상홀딩스,084690,KOSPI,8320,8080,4.0,116460,2026-06-09T16:09:55,,,
대상홀딩스우,084695,KOSPI,13240,12900,1.77,14628,2026-06-09T16:09:55,,,
TBH글로벌,084870,KOSPI,1832,1851,7.39,55635,2026-06-09T16:09:55,,,
엔케이,085310,KOSPI,9320,9200,2.08,25718,2026-06-09T16:09:55,,,
미래에셋생명,085620,KOSPI,24150,22600,15.0,7385865,2026-06-09T16:09:55,,,
현대글로비스,086280,KOSPI,198000,195200,3.12,323101,2026-06-09T16:09:55,,,
하나금융지주,086790,KOSPI,119000,117900,5.87,992410,2026-06-09T16:09:55,,,
이리츠코크렙,088260,KOSPI,3910,3950,2.76,63312,2026-06-09T16:09:55,,,
한화생명,088350,KOSPI,5010,4785,9.87,10185067,2026-06-09T16:09:55,디지털 뱅킹 수수료 50% 증가,금융주 강세 시 매수,금리 정책 변화
진도,088790,KOSPI,2560,2560,2.4,34300,2026-06-09T16:09:55,,,
맥쿼리인프라,088980,KOSPI,10940,10820,1.58,1897092,2026-06-09T16:09:55,,,
HDC현대EP,089470,KOSPI,3900,3930,5.26,125638,2026-06-09T16:09:55,,,
제주항공,089590,KOSPI,4255,4170,1.79,127902,2026-06-09T16:09:55,,,
롯데렌탈,089860,KOSPI,30300,29900,3.24,49779,2026-06-09T16:09:55,,,
평화산업,090080,KOSPI,839,849,-3.34,250281,2026-06-09T16:09:55,,,
노루페인트,090350,KOSPI,7400,7380,3.21,178505,2026-06-09T16:09:55,,,
노루페인트우,090355,KOSPI,11000,10870,-0.63,58,2026-06-09T16:09:55,,,
메타랩스,090370,KOSPI,1074,1083,-6.53,337423,2026-06-09T16:09:55,,,
아모레퍼시픽,090430,KOSPI,112000,111800,6.67,438230,2026-06-09T16:09:55,,,
아모레퍼시픽우,090435,KOSPI,35850,34750,2.43,43008,2026-06-09T16:09:55,,,
비에이치,090460,KOSPI,27150,25450,3.82,476747,2026-06-09T16:09:55,,,
KODEX 반도체,091160,KOSPI,158600,151495,11.76,3719547,2026-06-09T16:09:55,,,
KODEX 은행,091170,KOSPI,15200,15010,3.97,4251675,2026-06-09T16:09:55,,,
KODEX 자동차,091180,KOSPI,36590,35100,2.49,750753,2026-06-09T16:09:55,,,
TIGER 은행,091220,KOSPI,15820,15700,3.94,72029,2026-06-09T16:09:55,,,
TIGER 반도체,091230,KOSPI,167000,158430,11.96,708541,2026-06-09T16:09:55,,,
트리니티항공,091810,KOSPI,760,763,1.33,578658,2026-06-09T16:09:55,,,
디아이씨,092200,KOSPI,10540,9270,4.25,3335647,2026-06-09T16:09:55,,,
KEC,092220,KOSPI,4330,4155,-4.42,1101353,2026-06-09T16:09:55,,,
KPX홀딩스,092230,KOSPI,81100,81700,2.79,1613,2026-06-09T16:09:55,,,
기신정기,092440,KOSPI,1887,1890,0.43,52339,2026-06-09T16:09:55,,,
DYP,092780,KOSPI,4345,4300,0.93,21466,2026-06-09T16:09:55,,,
넥스틸,092790,KOSPI,13910,14020,-0.29,329309,2026-06-09T16:09:55,,,
LF,093050,KOSPI,21650,21750,4.84,41569,2026-06-09T16:09:55,,,
형지엘리트,093240,KOSPI,692,678,3.59,410339,2026-06-09T16:09:55,,,
후성,093370,KOSPI,13520,16240,20.18,10141721,2026-06-09T16:09:55,,,
효성ITX,094280,KOSPI,12050,12040,1.01,13844,2026-06-09T16:09:55,,,
맵스리얼티,094800,KOSPI,5100,5030,2.2,50764,2026-06-09T16:09:55,,,
AJ네트웍스,095570,KOSPI,4320,4355,4.6,112464,2026-06-09T16:09:55,,,
웅진씽크빅,095720,KOSPI,1340,1299,0.75,54975,2026-06-09T16:09:55,,,
JW홀딩스,096760,KOSPI,3755,3710,3.73,100689,2026-06-09T16:09:55,,,
SK이노베이션,096770,KOSPI,105700,103700,1.05,398633,2026-06-09T16:09:55,배터리 원가절감 기술로 실적 흑자 전환,실적 발표 후 매수,원료비 변동성 리스크
SK이노베이션우,096775,KOSPI,61400,60600,1.49,1678,2026-06-09T16:09:55,,,
HJ중공업,097230,KOSPI,20400,20400,2.51,589809,2026-06-09T16:09:55,,,
엠씨넥스,097520,KOSPI,20600,20550,6.85,61137,2026-06-09T16:09:55,,,
CJ제일제당,097950,KOSPI,195400,194600,-0.31,67595,2026-06-09T16:09:55,,,
CJ제일제당 우,097955,KOSPI,122400,122000,2.26,5161,2026-06-09T16:09:55,,,
KODEX 차이나H,099140,KOSPI,23180,23170,-0.71,4768,2026-06-09T16:09:55,,,
SK오션플랜트,100090,KOSPI,14540,16890,1.32,536869,2026-06-09T16:09:55,,,
비상교육,100220,KOSPI,5380,5330,7.39,73194,2026-06-09T16:09:55,,,
진양홀딩스,100250,KOSPI,2885,2920,1.41,95765,2026-06-09T16:09:55,,,
SNT에너지,100840,KOSPI,32150,33000,4.72,142611,2026-06-09T16:09:55,,,
KIWOOM KRX100,100910,KOSPI,20560,19480,8.61,238283,2026-06-09T16:09:55,,,
인바이오젠,101140,KOSPI,6850,6830,-3.11,5856,2026-06-09T16:09:55,,,
KODEX 일본TOPIX100,101280,KOSPI,31175,30960,0.24,12439,2026-06-09T16:09:55,,,
해태제과식품,101530,KOSPI,5610,5600,1.26,22076,2026-06-09T16:09:55,,,
TIGER 200,102110,KOSPI,130195,123830,8.87,4303890,2026-06-09T16:09:55,,,
동성케미컬,102260,KOSPI,3740,3695,1.22,113367,2026-06-09T16:09:55,,,
이연제약,102460,KOSPI,10010,9880,0.2,116667,2026-06-09T16:09:55,,,
KODEX 삼성그룹,102780,KOSPI,31290,29560,8.65,1520370,2026-06-09T16:09:55,,,
KODEX 기계장비,102960,KOSPI,16210,16445,3.41,11228,2026-06-09T16:09:55,,,
KODEX 증권,102970,KOSPI,23910,23285,5.89,2108739,2026-06-09T16:09:55,,,
풍산,103140,KOSPI,69100,70100,1.92,164597,2026-06-09T16:09:55,,,
일진전기,103590,KOSPI,79000,79000,6.47,286604,2026-06-09T16:09:55,,,
KIWOOM 블루칩,104520,KOSPI,15760,15445,5.03,157,2026-06-09T16:09:55,,,
KIWOOM 코리아고배당,104530,KOSPI,18400,18195,3.17,22909,2026-06-09T16:09:55,,,
한국철강,104700,KOSPI,8260,8910,2.74,42172,2026-06-09T16:09:55,,,
TIGER 라틴35,105010,KOSPI,6675,6820,-2.84,17967,2026-06-09T16:09:55,,,
ACE 200,105190,KOSPI,130425,124240,8.67,513596,2026-06-09T16:09:55,,,
KB금융,105560,KOSPI,154800,154000,2.18,1775435,2026-06-09T16:09:55,,,
한세실업,105630,KOSPI,8760,8520,4.91,48607,2026-06-09T16:09:55,,,
RISE 5대그룹주,105780,KOSPI,20620,19610,7.99,56840,2026-06-09T16:09:55,,,
우진,105840,KOSPI,17800,17460,8.67,236190,2026-06-09T16:09:55,,,
미원홀딩스,107590,KOSPI,56500,57000,-0.88,104,2026-06-09T16:09:55,,,
LX세미콘,108320,KOSPI,48750,48250,2.09,89281,2026-06-09T16:09:55,,,
ACE 삼성그룹섹터가중,108450,KOSPI,46400,44045,7.92,52646,2026-06-09T16:09:55,,,
TREX 200,108590,KOSPI,129545,123505,8.98,57,2026-06-09T16:09:55,,,
LX하우시스,108670,KOSPI,31550,31550,3.44,14558,2026-06-09T16:09:55,,,
LX하우시스우,108675,KOSPI,15720,15760,0.38,4006,2026-06-09T16:09:55,,,
주성코퍼레이션,109070,KOSPI,1722,1503,6.49,647275,2026-06-09T16:09:55,,,
호전실업,111110,KOSPI,6470,6430,0.0,11597,2026-06-09T16:09:55,,,
동인기연,111380,KOSPI,12700,12820,0.79,7802,2026-06-09T16:09:55,,,
영원무역,111770,KOSPI,78000,78100,5.26,66134,2026-06-09T16:09:55,,,
씨에스윈드,112610,KOSPI,40350,41350,-1.34,263312,2026-06-09T16:09:55,,,
GKL,114090,KOSPI,11950,12070,3.55,741311,2026-06-09T16:09:55,,,
RISE 국고채3년,114100,KOSPI,105685,105745,0.33,5323,2026-06-09T16:09:55,,,
KODEX 국고채3년,114260,KOSPI,61255,61280,0.35,38242,2026-06-09T16:09:55,,,
ACE 국고채3년,114460,KOSPI,99850,99925,0.32,1107,2026-06-09T16:09:55,,,
KIWOOM 국고채3년,114470,KOSPI,107010,107050,0.3,504,2026-06-09T16:09:55,,,
KODEX 인버스,114800,KOSPI,978,1033,-9.44,999270895,2026-06-09T16:09:55,,,
TIGER 국채3년,114820,KOSPI,104200,104225,0.33,8125,2026-06-09T16:09:55,,,
KODEX 에너지화학,117460,KOSPI,14645,14580,2.06,41236,2026-06-09T16:09:55,,,
대성에너지,117580,KOSPI,7070,6980,-0.28,101261,2026-06-09T16:09:55,,,
KODEX 철강,117680,KOSPI,13345,13305,2.18,27951,2026-06-09T16:09:55,,,
TIGER 차이나항셍30,117690,KOSPI,21220,21140,-0.31,740,2026-06-09T16:09:55,,,
KODEX 건설,117700,KOSPI,6980,7145,4.57,2118211,2026-06-09T16:09:55,,,
메타케어,118000,KOSPI,1328,1359,-4.12,65665,2026-06-09T16:09:55,,,
KC코트렐,119650,KOSPI,918,918,0.0,0,2026-06-09T16:09:55,,,
조선선재,120030,KOSPI,86900,86600,0.0,1660,2026-06-09T16:09:55,,,
코오롱인더,120110,KOSPI,64100,69000,5.6,482944,2026-06-09T16:09:55,,,
코오롱인더우,120115,KOSPI,24050,24300,2.34,11553,2026-06-09T16:09:55,,,
PLUS 코스피50,122090,KOSPI,98360,93825,8.34,149275,2026-06-09T16:09:55,,,
KIWOOM 통안채1년,122260,KOSPI,103420,103435,0.01,2437,2026-06-09T16:09:55,,,
KODEX 레버리지,122630,KOSPI,185885,167100,17.53,16489551,2026-06-09T16:09:55,,,
아이마켓코리아,122900,KOSPI,7300,7330,3.55,54552,2026-06-09T16:09:55,,,
TIGER 인버스,123310,KOSPI,1100,1155,-9.98,9335598,2026-06-09T16:09:55,,,
TIGER 레버리지,123320,KOSPI,185500,167095,17.01,310099,2026-06-09T16:09:55,,,
한국화장품,123690,KOSPI,6670,6630,4.87,89399,2026-06-09T16:09:55,,,
SJM,123700,KOSPI,3250,3220,3.5,28832,2026-06-09T16:09:55,,,
한국자산신탁,123890,KOSPI,2165,2220,2.12,261801,2026-06-09T16:09:55,,,
현대퓨처넷,126560,KOSPI,2875,3000,2.13,40014,2026-06-09T16:09:55,,,
수산인더스트리,126720,KOSPI,23450,23800,4.45,15973,2026-06-09T16:09:55,,,
대성산업,128820,KOSPI,5160,5150,2.18,343199,2026-06-09T16:09:55,,,
한미약품,128940,KOSPI,428500,411500,3.75,244154,2026-06-09T16:09:55,,,
인터지스,129260,KOSPI,1929,1902,4.72,15463,2026-06-09T16:09:55,,,
한전산업,130660,KOSPI,12500,12540,4.52,165684,2026-06-09T16:09:55,,,
TIGER 원유선물Enhanc,130680,KOSPI,7200,7070,-4.19,19770,2026-06-09T16:09:55,,,
KIWOOM 단기자금,130730,KOSPI,102355,102360,0.01,4029,2026-06-09T16:09:55,,,
ACE 삼성그룹동일가중,131890,KOSPI,43370,42225,3.14,4385,2026-06-09T16:09:55,,,
KODEX 골드선물(H),132030,KOSPI,24525,23795,0.72,117888,2026-06-09T16:09:55,,,
TIGER 미국나스닥100,133690,KOSPI,198335,195425,0.25,1143562,2026-06-09T16:09:55,,,
화인베스틸,133820,KOSPI,1009,1017,0.2,76175,2026-06-09T16:09:55,,,
미원화학,134380,KOSPI,10270,10000,-0.29,4016,2026-06-09T16:09:55,,,
시디즈,134790,KOSPI,17430,18250,-2.24,1870,2026-06-09T16:09:55,,,
RISE 중기우량회사채,136340,KOSPI,103855,103970,0.07,8152,2026-06-09T16:09:55,,,
선진,136490,KOSPI,9320,9170,3.1,78646,2026-06-09T16:09:55,,,
에스디바이오센서,137310,KOSPI,7080,7110,4.27,132716,2026-06-09T16:09:55,,,
TIGER 농산물선물Enha,137610,KOSPI,5095,5085,0.39,13930,2026-06-09T16:09:55,,,
메리츠금융지주,138040,KOSPI,109100,108200,6.13,364454,2026-06-09T16:09:55,,,
KIWOOM 미국달러선물,138230,KOSPI,17575,17765,-1.43,2300,2026-06-09T16:09:55,,,
TIGER 삼성그룹,138520,KOSPI,43015,40600,8.62,142219,2026-06-09T16:09:55,,,
TIGER LG그룹플러스,138530,KOSPI,13805,13230,-1.18,3429033,2026-06-09T16:09:55,,,
TIGER 현대차그룹플러,138540,KOSPI,65710,63400,2.67,2066676,2026-06-09T16:09:55,,,
KODEX 구리선물(H),138910,KOSPI,9835,9755,1.24,41275,2026-06-09T16:09:55,,,
KODEX 콩선물(H),138920,KOSPI,11235,11210,-0.4,784,2026-06-09T16:09:55,,,
BNK금융지주,138930,KOSPI,17060,16770,5.11,1714300,2026-06-09T16:09:55,,,
iM금융지주,139130,KOSPI,17280,17300,4.1,423133,2026-06-09T16:09:55,,,
TIGER 200 건설,139220,KOSPI,8205,8200,4.79,1315407,2026-06-09T16:09:55,,,
TIGER 200 중공업,139230,KOSPI,15755,16115,3.79,623262,2026-06-09T16:09:55,,,
TIGER 200 철강소재,139240,KOSPI,11430,11340,3.02,40952,2026-06-09T16:09:55,,,
TIGER 200 에너지화학,139250,KOSPI,18325,18135,2.17,77207,2026-06-09T16:09:55,,,
TIGER 200 IT,139260,KOSPI,175295,162655,11.56,1722205,2026-06-09T16:09:55,,,
TIGER 200 금융,139270,KOSPI,16970,16735,4.3,29652,2026-06-09T16:09:55,,,
TIGER 경기방어,139280,KOSPI,12465,12400,4.53,14156,2026-06-09T16:09:55,,,
TIGER 200 경기소비재,139290,KOSPI,32200,31100,3.21,17659,2026-06-09T16:09:55,,,
TIGER 금은선물(H),139320,KOSPI,18460,17895,0.9,14093,2026-06-09T16:09:55,,,
이마트,139480,KOSPI,87300,87500,3.93,178421,2026-06-09T16:09:55,,,
KIWOOM 미국달러선물,139660,KOSPI,7660,7630,1.73,4105,2026-06-09T16:09:55,,,
아주스틸,139990,KOSPI,2240,2190,-2.82,79507,2026-06-09T16:09:55,,,
RISE 수출주,140570,KOSPI,29060,28195,5.1,1265,2026-06-09T16:09:55,,,
RISE 우량업종대표주,140580,KOSPI,28370,27845,4.0,2154,2026-06-09T16:09:55,,,
KODEX 보험,140700,KOSPI,19865,19060,5.33,162331,2026-06-09T16:09:55,,,
KODEX 운송,140710,KOSPI,6105,6110,2.86,28124,2026-06-09T16:09:55,,,
파워 코스피100,140950,KOSPI,102480,97700,8.82,9739,2026-06-09T16:09:55,,,
핸즈코퍼레이션,143210,KOSPI,1199,1199,0.0,0,2026-06-09T16:09:55,,,
TIGER 미국S&P500선물,143850,KOSPI,75485,74840,0.43,2993,2026-06-09T16:09:55,,,
TIGER 헬스케어,143860,KOSPI,38935,38820,5.41,31305,2026-06-09T16:09:55,,,
KODEX 은선물(H),144600,KOSPI,11220,10660,1.86,1029807,2026-06-09T16:09:55,,,
다이나믹디자인,145210,KOSPI,224,224,0.0,0,2026-06-09T16:09:55,,,
케이탑리츠,145270,KOSPI,756,762,0.0,120358,2026-06-09T16:09:55,,,
ACE 인버스,145670,KOSPI,1237,1304,-9.24,497808,2026-06-09T16:09:55,,,
덴티움,145720,KOSPI,44500,43950,3.73,27927,2026-06-09T16:09:55,,,
TREX 펀더멘탈 200,145850,KOSPI,132100,127415,5.85,147,2026-06-09T16:09:55,,,
삼양사,145990,KOSPI,42350,42450,1.68,8292,2026-06-09T16:09:55,,,
삼양사우,145995,KOSPI,30600,31150,0.33,1647,2026-06-09T16:09:55,,,
TIGER 모멘텀,147970,KOSPI,96390,93475,6.31,3458,2026-06-09T16:09:55,,,
RISE 200,148020,KOSPI,130910,124750,8.81,710347,2026-06-09T16:09:55,,,
KIWOOM 국고채10년,148070,KOSPI,103925,104035,0.45,19001,2026-06-09T16:09:55,,,
TIGER 중국소비테마,150460,KOSPI,7245,7325,4.85,20150,2026-06-09T16:09:55,,,
PLUS 200,152100,KOSPI,131880,125735,8.79,209208,2026-06-09T16:09:55,,,
KODEX 국채선물10년,152380,KOSPI,64570,64525,0.57,3079,2026-06-09T16:09:55,,,
ACE 레버리지,152500,KOSPI,75585,68080,17.61,96624,2026-06-09T16:09:55,,,
파워 200,152870,KOSPI,131020,125005,8.84,15303,2026-06-09T16:09:55,,,
KODEX 단기채권,153130,KOSPI,113295,113300,0.0,11516,2026-06-09T16:09:55,,,
KIWOOM 코스피100,153270,KOSPI,100460,95045,9.43,6474,2026-06-09T16:09:55,,,
DSR,155660,KOSPI,4120,4115,3.78,22051,2026-06-09T16:09:55,,,
KODEX MSCI Korea,156080,KOSPI,61775,58795,8.85,6899,2026-06-09T16:09:55,,,
TIGER 단기통안채,157450,KOSPI,111870,111890,-0.01,43463,2026-06-09T16:09:55,,,
TIGER 소프트웨어,157490,KOSPI,9925,9235,-1.24,922574,2026-06-09T16:09:55,,,
TIGER 증권,157500,KOSPI,16605,16185,5.5,1364384,2026-06-09T16:09:55,,,
마이티 코스피100,159800,KOSPI,103210,97720,9.11,256,2026-06-09T16:09:55,,,
TIGER 구리실물,160580,KOSPI,16985,16945,0.21,138682,2026-06-09T16:09:55,,,
애경케미칼,161000,KOSPI,10270,10170,0.69,222211,2026-06-09T16:09:55,,,
한국타이어앤테크놀로,161390,KOSPI,73000,70600,8.96,694879,2026-06-09T16:09:55,,,
PLUS 고배당주,161510,KOSPI,26130,25655,3.18,1529013,2026-06-09T16:09:55,,,
한국콜마,161890,KOSPI,81800,83000,5.68,156285,2026-06-09T16:09:55,,,
동일고무벨트,163560,KOSPI,6180,6040,5.28,17857,2026-06-09T16:09:55,,,
TIGER 200커버드콜OTM,166400,KOSPI,23935,22900,9.47,2943,2026-06-09T16:09:55,,,
KIWOOM 국고채10년레,167860,KOSPI,91545,91265,0.93,177,2026-06-09T16:09:55,,,
ACE 중국본토CSI300,168580,KOSPI,38660,38385,0.78,29192,2026-06-09T16:09:55,,,
KODEX 차이나A50,169950,KOSPI,28555,28890,-0.12,748,2026-06-09T16:09:55,,,
동아에스티,170900,KOSPI,37250,36250,4.63,20692,2026-06-09T16:09:55,,,
TIGER 로우볼,174350,KOSPI,20170,19955,3.25,908,2026-06-09T16:09:55,,,
RISE 중국본토대형주C,174360,KOSPI,26240,26195,-0.49,7020,2026-06-09T16:09:55,,,
JB금융지주,175330,KOSPI,25900,25500,4.44,363156,2026-06-09T16:09:55,,,
KODEX 국채선물10년인,176950,KOSPI,60175,60185,-0.38,168603,2026-06-09T16:09:55,,,
PI첨단소재,178920,KOSPI,21400,21500,6.47,162334,2026-06-09T16:09:55,,,
한진칼,180640,KOSPI,114400,115600,9.26,154699,2026-06-09T16:09:55,,,
한진칼우,018064,KOSPI,0,28000,0.0,0,,,,
ACE 미국부동산리츠(,181480,KOSPI,84590,85845,-1.23,385,2026-06-09T16:09:55,,,
NHN,181710,KOSPI,42500,40550,-5.56,207006,2026-06-09T16:09:55,,,
TIGER 미국MSCI리츠(,182480,KOSPI,13430,13700,-1.21,12344,2026-06-09T16:09:55,,,
TIGER 단기선진하이일,182490,KOSPI,13705,13780,0.18,100,2026-06-09T16:09:55,,,
아세아시멘트,183190,KOSPI,9510,9550,5.08,43899,2026-06-09T16:09:55,,,
RISE 200채권혼합50,183700,KOSPI,104365,101375,4.63,9985,2026-06-09T16:09:55,,,
RISE 주식혼합,183710,KOSPI,105320,100265,6.85,2573,2026-06-09T16:09:55,,,
KODEX 미국S&P바이오(,185680,KOSPI,41740,42425,-0.49,2229,2026-06-09T16:09:55,,,
종근당,185750,KOSPI,70800,70500,-1.26,34118,2026-06-09T16:09:55,,,
PLUS 글로벌MSCI(합성,189400,KOSPI,25060,25025,0.12,41,2026-06-09T16:09:55,,,
ACE 단기통안채,190620,KOSPI,101320,101345,0.0,49170,2026-06-09T16:09:55,,,
더블유게임즈,192080,KOSPI,72000,70200,6.04,122061,2026-06-09T16:09:55,,,
TIGER 차이나CSI300,192090,KOSPI,14140,14030,0.07,84153,2026-06-09T16:09:55,,,
쿠쿠홀딩스,192400,KOSPI,24450,25150,3.6,14867,2026-06-09T16:09:55,,,
드림텍,192650,KOSPI,4790,4660,12.57,571028,2026-06-09T16:09:55,,,
파워 고배당저변동성,192720,KOSPI,58455,58290,2.93,4212,2026-06-09T16:09:55,,,
코스맥스,192820,KOSPI,165800,164100,4.61,62497,2026-06-09T16:09:55,,,
제이에스코퍼레이션,194370,KOSPI,10800,11560,9.98,225151,2026-06-09T16:09:55,,,
해성디에스,195870,KOSPI,73600,74100,10.68,185117,2026-06-09T16:09:55,,,
TIGER 일본TOPIX(합성,195920,KOSPI,33440,33225,1.39,658,2026-06-09T16:09:55,,,
TIGER 유로스탁스50(,195930,KOSPI,22310,22160,2.22,28433,2026-06-09T16:09:55,,,
PLUS 선진국MSCI(합성,195970,KOSPI,15730,15625,0.54,7107,2026-06-09T16:09:55,,,
PLUS 신흥국MSCI(합성,195980,KOSPI,15175,14570,1.74,44607,2026-06-09T16:09:55,,,
ACE 일본TOPIX레버리,196030,KOSPI,82380,80145,2.62,722,2026-06-09T16:09:55,,,
RISE 단기통안채,196230,KOSPI,116240,116245,0.0,6025,2026-06-09T16:09:55,,,
KODEX 미국S&P500산업,200030,KOSPI,45245,45855,-1.76,12312,2026-06-09T16:09:55,,,
KIWOOM 인도Nifty50(,200250,KOSPI,22550,22965,-1.61,28415,2026-06-09T16:09:55,,,
서연이화,200880,KOSPI,12000,11520,4.35,56896,2026-06-09T16:09:55,,,
TIGER 미국나스닥바이,203780,KOSPI,31705,32060,-2.63,20845,2026-06-09T16:09:55,,,
JK리버스톤리츠,204210,KOSPI,850,1000,-15.0,668563,2026-06-09T16:09:55,,,
HL만도,204320,KOSPI,51600,50300,2.38,377880,2026-06-09T16:09:55,,,
KODEX 차이나H레버리,204450,KOSPI,2330,2285,1.53,104174,2026-06-09T16:09:55,,,
TIGER 차이나CSI300레,204480,KOSPI,32695,32875,0.43,11164,2026-06-09T16:09:55,,,
ACE 일본TOPIX인버스(,205720,KOSPI,1543,1570,-1.28,32443,2026-06-09T16:09:55,,,
삼성바이오로직스,207940,KOSPI,1296000,1298000,4.26,59718,2026-06-09T16:09:55,,,
디와이파워,210540,KOSPI,12260,12150,4.34,42022,2026-06-09T16:09:55,,,
TIGER 코스피고배당,210780,KOSPI,23800,23420,4.13,17525,2026-06-09T16:09:55,,,
SK디앤디,210980,KOSPI,11320,11370,0.09,14012,2026-06-09T16:09:55,,,
TIGER 배당성장,211560,KOSPI,37195,36540,4.03,14078,2026-06-09T16:09:55,,,
KODEX 코리아배당성장,211900,KOSPI,29835,29160,4.12,75717,2026-06-09T16:09:55,,,
한솔제지,213500,KOSPI,6370,6360,2.41,59665,2026-06-09T16:09:55,,,
KODEX 삼성그룹밸류,213610,KOSPI,25690,24515,7.11,50274,2026-06-09T16:09:55,,,
PLUS 미국다우존스고,213630,KOSPI,19900,20005,-0.4,5227,2026-06-09T16:09:55,,,
이노션,214320,KOSPI,20100,19970,3.55,127358,2026-06-09T16:09:55,,,
금호에이치티,214330,KOSPI,2555,2555,0.0,0,2026-06-09T16:09:55,,,
경보제약,214390,KOSPI,5260,5350,3.54,40027,2026-06-09T16:09:55,,,
토니모리,214420,KOSPI,5410,5380,5.25,65907,2026-06-09T16:09:55,,,
KODEX 단기채권PLUS,214980,KOSPI,114660,114670,0.02,62975,2026-06-09T16:09:55,,,
HK S&P코리아로우볼,215620,KOSPI,15485,15535,0.65,330,2026-06-09T16:09:55,,,
티엠씨,217590,KOSPI,17420,22600,3.02,149847,2026-06-09T16:09:55,,,
TIGER 원유선물인버스,217770,KOSPI,1314,1337,5.12,815606,2026-06-09T16:09:55,,,
TIGER 차이나CSI300인,217780,KOSPI,4925,4930,0.51,413,2026-06-09T16:09:55,,,
KODEX 미국S&P500에너,218420,KOSPI,20250,20235,-2.76,52868,2026-06-09T16:09:55,,,
RISE 미국S&P원유생산,219390,KOSPI,7310,7245,-2.99,55838,2026-06-09T16:09:55,,,
KODEX 미국S&P500선물,219480,KOSPI,32140,31850,0.36,33331,2026-06-09T16:09:55,,,
ACE 중국본토CSI300레,219900,KOSPI,5410,5455,-0.28,4680,2026-06-09T16:09:55,,,
SOL 차이나강소기업CS,220130,KOSPI,6955,6910,1.38,914,2026-06-09T16:09:55,,,
KODEX 200가치저변동,223190,KOSPI,31680,30435,5.11,11797,2026-06-09T16:09:55,,,
TIGER 미국S&P500선물,225030,KOSPI,2325,2340,0.0,20699,2026-06-09T16:09:55,,,
TIGER 미국S&P500레버,225040,KOSPI,64020,62960,0.86,7096,2026-06-09T16:09:55,,,
TIGER 유로스탁스레버,225050,KOSPI,14905,14955,2.48,9,2026-06-09T16:09:55,,,
TIGER 이머징마켓MSCI,225060,KOSPI,16485,15920,3.61,173,2026-06-09T16:09:55,,,
ACE 골드선물 레버리,225130,KOSPI,49500,46380,1.29,4492,2026-06-09T16:09:55,,,
KIWOOM 미국달러선물,225800,KOSPI,17930,18160,-2.87,1143,2026-06-09T16:09:55,,,
잇츠한불,226320,KOSPI,9700,9500,5.21,45973,2026-06-09T16:09:55,,,
ACE Fn성장소비주도주,226380,KOSPI,5885,5700,2.44,89,2026-06-09T16:09:55,,,
KODEX 코스피,226490,KOSPI,83310,79580,8.0,380031,2026-06-09T16:09:55,,,
KODEX 200 중소형,226980,KOSPI,24615,24620,3.97,9817,2026-06-09T16:09:55,,,
TIGER 200 헬스케어,227540,KOSPI,18085,17985,5.08,51189,2026-06-09T16:09:55,,,
TIGER 200 산업재,227550,KOSPI,12650,12915,2.89,10345,2026-06-09T16:09:55,,,
TIGER 200 생활소비재,227560,KOSPI,12690,12635,3.72,3003,2026-06-09T16:09:55,,,
TIGER 우량가치,227570,KOSPI,21090,21000,3.23,4743,2026-06-09T16:09:55,,,
PLUS 코스피,227830,KOSPI,83755,80310,8.84,586,2026-06-09T16:09:55,,,
현대코퍼레이션홀딩스,227840,KOSPI,11850,12020,1.72,5509,2026-06-09T16:09:55,,,
TIGER 화장품,228790,KOSPI,3390,3390,6.6,2203261,2026-06-09T16:09:55,,,
TIGER 여행레저,228800,KOSPI,2930,2960,4.09,265864,2026-06-09T16:09:55,,,
TIGER 미디어컨텐츠,228810,KOSPI,3490,3455,3.71,370779,2026-06-09T16:09:55,,,
TIGER KTOP30,228820,KOSPI,22330,21025,7.46,46752,2026-06-09T16:09:55,,,
KODEX 코스닥150,229200,KOSPI,16760,16560,6.14,50766912,2026-06-09T16:09:55,,,
LS에코에너지,229640,KOSPI,57300,56700,3.43,101309,2026-06-09T16:09:55,,,
KODEX KTOP30,229720,KOSPI,44380,41970,7.22,5753,2026-06-09T16:09:55,,,
KIWOOM 미국달러선물,230480,KOSPI,3875,3830,3.47,18818,2026-06-09T16:09:55,,,
TIGER 코스닥150,232080,KOSPI,17060,16890,5.63,5436328,2026-06-09T16:09:55,,,
TIGER 코스닥150 레버,233160,KOSPI,12510,12275,11.35,1804252,2026-06-09T16:09:55,,,
KODEX 코스닥150레버,233740,KOSPI,11315,11050,11.26,87368820,2026-06-09T16:09:55,,,
JW생명과학,234080,KOSPI,11200,11010,4.38,30274,2026-06-09T16:09:55,,,
RISE V&S셀렉트밸류,234310,KOSPI,31405,30615,5.65,1007,2026-06-09T16:09:55,,,
TIGER 인도니프티50레,236350,KOSPI,30965,32215,-2.89,2984,2026-06-09T16:09:55,,,
KODEX 코스피100,237350,KOSPI,104400,98915,9.17,542318,2026-06-09T16:09:55,,,
KODEX 코리아배당성장,237370,KOSPI,15935,15840,1.56,88527,2026-06-09T16:09:55,,,
TIGER 경기방어채권혼,237440,KOSPI,10075,10120,0.2,8166,2026-06-09T16:09:55,,,
PLUS 스마트베타Quali,238670,KOSPI,13310,13150,1.8,1313,2026-06-09T16:09:55,,,
ACE 일본Nikkei225(H),238720,KOSPI,47450,46650,2.2,12284,2026-06-09T16:09:55,,,
PLUS 우량회사채50,239660,KOSPI,120795,120770,0.11,1130,2026-06-09T16:09:55,,,
TIGER 일본니케이225,241180,KOSPI,37105,36800,0.75,73365,2026-06-09T16:09:55,,,
RISE V&S셀렉트밸류채,241390,KOSPI,16415,16245,2.75,17997,2026-06-09T16:09:55,,,
두산밥캣,241560,KOSPI,63400,63300,3.76,274377,2026-06-09T16:09:55,,,
화승엔터프라이즈,241590,KOSPI,3380,3490,5.79,96882,2026-06-09T16:09:55,,,
TIGER 200IT레버리지,243880,KOSPI,696775,602850,22.67,223985,2026-06-09T16:09:55,,,
TIGER 200에너지화학,243890,KOSPI,10085,9930,5.88,17260,2026-06-09T16:09:55,,,
KODEX 바이오,244580,KOSPI,9730,9545,5.99,1375724,2026-06-09T16:09:55,,,
KODEX 모멘텀Plus,244620,KOSPI,23760,23480,10.77,3180,2026-06-09T16:09:55,,,
KODEX 퀄리티Plus,244660,KOSPI,9315,9240,2.93,346,2026-06-09T16:09:55,,,
KODEX 밸류Plus,244670,KOSPI,11710,11747,2.9,5407,2026-06-09T16:09:55,,,
에이플러스에셋,244920,KOSPI,8910,9790,0.11,16418,2026-06-09T16:09:55,,,
TIGER 미국다우존스30,245340,KOSPI,37300,37545,-1.41,49489,2026-06-09T16:09:55,,,
TIGER 유로스탁스배당,245350,KOSPI,20015,20260,-0.94,3483,2026-06-09T16:09:55,,,
TIGER 차이나HSCEI,245360,KOSPI,13385,13285,0.11,39776,2026-06-09T16:09:55,,,
ACE 베트남VN30(합성),245710,KOSPI,31075,31245,-1.51,65115,2026-06-09T16:09:55,,,
솔루엠,248070,KOSPI,17990,18180,6.64,212379,2026-06-09T16:09:55,,,
샘표식품,248170,KOSPI,22950,22600,0.88,8799,2026-06-09T16:09:55,,,
TIGER S&P글로벌헬스,248270,KOSPI,26150,26550,-1.69,5377,2026-06-09T16:09:55,,,
일동제약,249420,KOSPI,18770,18720,6.05,187504,2026-06-09T16:09:55,,,
RISE 차이나HSCEI(H),250730,KOSPI,9825,9755,0.41,6523,2026-06-09T16:09:55,,,
TIGER 코스닥150선물,250780,KOSPI,2300,2335,-6.5,453801,2026-06-09T16:09:55,,,
넷마블,251270,KOSPI,40600,40000,1.37,297387,2026-06-09T16:09:55,,,
KODEX 코스닥150선물,251340,KOSPI,2285,2300,-6.35,70393961,2026-06-09T16:09:55,,,
KODEX MSCI선진국,251350,KOSPI,41275,41335,-0.9,42099,2026-06-09T16:09:55,,,
PLUS 고배당저변동50,251590,KOSPI,16915,16965,1.99,2385,2026-06-09T16:09:55,,,
PLUS 고배당주채권혼,251600,KOSPI,15595,15535,1.46,469174,2026-06-09T16:09:55,,,
TIGER 200동일가중,252000,KOSPI,20510,20185,4.48,274,2026-06-09T16:09:55,,,
RISE 200선물레버리지,252400,KOSPI,170565,154035,17.01,61973,2026-06-09T16:09:55,,,
RISE 200선물인버스,252410,KOSPI,1255,1323,-9.84,75382,2026-06-09T16:09:55,,,
RISE 200선물인버스2X,252420,KOSPI,88,96,-19.27,4262699,2026-06-09T16:09:55,,,
KODEX 200동일가중,252650,KOSPI,19665,19105,4.77,4114,2026-06-09T16:09:55,,,
KODEX 200선물인버스2,252670,KOSPI,85,93,-17.48,10407009106,2026-06-09T16:09:55,,,
TIGER 200선물인버스2,252710,KOSPI,90,99,-17.43,100039020,2026-06-09T16:09:55,,,
PLUS 200선물레버리지,253150,KOSPI,341520,308630,17.65,39701,2026-06-09T16:09:55,,,
PLUS 200선물인버스2X,253160,KOSPI,174,189,-18.31,1437822,2026-06-09T16:09:55,,,
KIWOOM 200선물인버스,253230,KOSPI,85,90,-15.0,4603708,2026-06-09T16:09:55,,,
KIWOOM 200선물인버스,253240,KOSPI,1275,1341,-7.74,47750,2026-06-09T16:09:55,,,
KIWOOM 200선물레버리,253250,KOSPI,167890,151480,18.02,61780,2026-06-09T16:09:55,,,
RISE 헬스케어,253280,KOSPI,13425,13255,5.09,22811,2026-06-09T16:09:55,,,
RISE 헬스케어채권혼,253290,KOSPI,11735,11710,1.91,135918,2026-06-09T16:09:55,,,
ACE MSCI인도네시아(,256440,KOSPI,5070,5460,1.5,188856,2026-06-09T16:09:55,,,
PLUS 심천차이넥스트(,256450,KOSPI,18670,18385,0.76,262,2026-06-09T16:09:55,,,
KODEX 차이나심천ChiN,256750,KOSPI,19505,19190,1.25,36563,2026-06-09T16:09:55,,,
크래프톤,259960,KOSPI,244500,232000,0.0,157063,2026-06-09T16:09:55,,,
TIGER 코스닥150IT,261060,KOSPI,28285,27815,10.64,101154,2026-06-09T16:09:55,,,
TIGER 코스닥150바이,261070,KOSPI,14460,14415,5.93,309258,2026-06-09T16:09:55,,,
TIGER 미국달러선물레,261110,KOSPI,19050,19250,-3.03,5401,2026-06-09T16:09:55,,,
TIGER 미국달러선물인,261120,KOSPI,4435,4355,2.66,84732,2026-06-09T16:09:55,,,
TIGER 우선주,261140,KOSPI,27800,26590,4.28,49916,2026-06-09T16:09:55,,,
KODEX WTI원유선물(H),261220,KOSPI,24500,23940,-4.35,187152,2026-06-09T16:09:55,,,
KODEX 미국달러선물,261240,KOSPI,15510,15615,-1.56,142498,2026-06-09T16:09:55,,,
KODEX 미국달러선물레,261250,KOSPI,19005,19265,-3.11,126554,2026-06-09T16:09:55,,,
KODEX 미국달러선물인,261260,KOSPI,4470,4405,3.0,1942335,2026-06-09T16:09:55,,,
KODEX 미국달러선물인,261270,KOSPI,7380,7340,1.58,444779,2026-06-09T16:09:55,,,
ACE MSCI필리핀(합성),261920,KOSPI,13240,13375,-1.34,298,2026-06-09T16:09:55,,,
크라운제과,264900,KOSPI,8100,8150,1.25,5805,2026-06-09T16:09:55,,,
크라운제과우,026490,KOSPI,0,8050,0.0,0,,,,
ACE 러시아MSCI(합성),265690,KOSPI,8535,8535,0.0,0,2026-06-09T16:09:55,,,
RISE 고배당,266160,KOSPI,38030,36235,8.02,42013,2026-06-09T16:09:55,,,
KODEX K콘텐츠,266360,KOSPI,11255,10685,-0.22,62289,2026-06-09T16:09:55,,,
KODEX IT,266370,KOSPI,85785,80550,12.76,100705,2026-06-09T16:09:55,,,
KODEX 경기소비재,266390,KOSPI,16850,16800,3.37,128833,2026-06-09T16:09:55,,,
KODEX 필수소비재,266410,KOSPI,9180,9235,4.68,23681,2026-06-09T16:09:55,,,
KODEX 헬스케어,266420,KOSPI,17725,17495,5.54,176505,2026-06-09T16:09:55,,,
PLUS 중형주저변동50,266550,KOSPI,18520,18615,4.66,304,2026-06-09T16:09:55,,,
HD현대,267250,KOSPI,241000,242500,-2.82,182603,2026-06-09T16:09:55,,,
HD현대일렉트릭,267260,KOSPI,944000,986000,6.19,126447,2026-06-09T16:09:55,,,
HD건설기계,267270,KOSPI,143900,144200,8.36,346100,2026-06-09T16:09:55,,,
경동도시가스,267290,KOSPI,19970,19920,0.25,23854,2026-06-09T16:09:55,,,
RISE 미국장기국채선,267440,KOSPI,8210,8090,1.8,3572,2026-06-09T16:09:55,,,
RISE 미국장기국채선,267450,KOSPI,10990,10950,-0.09,390,2026-06-09T16:09:55,,,
RISE 미국장기국채선,267490,KOSPI,5180,5235,-0.58,5,2026-06-09T16:09:55,,,
TIGER 200선물레버리,267770,KOSPI,141210,127800,17.3,104133,2026-06-09T16:09:55,,,
아시아나IDT,267850,KOSPI,9250,9150,-0.11,36305,2026-06-09T16:09:55,,,
미원에스씨,268280,KOSPI,95500,98300,-0.83,2341,2026-06-09T16:09:55,,,
TIGER S&P글로벌인프,269370,KOSPI,18900,19110,-2.05,1156,2026-06-09T16:09:55,,,
KODEX S&P글로벌인프,269420,KOSPI,24220,24310,-2.34,2723,2026-06-09T16:09:55,,,
PLUS S&P글로벌인프라,269530,KOSPI,22060,22125,-2.71,1350,2026-06-09T16:09:55,,,
PLUS 미국S&P500(H),269540,KOSPI,29660,29310,0.42,17953,2026-06-09T16:09:55,,,
RISE KQ고배당,270800,KOSPI,16345,16370,5.93,3709,2026-06-09T16:09:55,,,
RISE 코스닥150,270810,KOSPI,16680,16445,6.55,677662,2026-06-09T16:09:55,,,
KODEX WTI원유선물인,271050,KOSPI,2040,2080,5.26,3640237,2026-06-09T16:09:55,,,
KODEX 3대농산물선물(,271060,KOSPI,7720,7730,0.98,42377,2026-06-09T16:09:55,,,
오리온,271560,KOSPI,132900,132500,3.83,88443,2026-06-09T16:09:55,,,
일진하이솔루스,271940,KOSPI,12510,12980,-0.95,89992,2026-06-09T16:09:55,,,
제일약품,271980,KOSPI,10180,10150,4.95,27221,2026-06-09T16:09:55,,,
한화시스템,272210,KOSPI,86600,91600,0.12,719905,2026-06-09T16:09:55,,,
진에어,272450,KOSPI,5410,5320,1.88,84318,2026-06-09T16:09:55,,,
삼양패키징,272550,KOSPI,8770,8800,2.69,35560,2026-06-09T16:09:55,,,
RISE 단기국공채액티,272560,KOSPI,114055,114040,0.01,8471,2026-06-09T16:09:55,,,
RISE 중장기국공채액,272570,KOSPI,106905,107045,0.39,18,2026-06-09T16:09:55,,,
TIGER 단기채권액티브,272580,KOSPI,56685,56680,-0.01,64592,2026-06-09T16:09:55,,,
ACE 중장기국공채액티,272910,KOSPI,105255,105175,0.28,218,2026-06-09T16:09:55,,,
KODEX 종합채권(AA-이,273130,KOSPI,110150,109850,0.57,94492,2026-06-09T16:09:55,,,
KODEX 단기변동금리부,273140,KOSPI,114820,114815,0.0,6844,2026-06-09T16:09:55,,,
KODEX 모멘텀주,275280,KOSPI,51075,48375,9.84,14138,2026-06-09T16:09:55,,,
KODEX 가치주,275290,KOSPI,38695,36725,9.26,3754,2026-06-09T16:09:55,,,
KODEX 우량주,275300,KOSPI,35495,33705,9.79,15260,2026-06-09T16:09:55,,,
RISE 코스닥150선물인,275750,KOSPI,2330,2355,-6.8,63684,2026-06-09T16:09:55,,,
TIGER 글로벌4차산업,275980,KOSPI,24030,23380,0.54,9427,2026-06-09T16:09:55,,,
TIGER 글로벌자원생산,276000,KOSPI,19815,19505,0.0,937,2026-06-09T16:09:55,,,
RISE 글로벌테크놀로,276650,KOSPI,46450,45220,0.89,113,2026-06-09T16:09:55,,,
KODEX 미국S&P500배당,276970,KOSPI,7340,7475,0.34,10386,2026-06-09T16:09:55,,,
KODEX 글로벌로봇(합,276990,KOSPI,29215,29165,-2.55,28317,2026-06-09T16:09:55,,,
ACE 아시아TOP50,277540,KOSPI,36000,34655,3.72,1302,2026-06-09T16:09:55,,,
TIGER 코스피,277630,KOSPI,84465,80550,8.89,68209,2026-06-09T16:09:55,,,
TIGER 코스피대형주,277640,KOSPI,44830,42785,8.74,65481,2026-06-09T16:09:55,,,
TIGER 코스피중형주,277650,KOSPI,22400,21995,3.49,4539,2026-06-09T16:09:55,,,
RISE 코스닥150선물레,278240,KOSPI,12735,12410,12.6,154479,2026-06-09T16:09:55,,,
에이피알,278470,KOSPI,405000,410500,10.66,286296,2026-06-09T16:09:55,,,
KODEX 200TR,278530,KOSPI,47000,44800,8.8,987558,2026-06-09T16:09:55,,,
KODEX MSCI Korea TR,278540,KOSPI,46100,43640,8.62,87841,2026-06-09T16:09:55,,,
PLUS 단기채권액티브,278620,KOSPI,117960,118030,-0.04,457,2026-06-09T16:09:55,,,
KODEX 고배당주,279530,KOSPI,17890,17810,4.8,627546,2026-06-09T16:09:55,,,
KODEX 최소변동성,279540,KOSPI,24430,23410,8.46,1017,2026-06-09T16:09:55,,,
케이뱅크,279570,KOSPI,5780,6030,6.06,2349984,2026-06-09T16:09:55,,,
ACE 미국IT인터넷(합,280320,KOSPI,20345,20310,-0.61,549,2026-06-09T16:09:55,,,
롯데웰푸드,280360,KOSPI,104300,103200,1.16,22180,2026-06-09T16:09:55,,,
PLUS 주도업종,280920,KOSPI,29060,27460,5.79,254,2026-06-09T16:09:55,,,
KODEX 미국러셀2000(H,280930,KOSPI,16310,16230,1.24,14740,2026-06-09T16:09:55,,,
KODEX 골드선물인버스,280940,KOSPI,3475,3600,-0.29,5350,2026-06-09T16:09:55,,,
케이씨텍,281820,KOSPI,66400,65100,12.73,133189,2026-06-09T16:09:55,,,
RISE 중소형고배당,281990,KOSPI,17500,17590,3.89,1318,2026-06-09T16:09:55,,,
RISE 국고채3년선물인,282000,KOSPI,114840,114800,-0.34,21,2026-06-09T16:09:55,,,
BGF리테일,282330,KOSPI,128700,130100,1.26,75961,2026-06-09T16:09:55,,,
KODEX 차이나CSI300,283580,KOSPI,17240,17230,-0.03,121736,2026-06-09T16:09:55,,,
KODEX 200미국채혼합,284430,KOSPI,23765,23425,2.66,1908649,2026-06-09T16:09:55,,,
쿠쿠홈시스,284740,KOSPI,22150,22200,3.99,11674,2026-06-09T16:09:55,,,
RISE 200금융,284980,KOSPI,22735,22285,3.58,18117,2026-06-09T16:09:55,,,
SK케미칼,285130,KOSPI,40500,40750,4.52,68534,2026-06-09T16:09:55,,,
SK케미칼우,028513,KOSPI,0,21450,0.0,0,,,,
FOCUS ESG리더스,285690,KOSPI,23790,23285,4.96,3,2026-06-09T16:09:55,,,
롯데이노베이트,286940,KOSPI,20100,19720,1.06,46140,2026-06-09T16:09:55,,,
PLUS 미국나스닥테크,287180,KOSPI,60160,58880,1.07,12129,2026-06-09T16:09:55,,,
KODEX MSCI KOREA ESG,289040,KOSPI,39045,37510,8.85,52,2026-06-09T16:09:55,,,
TIGER MSCI KOREA ESG,289250,KOSPI,40875,38100,8.83,1740,2026-06-09T16:09:55,,,
TIGER MSCI KOREA ESG,289260,KOSPI,32755,30900,9.11,809,2026-06-09T16:09:55,,,
TIGER 200커버드콜,289480,KOSPI,11900,11730,12.11,149894,2026-06-09T16:09:55,,,
PLUS 국채선물10년,289670,KOSPI,51835,51675,0.67,362,2026-06-09T16:09:55,,,
RISE 200고배당커버드,290080,KOSPI,6350,6470,9.01,26123,2026-06-09T16:09:55,,,
RISE ESG사회책임투자,290130,KOSPI,56670,53730,9.24,415775,2026-06-09T16:09:55,,,
ACE MSCI멕시코(합성),291130,KOSPI,19260,19250,-1.53,1497,2026-06-09T16:09:55,,,
KIWOOM 코스닥150선물,291620,KOSPI,4085,4100,-7.05,58882,2026-06-09T16:09:55,,,
KIWOOM 코스닥150선물,291630,KOSPI,5650,5555,12.33,135932,2026-06-09T16:09:55,,,
RISE 차이나H선물인버,291680,KOSPI,7985,8062,1.14,425,2026-06-09T16:09:55,,,
KODEX MSCI EM선물(H),291890,KOSPI,12405,12130,3.63,301,2026-06-09T16:09:55,,,
RISE KRX300,292050,KOSPI,58925,55930,9.4,1796,2026-06-09T16:09:55,,,
TIGER 코리아TOP10,292150,KOSPI,45745,43150,9.22,1703405,2026-06-09T16:09:55,,,
TIGER KRX300,292160,KOSPI,57545,55030,8.9,5428,2026-06-09T16:09:55,,,
KODEX KRX300,292190,KOSPI,57710,54850,8.75,58433,2026-06-09T16:09:55,,,
SOL KRX300,292500,KOSPI,58800,55020,9.65,872,2026-06-09T16:09:55,,,
TIGER 일본엔선물,292560,KOSPI,8765,8775,-0.9,54207,2026-06-09T16:09:55,,,
KODEX 국채선물3년인,292770,KOSPI,57785,57780,-0.3,119,2026-06-09T16:09:55,,,
HANARO 200,293180,KOSPI,130400,124075,9.16,49733,2026-06-09T16:09:55,,,
하나제약,293480,KOSPI,9030,8930,2.27,24815,2026-06-09T16:09:55,,,
신한알파리츠,293940,KOSPI,5230,5220,-0.19,313752,2026-06-09T16:09:55,,,
KIWOOM 200TR,294400,KOSPI,170000,161510,8.58,200472,2026-06-09T16:09:55,,,
IPARK현대산업개발,294870,KOSPI,19800,19630,4.16,159714,2026-06-09T16:09:55,,,
RISE 국채선물10년,295000,KOSPI,51095,51130,0.53,57,2026-06-09T16:09:55,,,
RISE 국채선물10년인,295020,KOSPI,60355,60375,-0.6,166007,2026-06-09T16:09:55,,,
SOL 200TR,295040,KOSPI,48750,46335,8.98,205172,2026-06-09T16:09:55,,,
효성화학,298000,KOSPI,38900,38900,0.0,0,2026-06-09T16:09:55,,,
효성티앤씨,298020,KOSPI,324500,328000,3.51,21354,2026-06-09T16:09:55,,,
효성중공업,298040,KOSPI,3467000,3437000,8.48,47004,2026-06-09T16:09:55,,,
HS효성첨단소재,298050,KOSPI,191500,190200,2.46,13318,2026-06-09T16:09:55,,,
PLUS 국채선물3년,298340,KOSPI,55845,55815,0.08,20706,2026-06-09T16:09:55,,,
에어부산,298690,KOSPI,1607,1586,1.39,91648,2026-06-09T16:09:55,,,
KODEX 한국대만IT프리,298770,KOSPI,93785,88675,6.33,64921,2026-06-09T16:09:55,,,
TIGER K게임,300610,KOSPI,5800,5640,2.56,22705,2026-06-09T16:09:55,,,
RISE 게임테마,300640,KOSPI,6865,6700,2.62,15658,2026-06-09T16:09:55,,,
한일시멘트,300720,KOSPI,13770,14250,1.25,123816,2026-06-09T16:09:55,,,
KODEX 게임산업,300950,KOSPI,6065,5930,0.75,415727,2026-06-09T16:09:55,,,
PLUS 코스닥150,301400,KOSPI,16960,16750,6.27,17314,2026-06-09T16:09:55,,,
PLUS 코스닥150선물인,301410,KOSPI,3395,3425,-6.73,163033,2026-06-09T16:09:55,,,
TIGER 중장기국채,302190,KOSPI,49720,49765,0.36,21301,2026-06-09T16:09:55,,,
SK바이오사이언스,302440,KOSPI,39000,38600,4.42,116237,2026-06-09T16:09:55,,,
RISE 코스피,302450,KOSPI,84280,80490,8.16,29866,2026-06-09T16:09:55,,,
KODEX 미국30년국채울,304660,KOSPI,7420,7450,0.2,40292,2026-06-09T16:09:55,,,
KODEX 미국30년국채울,304670,KOSPI,12055,12015,0.08,2076,2026-06-09T16:09:55,,,
HANARO KRX300,304760,KOSPI,56750,53340,9.97,216,2026-06-09T16:09:55,,,
HANARO 코스닥150,304770,KOSPI,16785,16570,7.29,20625,2026-06-09T16:09:55,,,
HANARO 200선물레버리,304780,KOSPI,207545,186950,17.98,8719,2026-06-09T16:09:55,,,
KODEX 미국나스닥100,304940,KOSPI,32760,31970,1.83,8298,2026-06-09T16:09:55,,,
ACE 코스피,305050,KOSPI,83435,80275,7.92,12202,2026-06-09T16:09:55,,,
TIGER 미국채10년선물,305080,KOSPI,13535,13650,-1.17,108117,2026-06-09T16:09:55,,,
TIGER 2차전지테마,305540,KOSPI,20815,20370,3.4,615049,2026-06-09T16:09:55,,,
KODEX 2차전지산업,305720,KOSPI,16775,16335,3.04,8345240,2026-06-09T16:09:55,,,
세아제강,306200,KOSPI,137600,142200,-2.41,10132,2026-06-09T16:09:55,,,
HANARO 200선물인버스,306520,KOSPI,2270,2385,-9.92,48167,2026-06-09T16:09:55,,,
HANARO 코스닥150선물,306530,KOSPI,11425,11050,5.64,19574,2026-06-09T16:09:55,,,
KODEX KRX300레버리지,306950,KOSPI,129210,119135,13.89,3317,2026-06-09T16:09:55,,,
TIGER 의료기기,307510,KOSPI,14465,14225,3.69,3930,2026-06-09T16:09:55,,,
TIGER 지주회사,307520,KOSPI,23535,23205,3.61,1052726,2026-06-09T16:09:55,,,
현대오토에버,307950,KOSPI,687000,683000,-8.64,338857,2026-06-09T16:09:55,,,
씨티알모빌리티,308170,KOSPI,3690,3580,1.51,69290,2026-06-09T16:09:55,,,
KODEX 미국10년국채선,308620,KOSPI,12640,12765,-1.33,41270,2026-06-09T16:09:55,,,
ACE 미국WideMoat동일,309230,KOSPI,31040,31530,-1.73,13647,2026-06-09T16:09:55,,,
RISE 중국MSCI China(,310080,KOSPI,9290,9320,0.7,5373,2026-06-09T16:09:55,,,
TIGER 200TR,310960,KOSPI,75770,72175,8.7,119058,2026-06-09T16:09:55,메타버스 AI 아바타 기술 구글 협력,기술주 강세 추종,메타버스 시장 성장 불확실성
TIGER MSCI Korea TR,310970,KOSPI,57955,54770,8.63,60930,2026-06-09T16:09:55,,,
KODEX 미국빅테크10(H,314250,KOSPI,58915,57025,2.16,53393,2026-06-09T16:09:55,,,
HANARO 농업융복합산,314700,KOSPI,11830,11705,4.14,247,2026-06-09T16:09:55,,,
TIGER 200커뮤니케이,315270,KOSPI,22320,21350,-0.27,74103,2026-06-09T16:09:55,,,
KODEX Top5PlusTR,315930,KOSPI,98955,92495,10.39,175614,2026-06-09T16:09:55,,,
RISE 대형고배당10TR,315960,KOSPI,94450,89730,7.89,436768,2026-06-09T16:09:55,,,
우리금융지주,316140,KOSPI,30000,29800,3.99,4475243,2026-06-09T16:09:55,,,
ACE 싱가포르리츠,316300,KOSPI,14210,14430,-0.59,415,2026-06-09T16:09:55,,,
KIWOOM 코스닥150,316670,KOSPI,8355,8270,6.57,437771,2026-06-09T16:09:55,,,
자이에스앤디,317400,KOSPI,3495,3420,3.25,168768,2026-06-09T16:09:55,,,
명인제약,317450,KOSPI,43800,43750,5.54,18501,2026-06-09T16:09:55,,,
TIGER 골드선물(H),319640,KOSPI,25870,25100,1.03,25444,2026-06-09T16:09:55,,,
KODEX 멀티에셋하이인,321410,KOSPI,10555,10535,-0.42,35,2026-06-09T16:09:55,,,
HD현대에너지솔루션,322000,KOSPI,144000,147800,0.98,260977,2026-06-09T16:09:55,,,
HANARO e커머스,322400,KOSPI,11345,11095,1.25,9718,2026-06-09T16:09:55,,,
HANARO K고배당,322410,KOSPI,23455,23155,3.55,19677,2026-06-09T16:09:55,,,
카카오뱅크,323410,KOSPI,24400,24750,7.25,2472156,2026-06-09T16:09:55,,,
KODEX 성장주,325010,KOSPI,51770,49295,10.49,100262,2026-06-09T16:09:55,,,
KODEX 배당가치,325020,KOSPI,31495,30350,3.81,271828,2026-06-09T16:09:55,,,
SK바이오팜,326030,KOSPI,91900,86400,11.53,353626,2026-06-09T16:09:55,,,
RISE 내수주플러스,326230,KOSPI,12045,11870,2.25,4167,2026-06-09T16:09:55,,,
RISE IT플러스,326240,KOSPI,53850,51060,8.56,15859,2026-06-09T16:09:55,,,
PLUS 코스피TR,328370,KOSPI,45450,43180,7.61,6513,2026-06-09T16:09:55,,,
HD현대중공업,329180,KOSPI,612000,641000,-1.45,339664,2026-06-09T16:09:55,,,
TIGER 리츠부동산인프,329200,KOSPI,3845,3925,2.26,5430888,2026-06-09T16:09:55,,,
KODEX TRF3070,329650,KOSPI,14490,14440,-0.03,74234,2026-06-09T16:09:55,,,
KODEX TRF5050,329660,KOSPI,18350,18395,-0.54,19543,2026-06-09T16:09:55,,,
KODEX TRF7030,329670,KOSPI,22890,22990,-1.19,30337,2026-06-09T16:09:55,,,
TIGER 미국달러단기채,329750,KOSPI,14210,14320,-1.63,684395,2026-06-09T16:09:55,,,
롯데리츠,330590,KOSPI,3455,3605,4.22,216585,2026-06-09T16:09:55,,,
ACE 200TR,332500,KOSPI,87295,83225,9.15,39355,2026-06-09T16:09:55,,,
PLUS 미국단기회사채(,332610,KOSPI,137730,138820,-1.47,150570,2026-06-09T16:09:55,,,
PLUS 미국장기우량회,332620,KOSPI,100180,101090,-1.48,1521,2026-06-09T16:09:55,,,
HANARO 200TR,332930,KOSPI,170185,162295,8.73,2042,2026-06-09T16:09:55,,,
HANARO MSCI Korea TR,332940,KOSPI,58015,54285,10.29,1855,2026-06-09T16:09:55,,,
RISE 팔라듐선물(H),334690,KOSPI,5590,5575,-0.27,23652,2026-06-09T16:09:55,,,
RISE 팔라듐선물인버,334700,KOSPI,3700,3720,0.54,1249,2026-06-09T16:09:55,,,
이지스밸류플러스리츠,334890,KOSPI,3110,3215,1.47,158383,2026-06-09T16:09:55,,,
RISE 금융채액티브,336160,KOSPI,100195,100210,0.27,515,2026-06-09T16:09:55,,,
두산퓨얼셀,336260,KOSPI,72000,71900,0.14,753576,2026-06-09T16:09:55,,,
두산퓨얼셀1우,033626,KOSPI,0,8020,0.0,0,,,,
솔루스첨단소재,336370,KOSPI,10110,10730,3.27,257832,2026-06-09T16:09:55,,,
솔루스첨단소재1우,033637,KOSPI,0,1835,0.0,0,,,,
KODEX 멀티팩터,337120,KOSPI,41090,39560,9.35,49,2026-06-09T16:09:55,,,
KODEX 코스피대형주,337140,KOSPI,43350,41415,8.47,51478,2026-06-09T16:09:55,,,
KODEX 200exTOP,337150,KOSPI,28550,27830,4.83,672,2026-06-09T16:09:55,,,
KODEX 200ESG,337160,KOSPI,56495,53620,8.81,187137,2026-06-09T16:09:55,,,
NH프라임리츠,338100,KOSPI,3525,3600,-0.42,117985,2026-06-09T16:09:55,,,
교촌에프앤비,339770,KOSPI,4230,4100,7.22,291852,2026-06-09T16:09:55,,,
TIGER 리츠부동산인프,341850,KOSPI,4380,4410,0.92,65525,2026-06-09T16:09:55,,,
KCC글라스,344820,KOSPI,22300,22400,0.45,19565,2026-06-09T16:09:55,,,
제이알글로벌리츠,348950,KOSPI,1182,1182,0.0,0,2026-06-09T16:09:55,,,
이지스레지던스리츠,350520,KOSPI,3400,3435,2.1,43886,2026-06-09T16:09:55,,,
KODEX 일본부동산리츠,352540,KOSPI,11120,11240,-0.13,21568,2026-06-09T16:09:55,,,
KODEX 미국부동산리츠,352560,KOSPI,12255,12440,-1.29,9215,2026-06-09T16:09:55,,,
하이브,352820,KOSPI,206500,205000,4.61,224346,2026-06-09T16:09:55,K-POP 스트리밍 수익 신고가,엔터 강세 추종,아티스트 논란 리스크
대덕전자,353200,KOSPI,152600,148400,9.23,1087205,2026-06-09T16:09:55,,,
대덕전자1우,035320,KOSPI,0,31450,0.0,0,,,,
RISE 미국고정배당우,354240,KOSPI,11745,11805,-1.43,3102,2026-06-09T16:09:55,,,
HANARO 글로벌럭셔리S,354350,KOSPI,21215,21715,-2.24,1123,2026-06-09T16:09:55,,,
ACE 코스닥150,354500,KOSPI,16885,16700,6.53,408702,2026-06-09T16:09:55,,,
ACE 종합채권(AA-이상,356540,KOSPI,101260,101045,0.55,2226,2026-06-09T16:09:55,,,
코람코라이프인프라리,357120,KOSPI,3925,3945,1.82,105123,2026-06-09T16:09:55,,,
미래에셋맵스리츠,357250,KOSPI,1835,1840,0.27,41537,2026-06-09T16:09:55,,,
마스턴프리미어리츠,357430,KOSPI,703,698,-0.42,32131,2026-06-09T16:09:55,,,
TIGER CD금리투자KIS(,357870,KOSPI,57595,57600,0.01,320991,2026-06-09T16:09:55,,,
KODEX 코스피TR,359210,KOSPI,41960,40240,8.28,14592,2026-06-09T16:09:55,,,
KODEX 200롱코스닥150,360140,KOSPI,23655,22760,1.9,335827,2026-06-09T16:09:55,,,
KODEX 코스닥150롱코,360150,KOSPI,3275,3385,-2.09,59978,2026-06-09T16:09:55,,,
ACE 미국S&P500,360200,KOSPI,28160,28160,-1.14,759524,2026-06-09T16:09:55,,,
TIGER 미국S&P500,360750,KOSPI,27870,27875,-1.06,28416972,2026-06-09T16:09:55,,,
RISE 200TR,361580,KOSPI,73830,70300,8.78,60395,2026-06-09T16:09:55,,,
SK아이이테크놀로지,361610,KOSPI,17030,16900,2.59,133021,2026-06-09T16:09:55,,,
티와이홀딩스,363280,KOSPI,1921,1932,0.31,92203,2026-06-09T16:09:55,,,
티와이홀딩스우,036328,KOSPI,0,2995,0.0,0,,,,
SOL KIS단기통안채,363510,KOSPI,111535,111545,0.0,1,2026-06-09T16:09:55,,,
KODEX 장기종합채권(A,363570,KOSPI,87595,87160,0.82,459,2026-06-09T16:09:55,,,
KODEX 200IT TR,363580,KOSPI,69250,64520,10.98,262268,2026-06-09T16:09:55,,,
KODEX 혁신기술테마액,364690,KOSPI,47310,45095,8.06,4161,2026-06-09T16:09:55,,,
TIGER BBIG,364960,KOSPI,7095,6875,1.21,49182,2026-06-09T16:09:55,,,
TIGER 바이오TOP10,364970,KOSPI,6900,6780,8.32,2462108,2026-06-09T16:09:55,,,
TIGER 2차전지TOP10,364980,KOSPI,11040,10700,3.27,3925116,2026-06-09T16:09:55,,,
TIGER 게임TOP10,364990,KOSPI,5270,5090,1.25,382277,2026-06-09T16:09:55,,,
TIGER 인터넷TOP10,365000,KOSPI,4935,4685,-0.1,282965,2026-06-09T16:09:55,,,
TIGER AI코리아그로스,365040,KOSPI,42360,40295,9.3,18667,2026-06-09T16:09:55,,,
ESR켄달스퀘어리츠,365550,KOSPI,3500,3475,0.0,507691,2026-06-09T16:09:55,,,
ACE 국고채10년,365780,KOSPI,82040,82105,0.6,13180,2026-06-09T16:09:55,,,
ACE 미국나스닥100,367380,KOSPI,34095,33605,0.26,619138,2026-06-09T16:09:55,,,
HANARO Fn5G산업,367740,KOSPI,51410,48335,9.2,56214,2026-06-09T16:09:55,,,
RISE 네트워크인프라,367760,KOSPI,80805,76115,11.13,1982097,2026-06-09T16:09:55,,,
RISE 수소경제테마,367770,KOSPI,26950,26600,2.32,217942,2026-06-09T16:09:55,,,
HANARO Fn K-뉴딜디지,368190,KOSPI,8340,7995,2.58,3176,2026-06-09T16:09:55,,,
RISE 미국나스닥100,368590,KOSPI,33075,32600,0.3,245104,2026-06-09T16:09:55,,,
KODEX K-뉴딜디지털플,368680,KOSPI,8315,8040,1.9,1356,2026-06-09T16:09:55,,,
RISE 차이나항셍테크,371150,KOSPI,7775,7700,0.32,1770,2026-06-09T16:09:55,,,
TIGER 차이나항셍테크,371160,KOSPI,7990,7870,0.38,823117,2026-06-09T16:09:55,,,
TIGER 글로벌클라우드,371450,KOSPI,13030,12690,-1.96,13726,2026-06-09T16:09:55,,,
TIGER 차이나전기차SO,371460,KOSPI,12990,12795,-0.46,580669,2026-06-09T16:09:55,,,
TIGER 차이나바이오테,371470,KOSPI,7340,7360,-1.41,141275,2026-06-09T16:09:55,,,
ACE 차이나항셍테크,371870,KOSPI,7730,7675,-0.13,2482,2026-06-09T16:09:55,,,
KODEX 차이나항셍테크,372330,KOSPI,7990,7860,0.25,176750,2026-06-09T16:09:55,,,
한컴라이프케어,372910,KOSPI,1959,1909,2.57,48517,2026-06-09T16:09:55,,,
LG에너지솔루션,373220,KOSPI,396500,385500,2.06,420962,2026-06-09T16:09:55,ESS 대형 계약 체결로 매출 확대,계약 공시 후 매수,정책 변화 리스크
KODEX 코리아혁신성장,373490,KOSPI,31845,31040,5.32,2047,2026-06-09T16:09:55,,,
KIWOOM 미국방어배당,373790,KOSPI,16315,16695,-1.06,1400,2026-06-09T16:09:55,,,
RISE 글로벌데이터센,375270,KOSPI,16665,16580,-0.98,5874,2026-06-09T16:09:55,,,
DL이앤씨,375500,KOSPI,69600,70400,3.11,300567,2026-06-09T16:09:55,,,
DL이앤씨우,037550,KOSPI,0,23300,0.0,0,,,,
HANARO 탄소효율그린,375760,KOSPI,28695,27075,9.96,4549,2026-06-09T16:09:55,,,
KODEX 탄소효율그린뉴,375770,KOSPI,28990,27590,9.11,1512,2026-06-09T16:09:55,,,
TIGER 탄소효율그린뉴,376410,KOSPI,28640,27375,8.77,1986,2026-06-09T16:09:55,,,
디앤디플랫폼리츠,377190,KOSPI,2395,2405,4.81,116930,2026-06-09T16:09:55,,,
카카오페이,377300,KOSPI,44150,42500,5.12,269426,2026-06-09T16:09:55,,,
바이오노트,377740,KOSPI,4650,4720,2.88,84339,2026-06-09T16:09:55,,,
TIGER Fn신재생에너지,377990,KOSPI,28870,29530,4.6,139599,2026-06-09T16:09:55,,,
화승알앤에이,378850,KOSPI,3040,2980,1.5,172049,2026-06-09T16:09:55,,,
RISE 미국S&P500,379780,KOSPI,24365,24365,-1.12,411716,2026-06-09T16:09:55,,,
RISE 유로스탁스50(H),379790,KOSPI,16570,16640,0.49,16047,2026-06-09T16:09:55,,,
KODEX 미국S&P500,379800,KOSPI,25410,25405,-1.11,32952449,2026-06-09T16:09:55,,,
KODEX 미국나스닥100,379810,KOSPI,29695,29270,0.37,6809378,2026-06-09T16:09:55,,,
ACE 코리아AI테크핵심,380340,KOSPI,38055,35350,8.36,122716,2026-06-09T16:09:55,,,
TIGER 미국테크TOP10,381170,KOSPI,33365,32935,-1.33,1341768,2026-06-09T16:09:55,,,
TIGER 미국필라델피아,381180,KOSPI,52070,49925,5.13,3950487,2026-06-09T16:09:55,,,
HANARO Fn전기&수소차,381560,KOSPI,21720,20935,7.52,42075,2026-06-09T16:09:55,,,
HANARO Fn친환경에너,381570,KOSPI,11510,11655,3.51,26668,2026-06-09T16:09:55,,,
케이카,381970,KOSPI,8310,8460,-1.07,161583,2026-06-09T16:09:55,,,
F&F,383220,KOSPI,74600,79000,5.67,76971,2026-06-09T16:09:55,,,
LX홀딩스,383800,KOSPI,7880,7850,1.68,113405,2026-06-09T16:09:55,,,
LX홀딩스1우,038380,KOSPI,0,8050,0.0,0,,,,
KODEX 신재생에너지액,385510,KOSPI,42740,43505,3.89,215523,2026-06-09T16:09:55,,,
KODEX 자율주행액티브,385520,KOSPI,19900,19235,5.68,32663,2026-06-09T16:09:55,,,
RISE 종합채권(A-이상,385540,KOSPI,103120,102820,0.6,13721,2026-06-09T16:09:55,,,
RISE 단기채권알파액,385550,KOSPI,113305,113310,-0.01,6638,2026-06-09T16:09:55,,,
RISE KIS국고채30년En,385560,KOSPI,55080,54315,1.98,61115,2026-06-09T16:09:55,,,
ACE ESG액티브,385590,KOSPI,27030,25605,8.12,439,2026-06-09T16:09:55,,,
ACE 2차전지&친환경차,385600,KOSPI,14980,14335,5.57,31159,2026-06-09T16:09:55,,,
TIME K이노베이션액티,385710,KOSPI,13535,12885,4.52,12597,2026-06-09T16:09:55,,,
TIME 코스피액티브,385720,KOSPI,30805,29355,7.92,261707,2026-06-09T16:09:55,,,
TIGER 글로벌이노베이,387270,KOSPI,30140,29215,2.36,8922,2026-06-09T16:09:55,,,
TIGER 퓨처모빌리티액,387280,KOSPI,14570,13900,2.35,21220,2026-06-09T16:09:55,,,
RISE K엔터&여행레저,388280,KOSPI,8230,8390,6.19,20666,2026-06-09T16:09:55,,,
RISE 비메모리반도체,388420,KOSPI,36630,34845,11.73,209536,2026-06-09T16:09:55,,,
KODEX 미국반도체,390390,KOSPI,62685,60835,4.15,1209543,2026-06-09T16:09:55,,,
KODEX 미국스마트모빌,390400,KOSPI,8800,8570,-0.79,5322,2026-06-09T16:09:55,,,
ACE 미국친환경그린테,391600,KOSPI,12910,12690,-1.03,1457,2026-06-09T16:09:55,,,
HK 베스트일레븐액티,391670,KOSPI,34470,32705,7.9,1421,2026-06-09T16:09:55,,,
TIGER 글로벌자율주행,394660,KOSPI,19895,19320,0.76,11196,2026-06-09T16:09:55,,,
TIGER 글로벌리튬&2차,394670,KOSPI,13175,13000,0.61,84707,2026-06-09T16:09:55,,,
KODEX 웹툰&드라마,395150,KOSPI,2010,1940,0.25,159798,2026-06-09T16:09:55,,,
KODEX AI반도체TOP2플,395160,KOSPI,51455,47985,14.34,7815390,2026-06-09T16:09:55,,,
KODEX Top10동일가중,395170,KOSPI,19425,18850,6.58,18369,2026-06-09T16:09:55,,,
HANARO Fn K-반도체,395270,KOSPI,72390,67925,13.74,4533115,2026-06-09T16:09:55,,,
HANARO Fn K-게임,395280,KOSPI,3825,3695,0.0,8444,2026-06-09T16:09:55,,,
HANARO Fn K-POP&미디,395290,KOSPI,5590,5545,4.78,104956,2026-06-09T16:09:55,,,
SK리츠,395400,KOSPI,4840,5340,0.83,577989,2026-06-09T16:09:55,,,
PLUS ESG가치주액티브,395750,KOSPI,24560,23375,6.71,373,2026-06-09T16:09:55,,,
PLUS ESG성장주액티브,395760,KOSPI,24965,24280,8.05,371,2026-06-09T16:09:55,,,
TIGER 반도체TOP10,396500,KOSPI,49410,46830,12.07,18742697,2026-06-09T16:09:55,,,
TIGER 차이나클린에너,396510,KOSPI,8810,8595,0.06,10137,2026-06-09T16:09:55,,,
TIGER 차이나반도체FA,396520,KOSPI,15445,15340,2.83,490343,2026-06-09T16:09:55,,,
미래에셋글로벌리츠,396690,KOSPI,1454,1453,2.18,125183,2026-06-09T16:09:55,,,
RISE 국채선물5년추종,397420,KOSPI,50135,50200,0.31,5,2026-06-09T16:09:55,,,
SOL 미국S&P500ESG,399110,KOSPI,21920,22160,-1.53,23753,2026-06-09T16:09:55,,,
RISE 글로벌클린에너,399580,KOSPI,12210,11885,-4.57,15914,2026-06-09T16:09:55,,,
KODEX 유럽탄소배출권,400570,KOSPI,10665,10540,1.28,14184,2026-06-09T16:09:55,,,
SOL 유럽탄소배출권선,400580,KOSPI,10835,10790,0.46,1656,2026-06-09T16:09:55,,,
SOL 글로벌탄소배출권,400590,KOSPI,14415,14440,-2.17,6670,2026-06-09T16:09:55,,,
NH올원리츠,400760,KOSPI,2985,3015,2.93,149988,2026-06-09T16:09:55,,,
TIGER Fn메타버스,400970,KOSPI,9395,9105,0.97,44205,2026-06-09T16:09:55,,,
RISE 메타버스,401170,KOSPI,13680,12815,6.42,115011,2026-06-09T16:09:55,,,
KODEX 메타버스액티브,401470,KOSPI,10710,10260,5.05,41419,2026-06-09T16:09:55,,,
HANARO 글로벌탄소배,401590,KOSPI,11560,11545,-1.32,5716,2026-06-09T16:09:55,,,
SK스퀘어,402340,KOSPI,1269000,1183000,13.51,848972,2026-06-09T16:09:55,,,
HANARO Fn K-메타버스,402460,KOSPI,17555,16480,4.31,26488,2026-06-09T16:09:55,,,
ACE 미국배당다우존스,402970,KOSPI,15805,15880,-0.91,394294,2026-06-09T16:09:55,,,
쏘카,403550,KOSPI,10600,10930,-2.93,91925,2026-06-09T16:09:55,,,
MIDAS 코스피액티브,403790,KOSPI,67270,64030,7.71,3580,2026-06-09T16:09:55,,,
TIME K신재생에너지액,404120,KOSPI,29010,28035,5.53,7542,2026-06-09T16:09:55,,,
KODEX 기후변화솔루션,404260,KOSPI,28410,27730,5.61,542,2026-06-09T16:09:55,,,
TIGER KRX기후변화솔,404540,KOSPI,28800,27265,6.12,1462,2026-06-09T16:09:55,,,
SOL KRX기후변화솔루,404650,KOSPI,28475,27365,6.43,4066,2026-06-09T16:09:55,,,
신한서부티엔디리츠,404990,KOSPI,3735,4455,14.22,361143,2026-06-09T16:09:55,,,
HANARO Fn골프테마,407300,KOSPI,12495,12450,5.98,8199,2026-06-09T16:09:55,,,
HANARO 200 TOP10,407310,KOSPI,19830,18975,7.51,5659,2026-06-09T16:09:55,,,
에셋플러스 코리아플,407820,KOSPI,7225,7065,3.58,1043,2026-06-09T16:09:55,,,
에셋플러스 글로벌플,407830,KOSPI,16610,16190,1.56,21484,2026-06-09T16:09:55,,,
KODEX 미국나스닥100,409810,KOSPI,5510,5645,-2.04,189879,2026-06-09T16:09:55,,,
KODEX 미국나스닥100,409820,KOSPI,20600,19725,3.41,183543,2026-06-09T16:09:55,,,
TIME K컬처액티브,410870,KOSPI,10480,10545,5.01,17116,2026-06-09T16:09:55,,,
ACE KRX금현물,411060,KOSPI,29220,28310,0.69,1564422,2026-06-09T16:09:55,,,
KODEX 미국나스닥AI테,411420,KOSPI,29780,29320,-0.25,30362,2026-06-09T16:09:55,,,
SOL 200 Top10,411540,KOSPI,20255,19505,6.35,13238,2026-06-09T16:09:55,,,
KIWOOM 독일DAX,411860,KOSPI,17960,18040,-0.42,516,2026-06-09T16:09:55,,,
TIGER BBIG레버리지,412560,KOSPI,2195,2005,3.54,5123,2026-06-09T16:09:55,,,
TIGER 2차전지TOP10레,412570,KOSPI,1658,1529,2.35,8999785,2026-06-09T16:09:55,,,
TIGER 글로벌AI플랫폼,412770,KOSPI,16080,15545,1.04,33315,2026-06-09T16:09:55,,,
SOL 차이나태양광CSI(,413220,KOSPI,6025,5885,0.17,6169,2026-06-09T16:09:55,,,
WON AI ESG액티브,413930,KOSPI,33155,31655,8.47,547,2026-06-09T16:09:55,,,
ACE 글로벌자율주행액,414270,KOSPI,14115,13870,0.25,119956,2026-06-09T16:09:55,,,
TIGER 차이나과창판ST,414780,KOSPI,15115,15105,1.37,952623,2026-06-09T16:09:55,,,
KODEX 차이나과창판ST,415340,KOSPI,15550,15595,3.67,63637,2026-06-09T16:09:55,,,
KB발해인프라,415640,KOSPI,9700,9380,0.94,87704,2026-06-09T16:09:55,,,
SOL 차이나육성산업액,415760,KOSPI,14275,14270,1.57,44948,2026-06-09T16:09:55,,,
PLUS 글로벌희토류&전,415920,KOSPI,9070,9055,0.72,72512,2026-06-09T16:09:55,,,
ACE 중국과창판STAR50,416090,KOSPI,14090,13855,1.66,17137,2026-06-09T16:09:55,,,
코람코더원리츠,417310,KOSPI,9960,10020,3.21,85433,2026-06-09T16:09:55,,,
RISE 글로벌수소경제,417450,KOSPI,19785,19870,-3.01,14406,2026-06-09T16:09:55,,,
TIGER KEDI혁신기업ES,417630,KOSPI,21015,20650,5.36,6551,2026-06-09T16:09:55,,,
TIGER 미국나스닥100,418660,KOSPI,49225,47970,0.43,487105,2026-06-09T16:09:55,,,
TIGER 글로벌AI사이버,418670,KOSPI,15885,15470,-1.94,79620,2026-06-09T16:09:55,,,
KODEX 미국클린에너지,419420,KOSPI,12285,11910,-0.61,9948,2026-06-09T16:09:55,,,
KODEX 차이나2차전지M,419430,KOSPI,11380,11195,1.88,15978,2026-06-09T16:09:55,,,
PLUS 글로벌수소&차세,419650,KOSPI,6755,6390,-3.15,92037,2026-06-09T16:09:55,,,
KIWOOM 단기채권ESG액,419890,KOSPI,106670,106680,0.01,10,2026-06-09T16:09:55,,,
PLUS 우주항공,421320,KOSPI,35535,36580,2.93,198137,2026-06-09T16:09:55,,,
VITA MZ소비액티브,422260,KOSPI,10050,10330,5.9,7386,2026-06-09T16:09:55,,,
RISE 2차전지액티브,422420,KOSPI,8075,7915,3.06,297520,2026-06-09T16:09:55,,,
KODEX KOFR금리액티브,423160,KOSPI,110720,110730,0.01,86814,2026-06-09T16:09:55,,,
SOL 글로벌AI반도체탑,423170,KOSPI,67710,64585,7.85,191597,2026-06-09T16:09:55,,,
TIGER 미국필라델피아,423920,KOSPI,136780,126295,9.06,265322,2026-06-09T16:09:55,,,
HANARO 글로벌워터MSC,424460,KOSPI,15660,15995,-1.91,308,2026-06-09T16:09:55,,,
TIME 미국S&P500액티,426020,KOSPI,35490,34890,0.11,148078,2026-06-09T16:09:55,,,
TIME 미국나스닥100액,426030,KOSPI,56135,53440,2.95,1209155,2026-06-09T16:09:55,,,
WON 대한민국국고채액,426150,KOSPI,51565,51375,0.73,35908,2026-06-09T16:09:55,,,
RISE AI플랫폼,427120,KOSPI,5635,5445,0.81,70609,2026-06-09T16:09:55,,,
KODEX 차이나AI테크액,428510,KOSPI,29280,28425,2.0,26852,2026-06-09T16:09:55,,,
KODEX 미국ETF산업Top,428560,KOSPI,16325,16550,-2.68,3748,2026-06-09T16:09:55,,,
TIGER 미국S&P500배당,429000,KOSPI,13835,14160,-1.64,115598,2026-06-09T16:09:55,,,
TIGER 미국나스닥넥스,429010,KOSPI,21135,21030,-1.03,905,2026-06-09T16:09:55,,,
PLUS K리츠,429740,KOSPI,5810,6070,0.78,5515,2026-06-09T16:09:55,,,
PLUS 미국S&P500,429760,KOSPI,20735,20725,-1.12,14655,2026-06-09T16:09:55,,,
SOL 한국형글로벌전기,429980,KOSPI,21270,20310,2.19,3889,2026-06-09T16:09:55,,,
KIWOOM 물가채KIS,430500,KOSPI,112675,112650,0.48,473,2026-06-09T16:09:55,,,
KB스타리츠,432320,KOSPI,1477,1516,5.12,611472,2026-06-09T16:09:55,,,
RISE 국채선물3년,432600,KOSPI,54690,54770,0.23,8,2026-06-09T16:09:55,,,
HANARO 미국S&P500,432840,KOSPI,20900,20850,-1.3,7603,2026-06-09T16:09:55,,,
에셋플러스 글로벌대,433220,KOSPI,35760,35580,-0.75,548,2026-06-09T16:09:55,,,
UNICORN R&D 액티브,433250,KOSPI,28430,27415,1.61,97,2026-06-09T16:09:55,,,
SOL 미국S&P500,433330,KOSPI,23270,23265,-1.08,94643,2026-06-09T16:09:55,,,
ACE 원자력TOP10,433500,KOSPI,64500,65950,4.94,117792,2026-06-09T16:09:55,,,
PLUS TDF2060액티브,433880,KOSPI,19760,19660,-0.18,25562,2026-06-09T16:09:55,,,
KODEX TDF2030액티브,433970,KOSPI,14470,14455,0.17,118305,2026-06-09T16:09:55,,,
KODEX TDF2040액티브,433980,KOSPI,16680,16630,0.24,87165,2026-06-09T16:09:55,,,
KODEX TDF2050액티브,434060,KOSPI,18185,18080,0.69,212659,2026-06-09T16:09:55,,,
HANARO 원자력iSelect,434730,KOSPI,66755,68060,6.21,269777,2026-06-09T16:09:55,,,
DAISHIN343 K200,434960,KOSPI,130880,124900,8.84,1079,2026-06-09T16:09:55,,,
ACE 글로벌브랜드TOP1,435040,KOSPI,20620,20575,-0.22,1063,2026-06-09T16:09:55,,,
TIGER 미국나스닥100,435420,KOSPI,14660,14565,0.27,388746,2026-06-09T16:09:55,,,
KIWOOM TDF2030액티브,435530,KOSPI,16660,16595,-0.33,3823,2026-06-09T16:09:55,,,
KIWOOM TDF2040액티브,435540,KOSPI,18765,18665,0.13,1661,2026-06-09T16:09:55,,,
KIWOOM TDF2050액티브,435550,KOSPI,19390,19225,-1.32,5315,2026-06-09T16:09:55,,,
SOL 종합채권(AA-이상,436140,KOSPI,106095,106155,0.26,39,2026-06-09T16:09:55,,,
KODEX 아시아달러채권,437070,KOSPI,65610,66175,-1.59,994,2026-06-09T16:09:55,,,
KODEX 미국종합채권ES,437080,KOSPI,98740,98610,0.24,3593,2026-06-09T16:09:55,,,
RISE 미국단기투자등,437350,KOSPI,13290,13405,-1.37,22313,2026-06-09T16:09:55,,,
RISE 글로벌농업경제,437370,KOSPI,10860,10855,-2.64,6253,2026-06-09T16:09:55,,,
ACE 미국S&P500미국채,438080,KOSPI,15065,15130,-1.34,880779,2026-06-09T16:09:55,,,
ACE 미국나스닥100미,438100,KOSPI,16600,16560,-0.63,703176,2026-06-09T16:09:55,,,
TIGER 차이나항셍테크,438320,KOSPI,5925,5685,2.86,80482,2026-06-09T16:09:55,,,
TIGER 우량회사채액티,438330,KOSPI,114450,114540,0.31,18756,2026-06-09T16:09:55,,,
SOL 국고채3년,438560,KOSPI,99525,99540,0.3,297,2026-06-09T16:09:55,,,
SOL 국고채10년,438570,KOSPI,97305,97650,0.1,114,2026-06-09T16:09:55,,,
MIDAS 중소형액티브,438740,KOSPI,38545,38305,5.91,143,2026-06-09T16:09:55,,,
HANARO Fn K-푸드,438900,KOSPI,10835,10775,2.17,30680,2026-06-09T16:09:55,,,
대한조선,439260,KOSPI,60900,61100,1.33,84767,2026-06-09T16:09:55,,,
KODEX ESG종합채권(A-,439860,KOSPI,112785,112810,0.23,193,2026-06-09T16:09:55,,,
KODEX 국고채30년액티,439870,KOSPI,91210,90275,1.53,8201,2026-06-09T16:09:55,,,
TIGER 글로벌멀티에셋,440340,KOSPI,13090,13155,-0.49,19183,2026-06-09T16:09:55,,,
ACE 단기채권알파액티,440640,KOSPI,111830,111825,0.03,2743,2026-06-09T16:09:55,,,
ACE 미국달러단기채권,440650,KOSPI,12595,12700,-1.52,68113,2026-06-09T16:09:55,,,
WON 미국우주항공방산,440910,KOSPI,27825,28100,-1.92,31536,2026-06-09T16:09:55,,,
HANARO Fn조선해운,441540,KOSPI,29460,30310,0.58,28019,2026-06-09T16:09:55,,,
KODEX 미국배당커버드,441640,KOSPI,13430,13450,-1.25,1797174,2026-06-09T16:09:55,,,
TIGER 미국나스닥100,441680,KOSPI,11685,11615,0.0,107643,2026-06-09T16:09:55,,,
TIME Korea플러스배당,441800,KOSPI,34585,33185,6.88,718540,2026-06-09T16:09:55,,,
에셋플러스 코리아대,442090,KOSPI,34215,33460,7.7,6698,2026-06-09T16:09:55,,,
마이티 다이나믹퀀트,442260,KOSPI,45360,42815,8.67,1288,2026-06-09T16:09:55,,,
RISE 글로벌원자력,442320,KOSPI,41490,40695,1.15,50776,2026-06-09T16:09:55,,,
RISE TDF2030액티브,442550,KOSPI,15425,15335,1.11,12776,2026-06-09T16:09:55,,,
RISE TDF2040액티브,442560,KOSPI,17430,17275,0.46,16691,2026-06-09T16:09:55,,,
RISE TDF2050액티브,442570,KOSPI,18670,18430,0.86,198617,2026-06-09T16:09:55,,,
PLUS 글로벌HBM반도체,442580,KOSPI,121475,114110,11.0,1681989,2026-06-09T16:09:55,,,
HD현대마린솔루션,443060,KOSPI,210000,229000,1.2,124881,2026-06-09T16:09:55,,,
SOL 코리아메가테크액,444200,KOSPI,55700,53855,7.43,255978,2026-06-09T16:09:55,,,
WON 미국S&P500,444490,KOSPI,21370,21360,-1.06,65897,2026-06-09T16:09:55,,,
KODEX 친환경조선해운,445150,KOSPI,31505,32355,1.35,16536,2026-06-09T16:09:55,,,
KODEX 로봇액티브,445290,KOSPI,39790,37770,0.67,2996500,2026-06-09T16:09:55,,,
BNK 주주가치액티브,445690,KOSPI,34190,33035,6.71,216,2026-06-09T16:09:55,,,
TIGER MKF배당귀족,445910,KOSPI,21480,21065,3.52,12455,2026-06-09T16:09:55,,,
유니드비티플러스,446070,KOSPI,2245,2280,2.28,39398,2026-06-09T16:09:55,,,
KODEX 아시아AI반도체,446690,KOSPI,75360,71215,7.55,15336,2026-06-09T16:09:55,,,
RISE 배터리 리사이클,446700,KOSPI,11430,11135,3.67,7663,2026-06-09T16:09:55,,,
SOL 미국배당다우존스,446720,KOSPI,14190,14310,-1.15,285753,2026-06-09T16:09:55,,,
ACE 글로벌반도체TOP4,446770,KOSPI,91390,88245,6.64,413081,2026-06-09T16:09:55,,,
ACE 주주환원가치주액,447430,KOSPI,16255,16345,2.75,31245,2026-06-09T16:09:55,,,
SOL 미국TOP5채권혼합,447620,KOSPI,15970,15855,-0.71,40948,2026-06-09T16:09:55,,,
PLUS 애플채권혼합,447660,KOSPI,13755,13600,-0.97,14167,2026-06-09T16:09:55,,,
TIGER 테슬라채권혼합,447770,KOSPI,14605,14455,1.11,293406,2026-06-09T16:09:55,,,
WON 200,448100,KOSPI,134050,127760,8.91,33628,2026-06-09T16:09:55,,,
TIGER 미국S&P500(H),448290,KOSPI,17295,17150,0.44,147797,2026-06-09T16:09:55,,,
TIGER 미국나스닥100(,448300,KOSPI,23130,22620,1.94,329833,2026-06-09T16:09:55,,,
KODEX 삼성전자채권혼,448330,KOSPI,18050,17800,2.56,1144982,2026-06-09T16:09:55,,,
HANARO 32-10 국고채,448490,KOSPI,52625,52560,0.43,5429,2026-06-09T16:09:55,,,
ACE 엔비디아채권혼합,448540,KOSPI,26700,26620,0.0,91538,2026-06-09T16:09:55,,,
FOCUS AI코리아액티브,448570,KOSPI,32950,32235,4.42,1174,2026-06-09T16:09:55,,,
RISE 삼성그룹Top3채,448630,KOSPI,15260,15050,1.9,370252,2026-06-09T16:09:55,,,
삼성FN리츠,448730,KOSPI,4880,4895,3.39,30950,2026-06-09T16:09:55,,,
TIGER KOFR금리액티브,449170,KOSPI,111070,111075,0.01,112749,2026-06-09T16:09:55,,,
KODEX 미국S&P500(H),449180,KOSPI,16660,16510,0.48,429998,2026-06-09T16:09:55,,,
KODEX 미국나스닥100(,449190,KOSPI,22390,21900,1.91,355201,2026-06-09T16:09:55,,,
PLUS K방산,449450,KOSPI,58345,61395,1.57,737863,2026-06-09T16:09:55,,,
RISE 테슬라애플아마,449580,KOSPI,16900,16530,0.09,35180,2026-06-09T16:09:55,,,
TIGER 한중전기차(합,449680,KOSPI,13415,13525,0.19,24,2026-06-09T16:09:55,,,
TIGER 한중반도체(합,449690,KOSPI,57210,55395,7.47,2237,2026-06-09T16:09:55,,,
KIWOOM 미국S&P500,449770,KOSPI,22300,22310,-1.09,633864,2026-06-09T16:09:55,,,
KIWOOM 미국S&P500(H),449780,KOSPI,18230,18030,0.44,9761,2026-06-09T16:09:55,,,
에코프로머티,450080,KOSPI,53400,52800,7.12,473863,2026-06-09T16:09:55,,,
KODEX 한중전기차(합,450180,KOSPI,13935,13400,1.35,69,2026-06-09T16:09:55,,,
KODEX 한중반도체(합,450190,KOSPI,57600,55535,7.49,2266,2026-06-09T16:09:55,,,
SOL 코스닥150,450910,KOSPI,16455,16235,6.71,26046,2026-06-09T16:09:55,,,
PLUS 종합채권(AA-이,451000,KOSPI,107370,107300,0.18,574,2026-06-09T16:09:55,,,
1Q 200액티브,451060,KOSPI,41835,39865,8.89,289235,2026-06-09T16:09:55,,,
에셋플러스 글로벌영,451150,KOSPI,19000,19010,0.05,10,2026-06-09T16:09:55,,,
TIGER 국고채30년스트,451530,KOSPI,38815,38160,2.24,83557,2026-06-09T16:09:55,,,
TIGER 종합채권(AA-이,451540,KOSPI,52890,52775,0.61,8406,2026-06-09T16:09:55,,,
PLUS 국고채30년액티,451600,KOSPI,87980,87020,1.29,56,2026-06-09T16:09:55,,,
RISE 국채30년레버리,451670,KOSPI,13585,13260,3.47,1504,2026-06-09T16:09:55,,,
한화리츠,451800,KOSPI,4125,4455,2.36,123189,2026-06-09T16:09:55,,,
ACE 미국30년국채선물,452250,KOSPI,5005,5025,0.0,6943,2026-06-09T16:09:55,,,
한화갤러리아,452260,KOSPI,2480,2470,3.55,2430589,2026-06-09T16:09:55,,,
한화갤러리아우,045226,KOSPI,0,4900,0.0,0,,,,
SOL 미국배당다우존스,452360,KOSPI,12710,12685,0.24,62360,2026-06-09T16:09:55,,,
PLUS KOFR금리,453010,KOSPI,109195,109210,0.01,2274,2026-06-09T16:09:55,,,
HANARO KOFR금리액티,453060,KOSPI,110715,110725,0.0,122,2026-06-09T16:09:55,,,
KIWOOM 미국나스닥100,453080,KOSPI,23205,22640,1.87,23527,2026-06-09T16:09:55,,,
RISE 미국S&P500(H),453330,KOSPI,17615,17475,0.43,16277,2026-06-09T16:09:55,,,
현대그린푸드,453340,KOSPI,17010,17210,3.22,33399,2026-06-09T16:09:55,,,
KODEX 미국S&P500필수,453630,KOSPI,13235,13435,-1.53,34921,2026-06-09T16:09:55,,,
KODEX 미국S&P500헬스,453640,KOSPI,13900,14175,-2.11,47914,2026-06-09T16:09:55,,,
KODEX 미국S&P500금융,453650,KOSPI,19225,19470,-2.01,17813,2026-06-09T16:09:55,,,
KODEX 미국S&P500경기,453660,KOSPI,18780,18855,-0.5,3064,2026-06-09T16:09:55,,,
KODEX 인도Nifty50,453810,KOSPI,12355,12575,-1.36,116383,2026-06-09T16:09:55,,,
KODEX 인도Nifty50레,453820,KOSPI,12815,13370,-3.25,24857,2026-06-09T16:09:55,,,
ACE 미국30년국채액티,453850,KOSPI,7395,7405,0.07,1808866,2026-06-09T16:09:55,,,
TIGER 인도니프티50,453870,KOSPI,12175,12490,-1.7,158472,2026-06-09T16:09:55,,,
TIGER TSMC파운드리밸,453950,KOSPI,37110,36365,-0.07,48941,2026-06-09T16:09:55,,,
KIWOOM 차이나내수소,454180,KOSPI,8200,8230,-1.91,4026,2026-06-09T16:09:55,,,
HANARO CAPEX설비투자,454320,KOSPI,46615,47435,5.83,15207,2026-06-09T16:09:55,,,
KIWOOM 종합채권(AA-,454780,KOSPI,99790,99520,0.5,134,2026-06-09T16:09:55,,,
두산로보틱스,454910,KOSPI,116600,106600,-8.33,2198078,2026-06-09T16:09:55,,,
KODEX 미국달러SOFR금,455030,KOSPI,13005,13110,-1.33,183586,2026-06-09T16:09:55,,,
ACE 미국하이일드액티,455660,KOSPI,9520,9525,0.37,31533,2026-06-09T16:09:55,,,
SOL AI반도체소부장,455850,KOSPI,28615,28150,10.48,2878477,2026-06-09T16:09:55,,,
SOL 2차전지소부장Fn,455860,KOSPI,5560,5440,4.02,938388,2026-06-09T16:09:55,,,
RISE 머니마켓액티브,455890,KOSPI,55055,55065,0.01,211283,2026-06-09T16:09:55,,,
RISE 미국달러SOFR금,455960,KOSPI,13070,13170,-1.73,8488,2026-06-09T16:09:55,,,
OCI,456040,KOSPI,108500,105400,1.5,42938,2026-06-09T16:09:55,,,
PLUS 미국달러SOFR금,456200,KOSPI,65000,65585,-1.98,2850,2026-06-09T16:09:55,,,
KODEX 유럽명품TOP10,456250,KOSPI,9680,9815,0.26,10169,2026-06-09T16:09:55,,,
TIME 글로벌AI인공지,456600,KOSPI,67635,64840,2.59,484189,2026-06-09T16:09:55,,,
TIGER 미국달러SOFR금,456610,KOSPI,65025,65570,-1.54,43460,2026-06-09T16:09:55,,,
TIGER 차이나전기차레,456680,KOSPI,10095,9720,-0.74,4952,2026-06-09T16:09:55,,,
ACE 미국달러SOFR금리,456880,KOSPI,13185,13295,-1.38,128940,2026-06-09T16:09:55,,,
이수스페셜티케미컬,457190,KOSPI,80400,79200,3.47,141934,2026-06-09T16:09:55,,,
ACE 테슬라밸류체인액,457480,KOSPI,23240,22820,2.95,1566140,2026-06-09T16:09:55,,,
KODEX 33-06 국고채액,457690,KOSPI,10390,10400,0.43,23427,2026-06-09T16:09:55,,,
KODEX 53-09 국고채액,457700,KOSPI,9505,9395,1.49,9545,2026-06-09T16:09:55,,,
BNK 미래전략기술액티,457930,KOSPI,32530,31600,5.63,206,2026-06-09T16:09:55,,,
PLUS 태양광&ESS,457990,KOSPI,37860,39695,2.98,228311,2026-06-09T16:09:55,,,
WON 국공채머니마켓액,458030,KOSPI,54685,54680,0.02,621,2026-06-09T16:09:55,,,
KIWOOM CD금리액티브(,458210,KOSPI,109865,109880,0.01,1170,2026-06-09T16:09:55,,,
TIGER 미국30년국채스,458250,KOSPI,36205,36410,0.08,109606,2026-06-09T16:09:55,,,
TIGER 미국투자등급회,458260,KOSPI,47400,47450,0.29,26551,2026-06-09T16:09:55,,,
TIGER 미국배당다우존,458730,KOSPI,15510,15585,-1.02,2865415,2026-06-09T16:09:55,,,
TIGER 미국배당다우존,458750,KOSPI,13595,13655,-0.8,38092,2026-06-09T16:09:55,,,
TIGER 미국배당다우존,458760,KOSPI,11550,11610,-0.99,513859,2026-06-09T16:09:55,,,
KODEX 테슬라밸류체인,459560,KOSPI,25935,25795,0.66,10349,2026-06-09T16:09:55,,,
KODEX CD금리액티브(,459580,KOSPI,1074325,1074410,0.01,307363,2026-06-09T16:09:55,,,
RISE 글로벌주식분산,459750,KOSPI,19005,19005,-0.21,17736,2026-06-09T16:09:55,,,
KIWOOM 미국성장기업3,459790,KOSPI,23525,23000,0.79,916,2026-06-09T16:09:55,,,
KIWOOM 미국달러SOFR,460270,KOSPI,13645,13715,-1.55,6927,2026-06-09T16:09:55,,,
RISE 미국S&P배당킹,460660,KOSPI,12025,12230,-1.96,10257,2026-06-09T16:09:55,,,
동국씨엠,460850,KOSPI,5150,5180,2.39,49231,2026-06-09T16:09:55,,,
동국제강,460860,KOSPI,9100,9130,0.78,238934,2026-06-09T16:09:55,,,
ACE 글로벌인컴TOP10,460960,KOSPI,12035,12130,-1.39,92613,2026-06-09T16:09:55,,,
ACE 26-06 회사채(AA-,461270,KOSPI,11195,11200,0.0,7695,2026-06-09T16:09:55,,,
HANARO 글로벌생성형A,461340,KOSPI,47635,46670,0.77,11001,2026-06-09T16:09:55,,,
KODEX 코스닥글로벌,461450,KOSPI,16935,16765,8.25,40675,2026-06-09T16:09:55,,,
PLUS 국고채10년액티,461460,KOSPI,51075,51125,0.43,123,2026-06-09T16:09:55,,,
RISE 글로벌자산배분,461490,KOSPI,15040,14980,0.0,102219,2026-06-09T16:09:55,,,
HANARO 종합채권(AA-,461500,KOSPI,105015,104865,0.42,111,2026-06-09T16:09:55,,,
TIGER 코스닥글로벌,461580,KOSPI,17355,17135,7.56,8263,2026-06-09T16:09:55,,,
SOL 미국30년국채액티,461600,KOSPI,8555,8565,0.18,21125,2026-06-09T16:09:55,,,
PLUS 미국테크TOP10,461900,KOSPI,23985,23540,-1.05,8627,2026-06-09T16:09:55,,,
PLUS 미국테크TOP10레,461910,KOSPI,43105,41480,-1.86,2586,2026-06-09T16:09:55,,,
KODEX 2차전지핵심소,461950,KOSPI,5970,5825,3.47,1159566,2026-06-09T16:09:55,,,
TIGER 2차전지소재Fn,462010,KOSPI,6000,5850,4.08,5971443,2026-06-09T16:09:55,,,
KODEX 2차전지산업레,462330,KOSPI,1565,1472,5.74,50909827,2026-06-09T16:09:55,,,
에셋플러스 글로벌다,462340,KOSPI,16255,16370,-0.58,25,2026-06-09T16:09:55,,,
조선내화,462520,KOSPI,14110,14070,2.92,7342,2026-06-09T16:09:55,,,
시프트업,462870,KOSPI,33300,31200,10.26,531483,2026-06-09T16:09:55,,,
KoAct 바이오헬스케어,462900,KOSPI,16055,15745,7.82,2744493,2026-06-09T16:09:55,,,
TIME K바이오액티브,463050,KOSPI,13900,13610,7.5,953293,2026-06-09T16:09:55,,,
TIGER K방산&우주,463250,KOSPI,36945,38660,3.28,840653,2026-06-09T16:09:55,,,
1Q 단기금융채액티브,463290,KOSPI,108470,108480,0.0,3357,2026-06-09T16:09:55,,,
RISE 중국본토CSI300,463300,KOSPI,14855,14950,0.61,738,2026-06-09T16:09:55,,,
KODEX 미국S&P500유틸,463640,KOSPI,15200,15310,-2.69,3904,2026-06-09T16:09:55,,,
KODEX 미국S&P500테크,463680,KOSPI,24180,23700,3.07,72528,2026-06-09T16:09:55,,,
KODEX 미국S&P500커뮤,463690,KOSPI,19490,19525,-2.06,387,2026-06-09T16:09:55,,,
KIWOOM 26-09회사채(A,464240,KOSPI,52050,52055,0.0,313,2026-06-09T16:09:55,,,
TIGER 글로벌AI&로보,464310,KOSPI,16320,15910,-1.45,68455,2026-06-09T16:09:55,,,
PLUS 미국채30년액티,464470,KOSPI,53965,54510,-1.33,7402,2026-06-09T16:09:55,,,
SOL 자동차소부장Fn,464600,KOSPI,32390,30505,5.85,104525,2026-06-09T16:09:55,,,
SOL 의료기기소부장Fn,464610,KOSPI,8300,8125,3.56,46213,2026-06-09T16:09:55,,,
PLUS 일본반도체소부,464920,KOSPI,26325,25940,3.15,10765,2026-06-09T16:09:55,,,
TIGER 글로벌혁신블루,464930,KOSPI,22220,21970,-1.09,14508,2026-06-09T16:09:55,,,
RISE 2차전지TOP10,465330,KOSPI,12540,12180,2.96,319824,2026-06-09T16:09:55,,,
RISE 2차전지TOP10인,465350,KOSPI,16645,17060,-4.48,172584,2026-06-09T16:09:55,,,
ACE 미국빅테크TOP7 P,465580,KOSPI,25290,24940,-0.9,480483,2026-06-09T16:09:55,,,
ACE 미국빅테크TOP7 P,465610,KOSPI,46950,45080,-1.53,23515,2026-06-09T16:09:55,,,
ACE 미국빅테크TOP7 P,465620,KOSPI,6370,6455,0.79,7126,2026-06-09T16:09:55,,,
TIGER 일본반도체FACT,465660,KOSPI,27445,27180,1.84,19888,2026-06-09T16:09:55,,,
TIGER 미국캐시카우10,465670,KOSPI,16215,16450,-0.98,6909,2026-06-09T16:09:55,,,
STX그린로지스,465770,KOSPI,2740,2600,6.61,70881,2026-06-09T16:09:55,,,
마이티 26-09 특수채(,465780,KOSPI,105715,105700,0.0,0,2026-06-09T16:09:55,,,
BNK 2차전지양극재,466810,KOSPI,6595,6450,4.02,33828,2026-06-09T16:09:55,,,
SOL 조선TOP3플러스,466920,KOSPI,33285,34695,-0.05,2715755,2026-06-09T16:09:55,,,
SOL 자동차TOP3플러스,466930,KOSPI,36070,33990,5.13,1541379,2026-06-09T16:09:55,,,
TIGER 은행고배당플러,466940,KOSPI,25205,25040,2.98,1523384,2026-06-09T16:09:55,,,
TIGER 글로벌AI액티브,466950,KOSPI,40555,38415,5.45,230120,2026-06-09T16:09:55,,,
KODEX iShares미국인,468370,KOSPI,11975,12085,-1.32,16913,2026-06-09T16:09:55,,,
KODEX iShares미국하,468380,KOSPI,12020,12115,-1.23,279924,2026-06-09T16:09:55,,,
KODEX iShares미국투,468630,KOSPI,12125,12225,-1.22,27793,2026-06-09T16:09:55,,,
RISE 미국반도체NYSE(,469050,KOSPI,35370,33605,7.28,144970,2026-06-09T16:09:55,,,
RISE 미국반도체NYSE,469060,KOSPI,42260,40700,4.85,91049,2026-06-09T16:09:55,,,
RISE AI&로봇,469070,KOSPI,14395,13805,-1.17,2024402,2026-06-09T16:09:55,,,
ACE AI반도체TOP3+,469150,KOSPI,76525,72065,12.54,1512590,2026-06-09T16:09:55,,,
ACE 일본반도체,469160,KOSPI,29340,28335,2.95,264339,2026-06-09T16:09:55,,,
ACE 포스코그룹포커스,469170,KOSPI,6430,6350,2.63,684542,2026-06-09T16:09:55,,,
RISE 미국달러선물인,469530,KOSPI,8580,8520,1.48,682,2026-06-09T16:09:55,,,
KIWOOM 코리아테크TOP,469790,KOSPI,54385,50435,12.34,53672,2026-06-09T16:09:55,,,
SOL 초단기채권액티브,469830,KOSPI,53945,53950,0.02,245970,2026-06-09T16:09:55,,,
UNICORN 생성형AI강소,470310,KOSPI,17620,17090,10.12,23502,2026-06-09T16:09:55,,,
KoAct 글로벌AI&로봇,471040,KOSPI,36750,34600,4.46,137412,2026-06-09T16:09:55,,,
KODEX 국고채10년액티,471230,KOSPI,103265,103395,0.5,9035,2026-06-09T16:09:55,,,
KIWOOM 국고채30년액,471460,KOSPI,47775,47295,1.45,2685,2026-06-09T16:09:55,,,
TIGER AI반도체핵심공,471760,KOSPI,18985,18460,10.96,1583648,2026-06-09T16:09:55,,,
TIGER 코리아테크액티,471780,KOSPI,44280,42475,10.98,310261,2026-06-09T16:09:55,,,
KODEX AI반도체핵심장,471990,KOSPI,28200,27650,9.09,1622154,2026-06-09T16:09:55,,,
TIGER 배당커버드콜액,472150,KOSPI,25395,24180,8.92,3640232,2026-06-09T16:09:55,,,
TIGER 미국테크TOP10,472160,KOSPI,18665,18280,0.21,101886,2026-06-09T16:09:55,,,
TIGER 미국테크TOP10,472170,KOSPI,14370,14275,-0.76,186465,2026-06-09T16:09:55,,,
TRUSTON 주주가치액티,472720,KOSPI,29170,28460,6.85,971,2026-06-09T16:09:55,,,
RISE 미국30년국채커,472830,KOSPI,9075,9160,-1.36,37539,2026-06-09T16:09:55,,,
IBK 200,472840,KOSPI,129165,122700,9.12,14050,2026-06-09T16:09:55,,,
RISE 미국30년국채엔,472870,KOSPI,7770,7855,-1.15,805033,2026-06-09T16:09:55,,,
HK 종합채권(AA-이상),472920,KOSPI,97850,98095,0.0,10,2026-06-09T16:09:55,,,
KODEX 26-12 회사채(A,473290,KOSPI,10800,10805,0.05,20699,2026-06-09T16:09:55,,,
SOL 미국30년국채커버,473330,KOSPI,9140,9225,-1.14,385788,2026-06-09T16:09:55,,,
ACE 11월만기자동연장,473440,KOSPI,10765,10755,0.0,895,2026-06-09T16:09:55,,,
KODEX 미국서학개미,473460,KOSPI,26995,26105,2.25,46055,2026-06-09T16:09:55,,,
KIWOOM 글로벌AI반도,473490,KOSPI,34780,33760,2.84,9234,2026-06-09T16:09:55,,,
ACE 미국주식베스트셀,473590,KOSPI,23570,22780,2.46,17871,2026-06-09T16:09:55,,,
HANARO 글로벌금채굴,473640,KOSPI,31360,30200,-1.12,16722,2026-06-09T16:09:55,,,
TIGER 미국테크TOP10,474220,KOSPI,16210,16005,-1.34,238137,2026-06-09T16:09:55,,,
SOL 국고채30년액티브,474390,KOSPI,42260,41892,0.99,95,2026-06-09T16:09:55,,,
WON 반도체밸류체인액,474590,KOSPI,52280,50450,13.31,288693,2026-06-09T16:09:55,,,
KIWOOM 미국원유에너,474800,KOSPI,15895,15905,-2.36,114144,2026-06-09T16:09:55,,,
에셋플러스 차이나일,474920,KOSPI,19320,18765,0.91,200,2026-06-09T16:09:55,,,
ACE KPOP포커스,475050,KOSPI,7650,7540,5.15,473932,2026-06-09T16:09:55,,,
KoAct 글로벌친환경전,475070,KOSPI,38350,37370,-0.29,13591,2026-06-09T16:09:55,,,
KODEX 테슬라커버드콜,475080,KOSPI,8530,8450,0.89,227807,2026-06-09T16:09:55,,,
SK이터닉스,475150,KOSPI,34150,44350,6.22,262782,2026-06-09T16:09:55,,,
ACE 2월만기자동연장,475260,KOSPI,10670,10670,0.0,179,2026-06-09T16:09:55,,,
ACE 5월만기자동연장,475270,KOSPI,10660,10660,0.05,3056,2026-06-09T16:09:55,,,
ACE 8월만기자동연장,475280,KOSPI,10660,10650,0.09,33,2026-06-09T16:09:55,,,
SOL 반도체전공정,475300,KOSPI,23915,24470,11.39,2123802,2026-06-09T16:09:55,,,
SOL 반도체후공정,475310,KOSPI,31500,30805,9.99,477807,2026-06-09T16:09:55,,,
RISE 버크셔포트폴리,475350,KOSPI,15180,15210,-2.32,51757,2026-06-09T16:09:55,,,
RISE 글로벌리얼티인,475380,KOSPI,11410,11600,-1.64,5614,2026-06-09T16:09:55,,,
더본코리아,475560,KOSPI,16000,15700,2.37,7282,2026-06-09T16:09:55,,,
TIGER CD1년금리액티,475630,KOSPI,1068305,1068400,0.01,19253,2026-06-09T16:09:55,,,
RISE 200위클리커버드,475720,KOSPI,14905,14685,4.96,970404,2026-06-09T16:09:55,,,
UNICORN 포스트IPO액,476000,KOSPI,7145,7065,4.46,281,2026-06-09T16:09:55,,,
SOL 미국나스닥100,476030,KOSPI,18785,18515,0.32,79606,2026-06-09T16:09:55,,,
KODEX 글로벌비만치료,476070,KOSPI,11020,11135,-3.97,41779,2026-06-09T16:09:55,,,
HANARO 반도체핵심공,476260,KOSPI,14710,14905,17.96,1093869,2026-06-09T16:09:55,,,
RISE 글로벌비만산업T,476310,KOSPI,10190,10395,-2.86,5328,2026-06-09T16:09:55,,,
KIWOOM 머니마켓액티,476450,KOSPI,52385,52380,-0.01,1790,2026-06-09T16:09:55,,,
TIGER 미국30년국채커,476550,KOSPI,7160,7175,0.21,1188660,2026-06-09T16:09:55,,,
TIGER 글로벌비만치료,476690,KOSPI,10830,10935,-4.33,26944,2026-06-09T16:09:55,,,
ACE 미국30년국채엔화,476750,KOSPI,8415,8470,-0.94,74143,2026-06-09T16:09:55,,,
ACE 미국30년국채액티,476760,KOSPI,10110,10205,-1.22,438757,2026-06-09T16:09:55,,,
KODEX 한국부동산리츠,476800,KOSPI,4200,4195,2.31,1113155,2026-06-09T16:09:55,,,
KoAct 배당성장액티브,476850,KOSPI,24900,23990,7.58,146746,2026-06-09T16:09:55,,,
PLUS 머니마켓액티브,477050,KOSPI,53080,53080,0.01,16646,2026-06-09T16:09:55,,,
RISE CD금리액티브(합,477080,KOSPI,106755,106765,0.03,6768,2026-06-09T16:09:55,,,
에셋플러스 글로벌일,477490,KOSPI,21615,21270,1.43,364,2026-06-09T16:09:55,,,
KODEX 인도타타그룹,477730,KOSPI,7980,8100,-2.15,34112,2026-06-09T16:09:55,,,
TIME 글로벌우주테크&,478150,KOSPI,22575,22685,-0.46,106803,2026-06-09T16:09:55,,,
1Q 머니마켓액티브,479080,KOSPI,53345,53350,0.01,122855,2026-06-09T16:09:55,,,
RISE KOFR금리액티브(,479520,KOSPI,105710,105725,0.0,3804,2026-06-09T16:09:55,,,
SOL 미국AI반도체칩메,479620,KOSPI,30055,28530,6.01,91912,2026-06-09T16:09:55,,,
TIGER 인도빌리언컨슈,479730,KOSPI,10065,10330,-2.28,14907,2026-06-09T16:09:55,,,
HANARO K-뷰티,479850,KOSPI,15270,15230,6.3,29559,2026-06-09T16:09:55,,,
ACE 미국빅테크7+데일,480020,KOSPI,13125,12880,-1.76,126317,2026-06-09T16:09:55,,,
ACE 미국500데일리타,480030,KOSPI,11495,11490,-0.39,139967,2026-06-09T16:09:55,,,
ACE 미국반도체데일리,480040,KOSPI,21140,20140,4.86,93515,2026-06-09T16:09:55,,,
TIGER 27-04회사채(A+,480260,KOSPI,53435,53440,0.05,8420,2026-06-09T16:09:55,,,
TIGER 글로벌온디바이,480310,KOSPI,24000,22675,4.35,131806,2026-06-09T16:09:55,,,
씨케이솔루션,480370,KOSPI,1590,1677,2.25,127717,2026-06-09T16:09:55,,,
WON 한국부동산TOP3플,480460,KOSPI,8750,8885,2.1,380,2026-06-09T16:09:55,,,
KODEX CD1년금리플러,481050,KOSPI,1022370,1022455,0.01,8809,2026-06-09T16:09:55,,,
KODEX 미국30년국채타,481060,KOSPI,7760,7785,0.45,657939,2026-06-09T16:09:55,,,
SOL 미국AI소프트웨어,481180,KOSPI,15505,14985,-0.93,187094,2026-06-09T16:09:55,,,
SOL 미국테크TOP10,481190,KOSPI,18085,17825,-1.09,146174,2026-06-09T16:09:55,,,
RISE 미국30년국채액,481340,KOSPI,9745,9860,-1.22,22461,2026-06-09T16:09:55,,,
RISE 국고채10년액티,481430,KOSPI,97720,97655,0.6,2782,2026-06-09T16:09:55,,,
신한글로벌액티브리츠,481850,KOSPI,888,871,1.25,35145,2026-06-09T16:09:55,,,
KoAct 반도체&2차전지,482030,KOSPI,10865,10950,5.38,11133,2026-06-09T16:09:55,,,
TIGER 미국S&P500타겟,482730,KOSPI,12800,12770,-0.85,694832,2026-06-09T16:09:55,,,
KIWOOM 의료AI,483020,KOSPI,9765,9800,4.66,16726,2026-06-09T16:09:55,,,
KIWOOM 미국블록버스,483030,KOSPI,11585,11895,-2.89,2503,2026-06-09T16:09:55,,,
KODEX 미국AI테크TOP1,483280,KOSPI,13090,12915,-0.19,266684,2026-06-09T16:09:55,,,
KODEX 미국배당다우존,483290,KOSPI,10885,10925,-1.09,220366,2026-06-09T16:09:55,,,
ACE 엔비디아밸류체인,483320,KOSPI,29490,28390,3.27,437311,2026-06-09T16:09:55,,,
ACE 마이크로소프트밸,483330,KOSPI,15640,15300,-0.67,20439,2026-06-09T16:09:55,,,
ACE 구글밸류체인액티,483340,KOSPI,27180,26365,2.64,588456,2026-06-09T16:09:55,,,
ACE 애플밸류체인액티,483420,KOSPI,26880,25630,2.56,36525,2026-06-09T16:09:55,,,
KCGI 미국S&P500 TOP1,483570,KOSPI,16845,16640,-1.4,3206,2026-06-09T16:09:55,,,
달바글로벌,483650,KOSPI,198200,202000,7.72,118719,2026-06-09T16:09:55,,,
KODEX 미국30년국채액,484790,KOSPI,8520,8530,0.29,700184,2026-06-09T16:09:55,,,
엠앤씨솔루션,484870,KOSPI,63800,69900,6.16,20981,2026-06-09T16:09:55,,,
SOL 금융지주플러스고,484880,KOSPI,21395,21085,4.24,617213,2026-06-09T16:09:55,,,
SOL 머니마켓액티브,484890,KOSPI,52210,52205,0.02,10553,2026-06-09T16:09:55,,,
KODEX 미국AI테크TOP1,485540,KOSPI,16465,16255,-0.21,596018,2026-06-09T16:09:55,,,
RISE 미국AI밸류체인T,485690,KOSPI,25250,24325,1.55,19104,2026-06-09T16:09:55,,,
TIME 글로벌바이오액,485810,KOSPI,10600,10740,-1.53,7793,2026-06-09T16:09:55,,,
DAISHIN343 AI반도체&,486240,KOSPI,34690,33010,13.44,3900,2026-06-09T16:09:55,,,
TIGER 미국나스닥100,486290,KOSPI,12005,11825,0.21,4174786,2026-06-09T16:09:55,,,
SOL 미국AI전력인프라,486450,KOSPI,23970,23230,0.65,56003,2026-06-09T16:09:55,,,
HANARO 머니마켓액티,486830,KOSPI,52885,52890,0.01,1464,2026-06-09T16:09:55,,,
KoAct AI인프라액티브,487130,KOSPI,35260,34825,7.55,137833,2026-06-09T16:09:55,,,
KODEX 미국AI전력핵심,487230,KOSPI,25035,24330,-0.18,930484,2026-06-09T16:09:55,,,
KODEX AI전력핵심설비,487240,KOSPI,42850,43625,6.02,3772001,2026-06-09T16:09:55,,,
ACE 머니마켓액티브,487340,KOSPI,105005,105000,0.01,12767,2026-06-09T16:09:55,,,
HS효성,487570,KOSPI,50500,50300,1.0,10365,2026-06-09T16:09:55,,,
BNK 온디바이스AI,487750,KOSPI,40820,38800,11.55,11447,2026-06-09T16:09:55,,,
ACE 인도컨슈머파워액,487910,KOSPI,8740,8865,-1.47,3486,2026-06-09T16:09:55,,,
ACE 인도시장대표BIG5,487920,KOSPI,8455,8570,-1.63,4070,2026-06-09T16:09:55,,,
KODEX 대만테크고배당,487950,KOSPI,15075,14610,2.48,106110,2026-06-09T16:09:55,,,
TIGER 반도체TOP10레,488080,KOSPI,84500,74680,23.92,3303752,2026-06-09T16:09:55,,,
KIWOOM K-2차전지북미,488200,KOSPI,14440,14070,1.44,12419,2026-06-09T16:09:55,,,
KIWOOM K-반도체북미,488210,KOSPI,26290,26025,12.57,16701,2026-06-09T16:09:55,,,
MIDAS 일본테크액티브,488290,KOSPI,51630,49820,2.22,2118,2026-06-09T16:09:55,,,
RISE 일본섹터TOP4Plu,488480,KOSPI,13845,13625,-0.22,1960,2026-06-09T16:09:55,,,
TIGER 미국S&P500동일,488500,KOSPI,13250,13370,-1.56,74829,2026-06-09T16:09:55,,,
WON 종합채권(AA-이상,488720,KOSPI,48655,48520,0.56,368,2026-06-09T16:09:55,,,
KODEX 머니마켓액티브,488770,KOSPI,104575,104585,0.01,903474,2026-06-09T16:09:55,,,
SOL 26-12 회사채(AA-,488980,KOSPI,51750,51750,-0.01,1728,2026-06-09T16:09:55,,,
PLUS 일본엔화초단기,489000,KOSPI,9980,10045,-1.29,65731,2026-06-09T16:09:55,,,
PLUS 글로벌AI인프라,489010,KOSPI,23390,22700,1.19,2487,2026-06-09T16:09:55,,,
PLUS 고배당주위클리,489030,KOSPI,6660,6730,-0.15,1768496,2026-06-09T16:09:55,,,
KODEX 미국배당다우존,489250,KOSPI,13375,13445,-0.93,449155,2026-06-09T16:09:55,,,
WON 미국빌리어네어,489290,KOSPI,16135,16080,-1.25,18298,2026-06-09T16:09:55,,,
한화비전,489790,KOSPI,66500,67800,2.78,452856,2026-06-09T16:09:55,,,
KIWOOM 글로벌전력GRI,489860,KOSPI,17180,17310,-2.58,6267,2026-06-09T16:09:55,,,
TIGER 미국AI빅테크10,490090,KOSPI,16900,16705,-0.94,117946,2026-06-09T16:09:55,,,
KoAct 미국치매&뇌질,490330,KOSPI,13870,14260,-1.63,2098,2026-06-09T16:09:55,,,
SOL K방산,490480,KOSPI,31420,32960,1.95,69496,2026-06-09T16:09:55,,,
SOL 미국배당미국채혼,490490,KOSPI,11820,11920,-1.29,327694,2026-06-09T16:09:55,,,
RISE 미국AI밸류체인,490590,KOSPI,17120,16580,1.69,910535,2026-06-09T16:09:55,,,
RISE 미국배당100데일,490600,KOSPI,9655,9760,-1.08,404314,2026-06-09T16:09:55,,,
TIGER 글로벌AI전력인,491010,KOSPI,33725,32250,0.9,274869,2026-06-09T16:09:55,,,
KODEX 미국테크TOP3플,491090,KOSPI,19090,18820,-0.86,82523,2026-06-09T16:09:55,,,
PLUS 200TR,491220,KOSPI,153380,147045,8.47,20792,2026-06-09T16:09:55,,,
PLUS 국공채머니마켓,491230,KOSPI,52125,52130,0.02,1356,2026-06-09T16:09:55,,,
파워 K-주주가치액티,491510,KOSPI,18230,17950,4.02,187,2026-06-09T16:09:55,,,
1Q CD금리액티브(합성,491610,KOSPI,104165,104170,0.01,3705,2026-06-09T16:09:55,,,
RISE 미국테크100데일,491620,KOSPI,11885,11740,0.13,763982,2026-06-09T16:09:55,,,
RISE 미국반도체인버,491630,KOSPI,5245,5430,-5.07,5033,2026-06-09T16:09:55,,,
HK 200,491700,KOSPI,130060,124030,8.16,9121,2026-06-09T16:09:55,,,
HANARO 전력설비투자,491820,KOSPI,51370,52210,6.2,140534,2026-06-09T16:09:55,,,
TIGER 미국AI반도체팹,491830,KOSPI,26400,24825,3.27,110717,2026-06-09T16:09:55,,,
1Q 현대차그룹채권(A+,492500,KOSPI,50980,50955,0.17,786,2026-06-09T16:09:55,,,
SOL 미국배당다우존스,493420,KOSPI,13115,13220,-1.24,3772,2026-06-09T16:09:55,,,
TIGER 미국AI빅테크10,493810,KOSPI,12665,12525,-1.13,395687,2026-06-09T16:09:55,,,
TIME 글로벌소비트렌,494180,KOSPI,14105,14020,-2.29,132,2026-06-09T16:09:55,,,
SOL 미국500타겟데일,494210,KOSPI,11760,11765,-1.38,8286,2026-06-09T16:09:55,,,
UNICORN SK하이닉스밸,494220,KOSPI,54935,53845,14.32,431070,2026-06-09T16:09:55,,,
KODEX 미국나스닥100,494300,KOSPI,10880,10740,0.6,1382452,2026-06-09T16:09:55,,,
KODEX 반도체레버리지,494310,KOSPI,153000,138350,22.25,2063182,2026-06-09T16:09:55,,,
ACE 라이프자산주주가,494330,KOSPI,31815,30265,7.85,24183,2026-06-09T16:09:55,,,
ACE 글로벌AI맞춤형반,494340,KOSPI,26810,25020,4.26,149989,2026-06-09T16:09:55,,,
PLUS 미국S&P500성장,494410,KOSPI,15185,15085,-0.16,10842,2026-06-09T16:09:55,,,
PLUS 미국배당증가성,494420,KOSPI,9965,10095,-0.99,16379,2026-06-09T16:09:55,,,
TIGER 조선TOP10,494670,KOSPI,26040,27200,0.1,1415127,2026-06-09T16:09:55,,,
TIGER 미국방산TOP10,494840,KOSPI,13455,13515,-2.04,80645,2026-06-09T16:09:55,,,
KODEX 200액티브,494890,KOSPI,37490,35655,8.9,734731,2026-06-09T16:09:55,,,
PLUS 코리아밸류업,495040,KOSPI,37405,35710,7.86,6381,2026-06-09T16:09:55,,,
RISE 코리아밸류업,495050,KOSPI,38010,36375,8.54,1363219,2026-06-09T16:09:55,,,
TIME 코리아밸류업액,495060,KOSPI,36425,34660,9.52,232119,2026-06-09T16:09:55,,,
KoAct 코리아밸류업액,495230,KOSPI,38240,36695,8.57,264418,2026-06-09T16:09:55,,,
1Q 코리아밸류업,495330,KOSPI,37575,36025,9.2,32798,2026-06-09T16:09:55,,,
SOL 코리아밸류업TR,495550,KOSPI,38685,36965,8.44,65075,2026-06-09T16:09:55,,,
HANARO 코리아밸류업,495750,KOSPI,37760,35810,12.72,3508,2026-06-09T16:09:55,,,
KODEX 코리아밸류업,495850,KOSPI,37775,36195,8.61,318324,2026-06-09T16:09:55,,,
RISE 미국AI테크액티,495940,KOSPI,23235,22610,-0.26,37729,2026-06-09T16:09:55,,,
WON 전단채플러스액티,496020,KOSPI,52025,52015,0.04,3000,2026-06-09T16:09:55,,,
TIGER 코리아밸류업,496080,KOSPI,37755,36220,8.49,538348,2026-06-09T16:09:55,,,
KIWOOM 코리아밸류업,496090,KOSPI,37795,35975,8.26,8222,2026-06-09T16:09:55,,,
ACE 코리아밸류업,496120,KOSPI,37865,36375,7.74,2305,2026-06-09T16:09:55,,,
TRUSTON 코리아밸류업,496130,KOSPI,30010,28040,8.28,649,2026-06-09T16:09:55,,,
PLUS 글로벌방산,496770,KOSPI,17960,18340,-2.39,20937,2026-06-09T16:09:55,,,
ACE 글로벌빅파마,497510,KOSPI,13090,13250,-3.39,21611,2026-06-09T16:09:55,,,
ACE 일라이릴리밸류체,497520,KOSPI,12795,12890,-1.54,8431,2026-06-09T16:09:55,,,
TIGER 미국필라델피아,497570,KOSPI,24885,24220,3.3,1552756,2026-06-09T16:09:55,,,
KoAct 미국천연가스인,497780,KOSPI,11610,11600,-0.94,19325,2026-06-09T16:09:55,,,
SOL CD금리&머니마켓,497880,KOSPI,50060,50055,0.04,194770,2026-06-09T16:09:55,,,
HANARO 바이오코리아,498050,KOSPI,12045,11845,5.47,36675,2026-06-09T16:09:55,,,
파워 종합채권(AA-이,498180,KOSPI,93385,93290,0.41,0,2026-06-09T16:09:55,,,
KIWOOM 미국양자컴퓨,498270,KOSPI,18250,17050,5.13,158379,2026-06-09T16:09:55,,,
KODEX 200타겟위클리,498400,KOSPI,25520,24345,8.16,9840923,2026-06-09T16:09:55,,,
KODEX 금융고배당TOP1,498410,KOSPI,11780,11620,2.35,1750074,2026-06-09T16:09:55,,,
RISE 인도디지털성장,498610,KOSPI,8260,8305,-2.31,5263,2026-06-09T16:09:55,,,
RISE 코리아금융고배,498860,KOSPI,18215,17800,4.68,65833,2026-06-09T16:09:55,,,
SOL 미국S&P500엔화노,499150,KOSPI,11445,11380,-1.68,174,2026-06-09T16:09:55,,,
TIGER CD금리플러스액,499660,KOSPI,1001065,1001145,0.01,10067,2026-06-09T16:09:55,,,
GS피앤엘,499790,KOSPI,47000,49900,6.33,127608,2026-06-09T16:09:55,,,
엘브이엠씨홀딩스,900140,KOSPI,1455,1419,4.08,972400,2026-06-09T16:09:55,,,
프레스티지바이오파마,950210,KOSPI,6670,6600,8.28,104238,2026-06-09T16:09:55,,,
신한 레버리지 다우존,500020,KOSPI,61890,61600,0.72,0,2026-06-09T16:09:55,,,
신한 콩 선물 ETN(H),500023,KOSPI,12530,12570,-0.36,0,2026-06-09T16:09:55,,,
신한 인버스 콩 선물,500024,KOSPI,7795,7800,0.32,33,2026-06-09T16:09:55,,,
신한 인버스 2X 다우,500028,KOSPI,1056,1061,-0.56,523,2026-06-09T16:09:55,,,
신한 레버리지 은 선,500029,KOSPI,25475,22900,3.43,13524,2026-06-09T16:09:55,,,
신한 인버스 2X 은 선,500030,KOSPI,59,64,-1.67,136105,2026-06-09T16:09:55,,,
신한 레버리지 미국달,500035,KOSPI,18415,18150,-2.2,2,2026-06-09T16:09:55,,,
신한 인버스 2X 미국,500036,KOSPI,3390,3340,3.04,6289,2026-06-09T16:09:55,,,
신한 레버리지 금 선,500037,KOSPI,78200,74675,-0.53,838,2026-06-09T16:09:55,,,
신한 인버스 2X 금 선,500038,KOSPI,1255,1341,-2.86,5408,2026-06-09T16:09:55,,,
신한 레버리지 구리,500040,KOSPI,35225,34955,0.43,1478,2026-06-09T16:09:55,,,
신한 인버스 2X 구리,500041,KOSPI,886,909,-4.32,690,2026-06-09T16:09:55,,,
신한 레버리지 S&P500,500050,KOSPI,54805,54190,-0.23,1847,2026-06-09T16:09:55,,,
신한 인버스 2X S&P50,500051,KOSPI,1357,1390,-2.37,6822,2026-06-09T16:09:55,,,
신한 인버스 코스피 2,500061,KOSPI,2465,2575,-9.71,44464,2026-06-09T16:09:55,,,
신한 인버스 코스닥 1,500063,KOSPI,5235,5260,-6.93,19683,2026-06-09T16:09:55,,,
신한 레버리지 10년,500067,KOSPI,9450,9515,-0.37,2,2026-06-09T16:09:55,,,
신한 인버스 2X 10년,500068,KOSPI,12160,12165,-1.22,10,2026-06-09T16:09:55,,,
신한 레버리지 코스피,500069,KOSPI,308260,276690,17.39,2550,2026-06-09T16:09:55,,,
신한 레버리지 코스닥,500071,KOSPI,38805,37570,11.51,9,2026-06-09T16:09:55,,,
신한 인버스 2X 코스,500072,KOSPI,1901,1899,-13.2,471494,2026-06-09T16:09:55,,,
신한 코스피 200 TR E,500085,KOSPI,39420,37640,6.44,238,2026-06-09T16:09:55,,,
신한 코스닥 150 TR E,500086,KOSPI,13290,12985,7.13,2006,2026-06-09T16:09:55,,,
신한 33-12 국고채 플,500091,KOSPI,10265,10270,0.34,0,2026-06-09T16:09:55,,,
신한 블룸버그 레버리,500093,KOSPI,52350,50765,-10.96,2920,2026-06-09T16:09:55,,,
신한 블룸버그 인버스,500094,KOSPI,3055,3205,7.76,364004,2026-06-09T16:09:55,,,
신한 S&P500 VIX S/T,500095,KOSPI,10380,10875,-5.81,2378,2026-06-09T16:09:55,,,
신한 인버스2X 천연가,500096,KOSPI,15190,16020,-1.04,8417,2026-06-09T16:09:55,,,
신한 레버리지 Russel,500097,KOSPI,14745,14730,0.85,27,2026-06-09T16:09:55,,,
신한 인버스 2X Russe,500098,KOSPI,7695,7580,-0.58,283,2026-06-09T16:09:55,,,
신한 WTI원유 선물 ET,500099,KOSPI,18770,18515,-6.2,7266,2026-06-09T16:09:55,,,
신한 금 선물 ETN,500100,KOSPI,12845,12575,-0.66,8540,2026-06-09T16:09:55,,,
신한 블룸버그 천연가,500101,KOSPI,10445,10495,-2.29,10189,2026-06-09T16:09:55,,,
신한 블룸버그 2X 천,500102,KOSPI,20775,20075,-3.53,43240,2026-06-09T16:09:55,,,
대신 인버스 2X 코스,510027,KOSPI,1881,1925,-14.11,64270,2026-06-09T16:09:55,,,
대신 인버스 천연가스,510043,KOSPI,6480,6555,0.93,2,2026-06-09T16:09:55,,,
대신 레버리지 미국달,510044,KOSPI,20860,21110,-2.98,0,2026-06-09T16:09:55,,,
대신 인버스 2X 미국,510045,KOSPI,18915,18795,3.96,2,2026-06-09T16:09:55,,,
미래에셋 코스피200,520037,KOSPI,32650,30675,8.91,441,2026-06-09T16:09:55,,,
미래에셋 인버스 코스,520038,KOSPI,2485,2610,-9.14,206695,2026-06-09T16:09:55,,,
미래에셋 코스닥150,520039,KOSPI,12130,11820,7.87,763,2026-06-09T16:09:55,,,
미래에셋 인버스 코스,520040,KOSPI,5140,5270,-8.54,4651,2026-06-09T16:09:55,,,
미래에셋 레버리지 옥,520046,KOSPI,9580,9705,0.26,3800,2026-06-09T16:09:55,,,
미래에셋 인버스 2X,520047,KOSPI,37695,37865,-3.36,75,2026-06-09T16:09:55,,,
미래에셋 레버리지 코,520054,KOSPI,307685,277760,17.52,19578,2026-06-09T16:09:55,,,
미래에셋 레버리지 코,520056,KOSPI,38495,37510,12.74,3763,2026-06-09T16:09:55,,,
미래에셋 인버스 2X,520057,KOSPI,1867,1885,-14.16,4139369,2026-06-09T16:09:55,,,
미래에셋 2X 미국채울,520064,KOSPI,7125,7190,-3.39,171,2026-06-09T16:09:55,,,
미래에셋 -2X 미국채,520065,KOSPI,15150,15195,-1.62,14,2026-06-09T16:09:55,,,
미래에셋 KRX금현물 A,520066,KOSPI,24450,23875,-0.87,7022,2026-06-09T16:09:55,,,
미래에셋 2X 홍콩H 선,520068,KOSPI,36140,36000,-0.99,510,2026-06-09T16:09:55,,,
미래에셋 -2X 홍콩H,520069,KOSPI,6710,6865,-1.54,173,2026-06-09T16:09:55,,,
미래에셋 미국 AI TOP,520072,KOSPI,16685,16525,-1.97,45,2026-06-09T16:09:55,,,
미래에셋 레버리지 미,520073,KOSPI,38975,37830,-2.28,288,2026-06-09T16:09:55,,,
미래에셋 미국 방위산,520074,KOSPI,15310,15615,-2.11,209,2026-06-09T16:09:55,,,
미래에셋 레버리지 미,520075,KOSPI,35635,37065,-3.66,7,2026-06-09T16:09:55,,,
미래에셋 1.5X 천연가,520076,KOSPI,7450,7285,-2.87,8190,2026-06-09T16:09:55,,,
미래에셋 -1.5X 천연,520077,KOSPI,13500,14075,-0.66,7,2026-06-09T16:09:55,,,
미래에셋 미국 제약 T,520078,KOSPI,14265,14405,-4.93,217,2026-06-09T16:09:55,,,
미래에셋 레버리지 미,520079,KOSPI,31105,31300,-4.16,2082,2026-06-09T16:09:55,,,
미래에셋 미국 테크&,520080,KOSPI,22760,22270,-0.83,110,2026-06-09T16:09:55,,,
미래에셋 2X 미국 테,520081,KOSPI,69915,66120,1.19,87,2026-06-09T16:09:55,,,
미래에셋 미국 자율주,520082,KOSPI,14280,14000,0.18,30,2026-06-09T16:09:55,,,
미래에셋 2X 미국 자,520083,KOSPI,30295,29310,1.1,33,2026-06-09T16:09:55,,,
미래에셋 -2X 미국 자,520084,KOSPI,8660,9075,-3.72,303,2026-06-09T16:09:55,,,
미래에셋 -2X 미국 AI,520085,KOSPI,11860,12385,-2.19,973,2026-06-09T16:09:55,,,
미래에셋-0.5X S&P500,520086,KOSPI,21070,20635,2.36,532,2026-06-09T16:09:55,,,
미래에셋 레버리지 KR,520087,KOSPI,38410,36645,-1.79,10823,2026-06-09T16:09:55,,,
미래에셋 S&P500 VIX,520088,KOSPI,8970,9315,-4.01,1454,2026-06-09T16:09:55,,,
미래에셋 CAPE 실러 U,520089,KOSPI,12105,12275,-1.47,3,2026-06-09T16:09:55,,,
미래에셋 천연가스 선,520090,KOSPI,8635,8520,-2.21,30772,2026-06-09T16:09:55,,,
미래에셋 인버스 천연,520091,KOSPI,10765,11120,-1.28,11923,2026-06-09T16:09:55,,,
미래에셋 레버리지 은,520092,KOSPI,39845,36080,1.93,20735,2026-06-09T16:09:55,,,
미래에셋 인버스 2X,520093,KOSPI,2270,2520,-5.02,61571,2026-06-09T16:09:55,,,
미래에셋 CD금리 플러,520094,KOSPI,101565,101570,0.01,819,2026-06-09T16:09:55,,,
미래에셋 1.5X S&P500,520097,KOSPI,16910,18035,-7.55,11905,2026-06-09T16:09:55,,,
미래에셋 레버리지 반,520098,KOSPI,50210,45090,23.49,5082,2026-06-09T16:09:55,,,
미래에셋 인버스 2X,520099,KOSPI,5540,6050,-22.63,525319,2026-06-09T16:09:55,,,
미래에셋 레버리지 삼,520100,KOSPI,22395,19570,18.24,464064,2026-06-09T16:09:55,,,
미래에셋 레버리지 SK,520101,KOSPI,24945,21150,31.74,928624,2026-06-09T16:09:55,,,
미래에셋 인버스 2X,520102,KOSPI,26360,28935,-18.92,181129,2026-06-09T16:09:55,,,
삼성 레버리지 WTI원,530031,KOSPI,3010,2920,-10.55,1070095,2026-06-09T16:09:55,,,
삼성 인버스 2X WTI원,530036,KOSPI,17,17,6.25,32148564,2026-06-09T16:09:55,,,
삼성 레버리지 금 선,530055,KOSPI,111300,104480,1.03,198,2026-06-09T16:09:55,,,
삼성 인버스 2X 금 선,530056,KOSPI,1777,1896,-1.39,20620,2026-06-09T16:09:55,,,
삼성 코스피 양매도 5,530060,KOSPI,5265,5290,1.45,17,2026-06-09T16:09:55,,,
삼성 레버리지 은 선,530061,KOSPI,42195,37995,3.93,24139,2026-06-09T16:09:55,,,
삼성 인버스 2X 은 선,530062,KOSPI,41,44,-4.65,1317515,2026-06-09T16:09:55,,,
삼성 레버리지 구리,530063,KOSPI,24825,24450,2.27,4459,2026-06-09T16:09:55,,,
삼성 인버스 2X 구리,530064,KOSPI,712,728,-2.33,63564,2026-06-09T16:09:55,,,
삼성 KRX 금현물 ETN,530067,KOSPI,35880,35090,-0.88,1859,2026-06-09T16:09:55,,,
삼성 금 선물 ETN(H),530083,KOSPI,22540,21960,0.85,1520,2026-06-09T16:09:55,,,
삼성 인버스 금 선물,530084,KOSPI,5060,5230,-0.88,69,2026-06-09T16:09:55,,,
삼성 은 선물 ETN(H),530089,KOSPI,26165,24780,2.09,1279,2026-06-09T16:09:55,,,
삼성 인버스 은 선물,530090,KOSPI,2495,2630,-2.16,1388,2026-06-09T16:09:55,,,
삼성 인버스 코스피 2,530092,KOSPI,2470,2595,-8.86,379131,2026-06-09T16:09:55,,,
삼성 인버스 코스닥 1,530094,KOSPI,5225,5260,-6.53,8939,2026-06-09T16:09:55,,,
삼성 구리 선물 ETN(H,530095,KOSPI,14600,14505,0.97,626,2026-06-09T16:09:55,,,
삼성 인버스 구리 선,530096,KOSPI,6495,6570,-1.52,29,2026-06-09T16:09:55,,,
삼성 레버리지 코스피,530104,KOSPI,308730,279145,17.84,4804,2026-06-09T16:09:55,,,
삼성 레버리지 코스닥,530106,KOSPI,38385,37225,11.96,67996,2026-06-09T16:09:55,,,
삼성 인버스 2X 코스,530107,KOSPI,1861,1869,-13.64,33192064,2026-06-09T16:09:55,,,
삼성 S&P500 TR ETN,530112,KOSPI,20610,20595,-1.15,5124,2026-06-09T16:09:55,,,
삼성 레버리지 S&P500,530113,KOSPI,55255,54720,-0.82,1842,2026-06-09T16:09:55,,,
삼성 인버스 2X S&P50,530114,KOSPI,9560,9815,-2.4,22186,2026-06-09T16:09:55,,,
삼성 레버리지 나스닥,530115,KOSPI,74730,72105,1.88,1689,2026-06-09T16:09:55,,,
삼성 인버스 2X 나스,530116,KOSPI,5075,5310,-4.69,52380,2026-06-09T16:09:55,,,
삼성 코스피 200 TR E,530117,KOSPI,40215,38095,8.97,179426,2026-06-09T16:09:55,,,
삼성 코스닥 150 TR E,530118,KOSPI,12810,12590,7.2,71780,2026-06-09T16:09:55,,,
삼성 레버리지 항셍테,530119,KOSPI,26575,25495,3.06,301,2026-06-09T16:09:55,,,
삼성 나스닥 100 TR E,530120,KOSPI,17395,17170,0.29,6263,2026-06-09T16:09:55,,,
삼성 항셍테크 TR ETN,530121,KOSPI,12810,12810,0.23,86401,2026-06-09T16:09:55,,,
삼성 인버스 2X 항셍,530122,KOSPI,6100,6395,-3.4,10092,2026-06-09T16:09:55,,,
삼성 일본니케이225선,530123,KOSPI,17200,16925,2.44,14,2026-06-09T16:09:55,,,
삼성 레버리지 일본니,530124,KOSPI,52460,50715,3.89,19,2026-06-09T16:09:55,,,
삼성 인버스 2X 일본,530125,KOSPI,4725,4835,-3.77,5108,2026-06-09T16:09:55,,,
삼성 코리아 밸류업 T,530126,KOSPI,39185,37375,4.06,2687,2026-06-09T16:09:55,,,
삼성 미국다우존스 TR,530127,KOSPI,12515,12515,-1.26,6,2026-06-09T16:09:55,,,
삼성 레버리지 미국다,530128,KOSPI,26090,26140,-0.97,0,2026-06-09T16:09:55,,,
삼성 인버스 2X 미국,530129,KOSPI,16105,16190,-2.48,301,2026-06-09T16:09:55,,,
삼성 S&P500 VIX S/T,530130,KOSPI,10780,11315,-5.77,110976,2026-06-09T16:09:55,,,
삼성 인버스0.5X S&P5,530131,KOSPI,21575,21320,0.56,207,2026-06-09T16:09:55,,,
삼성 블룸버그 WTI원,530132,KOSPI,19445,19060,-5.72,5634,2026-06-09T16:09:55,,,
삼성 블룸버그 레버리,530133,KOSPI,52875,50890,-9.72,5949,2026-06-09T16:09:55,,,
삼성 블룸버그 인버스,530134,KOSPI,3060,3200,8.32,1979801,2026-06-09T16:09:55,,,
삼성 인버스 China A5,530135,KOSPI,8335,8360,-0.3,0,2026-06-09T16:09:55,,,
삼성 인버스 2X 천연,530136,KOSPI,13720,14380,-0.18,66339,2026-06-09T16:09:55,,,
삼성 KRX 2차전지 TOP,530137,KOSPI,13780,13310,2.95,174,2026-06-09T16:09:55,,,
삼성 KRX 레버리지 2,530138,KOSPI,29460,26985,4.38,3418,2026-06-09T16:09:55,,,
삼성 iSelect 조선 TO,530139,KOSPI,13645,14215,-0.04,11,2026-06-09T16:09:55,,,
삼성 iSelect 레버리,530140,KOSPI,29045,31630,-1.01,9975,2026-06-09T16:09:55,,,
삼성 중국 자동차 TOP,530141,KOSPI,9795,9620,0.51,148,2026-06-09T16:09:55,,,
삼성 중국 AI 테크 TO,530142,KOSPI,7735,7610,2.18,853,2026-06-09T16:09:55,,,
삼성 인버스 2X 은 선,530143,KOSPI,45075,50360,-7.35,9136,2026-06-09T16:09:55,,,
삼성 레버리지 천연가,530145,KOSPI,16550,15965,-2.96,155096,2026-06-09T16:09:55,,,
N2 미국 IT TOP5 ETN(,550041,KOSPI,55745,55170,-0.81,1,2026-06-09T16:09:55,,,
N2 인버스 레버리지 W,550043,KOSPI,12,12,0.0,17832636,2026-06-09T16:09:55,,,
N2 레버리지 금 선물,550062,KOSPI,73870,68195,1.61,15,2026-06-09T16:09:55,,,
N2 인버스 레버리지,550063,KOSPI,3745,3985,-2.35,33,2026-06-09T16:09:55,,,
N2 레버리지 은 선물,550064,KOSPI,49555,44800,6.01,286,2026-06-09T16:09:55,,,
N2 레버리지 구리 선,550069,KOSPI,24790,24555,2.5,122,2026-06-09T16:09:55,,,
N2 인버스 레버리지,550070,KOSPI,5105,5200,-3.41,501,2026-06-09T16:09:55,,,
N2 KIS CD금리투자 ET,550082,KOSPI,55375,55375,0.01,0,2026-06-09T16:09:55,,,
N2 코스피 200 TR ETN,550084,KOSPI,39705,37315,8.94,2638,2026-06-09T16:09:55,,,
N2 코스닥 150 TR ETN,550085,KOSPI,12305,12000,7.33,8268,2026-06-09T16:09:55,,,
N2 선진국 1등주 ETN,550087,KOSPI,11900,11910,-1.04,1,2026-06-09T16:09:55,,,
N2 월간 레버리지 선,550088,KOSPI,22765,23105,-2.04,2,2026-06-09T16:09:55,,,
N2 월간 레버리지 코,550089,KOSPI,194995,179140,12.95,33,2026-06-09T16:09:55,,,
N2 방위산업 Top5 ETN,550091,KOSPI,39160,40995,3.34,22,2026-06-09T16:09:55,,,
N2 월간 레버리지 방,550092,KOSPI,152580,169985,12.12,83,2026-06-09T16:09:55,,,
N2 전력인프라 Top5 E,550093,KOSPI,47350,47800,7.41,111,2026-06-09T16:09:55,,,
N2 레버리지 국채10년,550095,KOSPI,17375,17345,1.49,1,2026-06-09T16:09:55,,,
N2 레버리지 국채30년,550096,KOSPI,12230,12070,3.03,2,2026-06-09T16:09:55,,,
N2 레버리지 코스닥15,550097,KOSPI,28460,27205,14.78,12704,2026-06-09T16:09:55,,,
N2 인버스 2X 코스닥1,550098,KOSPI,6645,6795,-15.19,28655,2026-06-09T16:09:55,,,
N2 레버리지 천연가스,550099,KOSPI,12730,12295,-2.34,5460,2026-06-09T16:09:55,,,
N2 인버스 2X 천연가,550100,KOSPI,10600,11055,-0.09,56,2026-06-09T16:09:55,,,
한투 코스피양매도5%O,570019,KOSPI,5405,5435,4.34,201,2026-06-09T16:09:55,,,
한투 레버리지S&P500,570022,KOSPI,55170,54195,0.69,1849,2026-06-09T16:09:55,,,
한투 인버스2XS&P500,570023,KOSPI,715,728,-1.24,21059,2026-06-09T16:09:55,,,
한투 코스피양매도3%O,570029,KOSPI,4930,5060,-0.5,800,2026-06-09T16:09:55,,,
한투 FTSE100 ETN,570047,KOSPI,28870,28775,-1.85,2,2026-06-09T16:09:55,,,
한투 S&P500선물 ETN,570050,KOSPI,28400,28295,-1.08,7166,2026-06-09T16:09:55,,,
한투 나스닥100 ETN,570051,KOSPI,33770,33200,-0.35,50,2026-06-09T16:09:55,,,
한투 레버리지금선물,570059,KOSPI,97240,92365,-1.01,55,2026-06-09T16:09:55,,,
한투 인버스2X금선물,570060,KOSPI,4980,5320,-3.02,126,2026-06-09T16:09:55,,,
한투 레버리지은선물,570061,KOSPI,64305,58380,0.5,620,2026-06-09T16:09:55,,,
한투 베트남VN30선물,570063,KOSPI,14895,15145,-1.78,20,2026-06-09T16:09:55,,,
한투 인버스베트남VN3,570064,KOSPI,6090,6045,0.25,105,2026-06-09T16:09:55,,,
한투 레버리지베트남V,570065,KOSPI,33260,33335,-0.06,16,2026-06-09T16:09:55,,,
한투 인버스2X베트남V,570066,KOSPI,5380,5310,0.94,3091,2026-06-09T16:09:55,,,
한투 레버리지플래티,570069,KOSPI,36275,33305,-1.65,471,2026-06-09T16:09:55,,,
한투 인버스2X플래티,570070,KOSPI,2090,2310,-3.91,589,2026-06-09T16:09:55,,,
한투 구리선물 ETN,570071,KOSPI,18855,18855,0.0,1,2026-06-09T16:09:55,,,
한투 레버리지구리선,570072,KOSPI,31810,32065,-0.72,295,2026-06-09T16:09:55,,,
한투 인버스2X구리선,570073,KOSPI,6725,6925,-4.07,39,2026-06-09T16:09:55,,,
한투 유럽탄소배출권,570074,KOSPI,11185,11065,-0.04,0,2026-06-09T16:09:55,,,
한투 레버리지코스닥1,570081,KOSPI,39035,37000,13.59,208,2026-06-09T16:09:55,,,
한투 인버스2X코스닥1,570082,KOSPI,1891,1898,-13.85,450695,2026-06-09T16:09:55,,,
한투 인도네시아대표,570085,KOSPI,9425,9870,1.89,2632,2026-06-09T16:09:55,,,
한투 KIS CD금리투자,570090,KOSPI,55375,55375,0.01,0,2026-06-09T16:09:55,,,
한투 인버스유로스탁,570091,KOSPI,6515,6520,-1.14,2008,2026-06-09T16:09:55,,,
한투 인버스2X유로스,570092,KOSPI,7305,7275,-2.86,154,2026-06-09T16:09:55,,,
한투 일본엔선물 ETN,570094,KOSPI,9475,9505,-2.17,42,2026-06-09T16:09:55,,,
한투 레버리지일본엔,570095,KOSPI,7995,8065,-2.91,369,2026-06-09T16:09:55,,,
한투 인버스2X일본엔,570096,KOSPI,9985,10175,-0.15,101753,2026-06-09T16:09:55,,,
한투 엔달러선물 ETN(,570097,KOSPI,7820,7810,0.13,1029,2026-06-09T16:09:55,,,
한투 레버리지엔달러,570098,KOSPI,5945,5935,-0.08,919,2026-06-09T16:09:55,,,
한투 인버스2X엔달러,570099,KOSPI,15010,15030,0.1,2,2026-06-09T16:09:55,,,
한투 일본종합상사TOP,570100,KOSPI,22010,21760,-1.87,10959,2026-06-09T16:09:55,,,
한투 인버스나스닥100,570101,KOSPI,7525,7760,-4.14,126,2026-06-09T16:09:55,,,
한투 레버리지나스닥1,570102,KOSPI,20175,19545,1.84,41,2026-06-09T16:09:55,,,
한투 인버스2X나스닥1,570103,KOSPI,4475,4720,-4.58,19900,2026-06-09T16:09:55,,,
한투 일본니케이225선,570104,KOSPI,17225,16970,2.1,39,2026-06-09T16:09:55,,,
한투 인버스일본니케,570105,KOSPI,4905,5000,-2.39,210,2026-06-09T16:09:55,,,
한투 레버리지일본니,570106,KOSPI,50935,49485,3.77,528,2026-06-09T16:09:55,,,
한투 인버스2X일본니,570107,KOSPI,4235,4290,-3.97,2,2026-06-09T16:09:55,,,
한투 레버리지국채30,570108,KOSPI,12080,11965,2.5,0,2026-06-09T16:09:55,,,
한투 레버리지미국채3,570109,KOSPI,17820,18000,-1.52,0,2026-06-09T16:09:55,,,
한투 3X레버리지국채3,570110,KOSPI,19490,19245,2.71,0,2026-06-09T16:09:55,,,
한투 3X레버리지미국,570111,KOSPI,43000,43440,-1.53,0,2026-06-09T16:09:55,,,
한투 S&P500 VIX S/T,570114,KOSPI,10635,11090,-4.92,2172,2026-06-09T16:09:55,,,
한투 인버스0.5X S&P5,570115,KOSPI,22150,21890,0.09,2847,2026-06-09T16:09:55,,,
한투 레버리지WTI원유,570116,KOSPI,52935,51350,-10.35,250,2026-06-09T16:09:55,,,
한투 인버스2XWTI원유,570117,KOSPI,3040,3205,7.8,227815,2026-06-09T16:09:55,,,
한투 인버스2X천연가,570118,KOSPI,10020,10470,0.0,5471,2026-06-09T16:09:55,,,
한투 인버스2X은선물,570119,KOSPI,45675,49690,-3.97,2137,2026-06-09T16:09:55,,,
한투 레버리지천연가,570120,KOSPI,20790,20075,-3.05,32755,2026-06-09T16:09:55,,,
한투 금선물 ETN,570121,KOSPI,9355,9175,-0.74,616,2026-06-09T16:09:55,,,
한투 인버스금선물 ET,570122,KOSPI,10460,10460,0.0,0,2026-06-09T16:09:55,,,
한투 은선물 ETN,570123,KOSPI,7945,7545,-0.44,349,2026-06-09T16:09:55,,,
한투 인버스은선물 ET,570124,KOSPI,11675,11675,0.0,0,2026-06-09T16:09:55,,,
KB Wise 분할매매 ETN,580010,KOSPI,12225,12230,0.0,1,2026-06-09T16:09:55,,,
KB 레버리지 금 선물,580022,KOSPI,74225,69895,1.51,871,2026-06-09T16:09:55,,,
KB 인버스 2X 금 선물,580023,KOSPI,3740,4005,-2.48,13313,2026-06-09T16:09:55,,,
KB S&P 레버리지 은,580026,KOSPI,49685,44750,3.99,3964,2026-06-09T16:09:55,,,
KB 레버리지 구리 선,580032,KOSPI,24970,24510,2.63,4098,2026-06-09T16:09:55,,,
KB 인버스 2X 구리 선,580033,KOSPI,5135,5260,-3.11,3513,2026-06-09T16:09:55,,,
KB 레버리지 FANG 플,580034,KOSPI,89690,84265,4.63,52,2026-06-09T16:09:55,,,
KB S&P 유럽탄소배출,580035,KOSPI,8470,8360,0.71,2,2026-06-09T16:09:55,,,
KB 레버리지 KOSPI 20,580039,KOSPI,306350,276790,17.31,17806,2026-06-09T16:09:55,,,
KB 레버리지 KOSDAQ 1,580043,KOSPI,38775,36265,12.39,13452,2026-06-09T16:09:55,,,
KB 인버스 2X KOSDAQ,580044,KOSPI,1871,1893,-13.18,7408108,2026-06-09T16:09:55,,,
KB 레버리지 항셍테크,580047,KOSPI,13695,13045,3.16,51,2026-06-09T16:09:55,,,
KB 차이나 대형주 CSI,580048,KOSPI,14325,14565,-2.25,1,2026-06-09T16:09:55,,,
KB 차이나 중형주 CSI,580049,KOSPI,15480,15440,0.29,0,2026-06-09T16:09:55,,,
KB 차이나 과창판 STA,580050,KOSPI,17360,17430,2.45,40008,2026-06-09T16:09:55,,,
KB 레버리지 밀 선물,580051,KOSPI,7285,7485,0.62,13273,2026-06-09T16:09:55,,,
KB 인버스 2X 밀 선물,580052,KOSPI,37635,37705,-3.92,189,2026-06-09T16:09:55,,,
KB 레버리지 콩 선물,580053,KOSPI,14945,15125,-1.9,25,2026-06-09T16:09:55,,,
KB 인버스 2X 콩 선물,580054,KOSPI,31290,31460,-0.89,249,2026-06-09T16:09:55,,,
KB 일본 로보틱스 TOP,580056,KOSPI,24625,24255,-0.4,3450,2026-06-09T16:09:55,,,
KB 일본 컨슈머 TOP 1,580057,KOSPI,12835,12910,-2.54,34,2026-06-09T16:09:55,,,
KB KIS CD금리투자 ET,580058,KOSPI,53460,53465,0.0,1,2026-06-09T16:09:55,,,
KB 미국채 10년 ETN,580059,KOSPI,11610,11710,-2.4,115,2026-06-09T16:09:55,,,
KB 레버리지 미국채 1,580060,KOSPI,22570,22505,-1.89,1,2026-06-09T16:09:55,,,
KB 미국채 30년 ETN,580061,KOSPI,10675,10805,-1.75,25,2026-06-09T16:09:55,,,
KB 레버리지 미국채 3,580062,KOSPI,18425,18580,-1.6,70,2026-06-09T16:09:55,,,
KB 레버리지 미국채 1,580063,KOSPI,20985,21090,-0.71,0,2026-06-09T16:09:55,,,
KB 인버스 2X 미국채,580064,KOSPI,22315,22355,-1.48,0,2026-06-09T16:09:55,,,
KB 코스닥 150 TR ETN,580065,KOSPI,13065,12645,7.62,47042,2026-06-09T16:09:55,,,
KB 인도 대형 성장주,580066,KOSPI,9875,9930,-2.28,6,2026-06-09T16:09:55,,,
KB 인도 디지털 Selec,580067,KOSPI,9315,9525,-5.09,34,2026-06-09T16:09:55,,,
KB S&P 레버리지 WTI,580068,KOSPI,53170,51270,-9.8,10563,2026-06-09T16:09:55,,,
KB S&P 인버스 2X WTI,580069,KOSPI,3070,3230,7.91,234157,2026-06-09T16:09:55,,,
KB 레버리지 2차전지,580070,KOSPI,29655,26705,5.33,784,2026-06-09T16:09:55,,,
KB 인버스 2X 천연가,580071,KOSPI,10005,10450,0.65,10967,2026-06-09T16:09:55,,,
KB 화웨이 밸류체인 E,580072,KOSPI,14445,14285,0.24,264,2026-06-09T16:09:55,,,
KB 레버리지 화웨이,580073,KOSPI,33920,33920,0.0,22,2026-06-09T16:09:55,,,
KB BYD 밸류체인 ETN,580074,KOSPI,12155,12155,0.54,30,2026-06-09T16:09:55,,,
KB 레버리지 BYD 밸류,580075,KOSPI,26570,26375,2.69,1,2026-06-09T16:09:55,,,
KB 레버리지 미국 나,580076,KOSPI,29195,28150,0.38,31,2026-06-09T16:09:55,,,
KB 인버스 2X 미국 나,580077,KOSPI,13620,14380,-5.35,3211,2026-06-09T16:09:55,,,
KB 은 선물 ETN,580078,KOSPI,7940,7440,-0.81,43,2026-06-09T16:09:55,,,
KB 레버리지 은 선물,580079,KOSPI,10820,9780,1.98,1918,2026-06-09T16:09:55,,,
KB 인버스 은 선물 ET,580080,KOSPI,13205,13990,-4.24,6605,2026-06-09T16:09:55,,,
KB 인버스 2X 은 선물,580081,KOSPI,44810,50255,-5.17,2487,2026-06-09T16:09:55,,,
KB 레버리지 반도체 T,580082,KOSPI,53410,47720,20.62,3130,2026-06-09T16:09:55,,,
KB 레버리지 미국 S&P,580083,KOSPI,26710,26545,-2.07,3736,2026-06-09T16:09:55,,,
KB 인버스 2X 미국 S&,580084,KOSPI,14455,14875,-3.21,6781,2026-06-09T16:09:55,,,
KB 솔랙티브 천연가스,580085,KOSPI,10445,10295,-2.38,809,2026-06-09T16:09:55,,,
KB 솔랙티브 레버리지,580086,KOSPI,20875,20080,-2.64,24761,2026-06-09T16:09:55,,,
KB 솔랙티브 인버스,580087,KOSPI,9820,10090,-1.65,925,2026-06-09T16:09:55,,,
KB 인버스 2X KOSPI 2,580088,KOSPI,26155,29250,-19.51,6070,2026-06-09T16:09:55,,,
메리츠 인플레이션 국,610001,KOSPI,12000,12025,0.17,1,2026-06-09T16:09:55,,,
메리츠 미국 인플레이,610003,KOSPI,9185,9185,0.16,0,2026-06-09T16:09:55,,,
메리츠 국채30년 ETN,610007,KOSPI,7100,7030,1.5,46,2026-06-09T16:09:55,,,
메리츠 레버리지 국채,610008,KOSPI,4010,3925,3.08,3,2026-06-09T16:09:55,,,
메리츠 인버스 국채30,610009,KOSPI,15515,15635,-0.54,23,2026-06-09T16:09:55,,,
메리츠 레버리지 금,610012,KOSPI,73575,69525,2.19,60,2026-06-09T16:09:55,,,
메리츠 인버스 2X 금,610013,KOSPI,3835,4100,-1.67,14043,2026-06-09T16:09:55,,,
메리츠 국채10년 ETN,610018,KOSPI,9935,9940,0.35,583,2026-06-09T16:09:55,,,
메리츠 인버스 국채10,610020,KOSPI,11970,11900,0.25,1,2026-06-09T16:09:55,,,
메리츠 미국채10년 ET,610022,KOSPI,8445,8470,0.18,1237,2026-06-09T16:09:55,,,
메리츠 레버리지 미국,610023,KOSPI,6050,6070,0.5,215,2026-06-09T16:09:55,,,
메리츠 인버스 미국채,610024,KOSPI,13475,13455,-0.04,4,2026-06-09T16:09:55,,,
메리츠 인버스 2X 미,610025,KOSPI,15925,15830,0.0,1,2026-06-09T16:09:55,,,
메리츠 레버리지 구리,610028,KOSPI,25000,24500,3.01,470,2026-06-09T16:09:55,,,
메리츠 인버스 2X 구,610029,KOSPI,5140,5175,-3.93,8641,2026-06-09T16:09:55,,,
메리츠 S&P 유럽탄소,610030,KOSPI,11170,11055,0.0,1,2026-06-09T16:09:55,,,
메리츠 대표 농산물,610034,KOSPI,8280,8300,0.67,525,2026-06-09T16:09:55,,,
메리츠 레버리지 대표,610035,KOSPI,9710,9805,1.36,7545,2026-06-09T16:09:55,,,
메리츠 인버스 2X 대,610036,KOSPI,26765,26515,-1.13,754,2026-06-09T16:09:55,,,
메리츠 미국채30년 ET,610037,KOSPI,7435,7455,0.0,781,2026-06-09T16:09:55,,,
메리츠 레버리지 미국,610038,KOSPI,4425,4435,0.23,4490,2026-06-09T16:09:55,,,
메리츠 인버스 미국채,610039,KOSPI,14350,14320,0.17,3,2026-06-09T16:09:55,,,
메리츠 인버스 2X 미,610040,KOSPI,17055,16930,0.32,101,2026-06-09T16:09:55,,,
메리츠 국채3년 ETN,610045,KOSPI,11305,11310,0.18,0,2026-06-09T16:09:55,,,
메리츠 인버스 국채3,610047,KOSPI,10710,10705,-0.09,6,2026-06-09T16:09:55,,,
메리츠 국채5년 ETN,610049,KOSPI,11380,11395,0.31,0,2026-06-09T16:09:55,,,
메리츠 인버스 국채5,610051,KOSPI,10605,10590,-0.28,0,2026-06-09T16:09:55,,,
메리츠 3X 레버리지,610055,KOSPI,21565,21610,0.49,3,2026-06-09T16:09:55,,,
메리츠 인버스 3X 국,610056,KOSPI,20565,20550,-0.6,0,2026-06-09T16:09:55,,,
메리츠 3X 레버리지,610057,KOSPI,20330,20560,0.35,2,2026-06-09T16:09:55,,,
메리츠 인버스 3X 국,610058,KOSPI,21235,21150,-1.05,0,2026-06-09T16:09:55,,,
메리츠 3X 레버리지,610059,KOSPI,17290,17380,0.06,2,2026-06-09T16:09:55,,,
메리츠 인버스 3X 국,610060,KOSPI,22250,22175,-0.29,0,2026-06-09T16:09:55,,,
메리츠 3X 레버리지,610061,KOSPI,27595,26785,4.19,2157,2026-06-09T16:09:55,,,
메리츠 인버스 3X 국,610062,KOSPI,58545,60900,-5.11,337,2026-06-09T16:09:55,,,
메리츠 KIS CD금리투,610063,KOSPI,55375,55380,0.01,632001,2026-06-09T16:09:55,,,
메리츠 KAP 통안채 6,610064,KOSPI,54745,54745,0.0,0,2026-06-09T16:09:55,,,
메리츠 KAP 통안채 3,610066,KOSPI,54765,54770,0.0,0,2026-06-09T16:09:55,,,
메리츠 KAP 일본 엔화,610068,KOSPI,10565,10620,-1.26,295,2026-06-09T16:09:55,,,
메리츠 KAP 레버리지,610069,KOSPI,19960,20160,-2.56,14679,2026-06-09T16:09:55,,,
메리츠 KAP 인버스 2X,610070,KOSPI,20500,20230,2.89,52852,2026-06-09T16:09:55,,,
메리츠 KAP 중국 위안,610071,KOSPI,13320,13410,-1.26,94,2026-06-09T16:09:55,,,
메리츠 KAP 레버리지,610072,KOSPI,32060,32220,-2.91,25,2026-06-09T16:09:55,,,
메리츠 KAP 인버스 2X,610073,KOSPI,13390,13150,3.0,303,2026-06-09T16:09:55,,,
메리츠 미국채10년 ET,610074,KOSPI,12205,12250,-0.85,4,2026-06-09T16:09:55,,,
메리츠 3X 레버리지,610075,KOSPI,57915,58550,-0.95,57,2026-06-09T16:09:55,,,
메리츠 인버스 3X 미,610076,KOSPI,52060,52015,-1.85,130,2026-06-09T16:09:55,,,
메리츠 미국채30년 ET,610077,KOSPI,11425,11525,-2.39,0,2026-06-09T16:09:55,,,
메리츠 3X 레버리지,610078,KOSPI,44555,45260,-1.39,2009,2026-06-09T16:09:55,,,
메리츠 인버스 3X 미,610079,KOSPI,53255,53360,-2.19,551,2026-06-09T16:09:55,,,
메리츠 멕시코 페소화,610080,KOSPI,14205,14265,-0.94,4,2026-06-09T16:09:55,,,
메리츠 레버리지 멕시,610081,KOSPI,37210,37710,-2.34,0,2026-06-09T16:09:55,,,
메리츠 인도 루피화 E,610082,KOSPI,10820,10820,-1.5,1,2026-06-09T16:09:55,,,
메리츠 레버리지 인도,610083,KOSPI,21435,21535,-4.52,1,2026-06-09T16:09:55,,,
메리츠 미국채30년 스,610084,KOSPI,9165,9185,-0.22,0,2026-06-09T16:09:55,,,
메리츠 레버리지 미국,610085,KOSPI,36390,36800,-1.01,1,2026-06-09T16:09:55,,,
메리츠 인버스2X 미국,610086,KOSPI,54750,54300,0.65,19,2026-06-09T16:09:55,,,
메리츠 WTI원유 선물,610087,KOSPI,18355,17815,-3.88,103,2026-06-09T16:09:55,,,
메리츠 레버리지 WTI,610088,KOSPI,49005,47220,-8.79,69,2026-06-09T16:09:55,,,
메리츠 인버스 2X WTI,610089,KOSPI,3035,3160,9.37,464647,2026-06-09T16:09:55,,,
메리츠 일본 국채 10,610090,KOSPI,9400,9425,-1.98,55,2026-06-09T16:09:55,,,
메리츠 3X 레버리지,610091,KOSPI,16190,16200,-0.49,0,2026-06-09T16:09:55,,,
메리츠 인버스 일본,610092,KOSPI,10740,10825,-2.19,21,2026-06-09T16:09:55,,,
메리츠 인버스 3X 일,610093,KOSPI,24295,24535,-3.01,28,2026-06-09T16:09:55,,,
메리츠 천연가스 선물,610094,KOSPI,8845,8685,-1.12,779,2026-06-09T16:09:55,,,
메리츠 레버리지 천연,610095,KOSPI,10755,10320,-1.74,30870,2026-06-09T16:09:55,,,
메리츠 인버스 2X 천,610096,KOSPI,10430,10975,0.92,7048,2026-06-09T16:09:55,,,
메리츠 미국채30년스,610097,KOSPI,9450,9520,-0.16,2,2026-06-09T16:09:55,,,
메리츠 미국채30년 풋,610098,KOSPI,9965,9975,0.0,0,2026-06-09T16:09:55,,,
메리츠 은 선물 ETN(H,610099,KOSPI,7385,6965,0.27,13490,2026-06-09T16:09:55,,,
메리츠 레버리지 은,610100,KOSPI,10200,9105,3.61,13785,2026-06-09T16:09:55,,,
메리츠 인버스 2X 은,610101,KOSPI,43060,46620,-2.41,6619,2026-06-09T16:09:55,,,
하나 레버리지 옥수수,700011,KOSPI,7430,7475,1.43,97,2026-06-09T16:09:55,,,
하나 인버스 2X 옥수,700012,KOSPI,29170,29140,-1.93,262,2026-06-09T16:09:55,,,
하나 레버리지 콩 선,700013,KOSPI,20655,20810,-0.84,4,2026-06-09T16:09:55,,,
하나 인버스 2X 콩 선,700014,KOSPI,12995,12970,0.62,76,2026-06-09T16:09:55,,,
하나 레버리지 코스닥,700017,KOSPI,40845,37880,17.02,758,2026-06-09T16:09:55,,,
하나 인버스 2X 코스,700018,KOSPI,1881,1914,-13.32,384557,2026-06-09T16:09:55,,,
하나 Solactive US Te,700022,KOSPI,31010,30370,0.0,0,2026-06-09T16:09:55,,,
하나 Solactive 2X US,700023,KOSPI,139755,133965,0.0,0,2026-06-09T16:09:55,,,
하나 CD금리투자 ETN,700026,KOSPI,106925,106925,0.01,288,2026-06-09T16:09:55,,,
하나 반도체 ETN,700027,KOSPI,49390,50095,9.43,406,2026-06-09T16:09:55,,,
하나 레버리지 반도체,700028,KOSPI,346105,319795,21.11,114,2026-06-09T16:09:55,,,
하나 S&P 레버리지 WT,700029,KOSPI,52985,51960,-10.32,1026,2026-06-09T16:09:55,,,
하나 S&P 인버스 2X W,700030,KOSPI,3050,3185,7.96,35317,2026-06-09T16:09:55,,,
하나 레버리지 천연가,700031,KOSPI,10745,10320,-1.15,10223,2026-06-09T16:09:55,,,
하나 인버스 2X 천연,700032,KOSPI,10320,10960,0.54,204,2026-06-09T16:09:55,,,
하나 K방산TOP10 ETN,700033,KOSPI,9915,10500,2.8,10592,2026-06-09T16:09:55,,,
하나 레버리지 K방산T,700034,KOSPI,15585,17050,5.3,8353,2026-06-09T16:09:55,,,
하나 인버스 2X K방산,700035,KOSPI,10670,9420,-3.57,24396,2026-06-09T16:09:55,,,
하나 인버스 2X 반도,700036,KOSPI,3570,3920,-23.06,406017,2026-06-09T16:09:55,,,
키움 인버스 미국달러,760004,KOSPI,8845,7640,1.09,1,2026-06-09T16:09:55,,,
키움 INDXX 미국테크,760005,KOSPI,37485,36695,-1.76,12,2026-06-09T16:09:55,,,
키움 KPOP ETN,760006,KOSPI,7790,7635,3.45,396,2026-06-09T16:09:55,,,
키움 코스피 200 TR E,760007,KOSPI,39975,37955,9.69,3013,2026-06-09T16:09:55,,,
키움 코스닥 150 TR E,760008,KOSPI,12320,12095,7.13,8229,2026-06-09T16:09:55,,,
키움 CD금리투자 ETN,760009,KOSPI,106610,106620,0.01,50,2026-06-09T16:09:55,,,
키움 2차전지산업 ETN,760010,KOSPI,9970,9745,2.15,4,2026-06-09T16:09:55,,,
키움 레버리지 2차전,760011,KOSPI,12290,11685,5.4,17921,2026-06-09T16:09:55,,,
키움 반도체TOP10 ETN,760012,KOSPI,39900,38165,9.93,267,2026-06-09T16:09:55,,,
키움 레버리지 반도체,760013,KOSPI,198775,175620,24.3,202276,2026-06-09T16:09:55,,,
키움 바이오TOP10 ETN,760014,KOSPI,7920,7830,5.74,9516,2026-06-09T16:09:55,,,
키움 레버리지 바이오,760015,KOSPI,9215,8970,12.45,80556,2026-06-09T16:09:55,,,
키움 레버리지 조선TO,760016,KOSPI,92675,101020,-0.44,12749,2026-06-09T16:09:55,,,
키움 조선TOP10 ETN,760017,KOSPI,26030,27265,-0.44,3024,2026-06-09T16:09:55,,,
키움 미국달러선물 ET,760018,KOSPI,11010,11095,-1.83,1,2026-06-09T16:09:55,,,
키움 리츠부동산인프,760019,KOSPI,9825,10035,1.39,1,2026-06-09T16:09:55,,,
키움 레버리지 리츠부,760020,KOSPI,18325,19105,3.41,88,2026-06-09T16:09:55,,,
키움 코스피200 선물,760021,KOSPI,36345,35090,6.9,10,2026-06-09T16:09:55,,,
키움 K방산 TOP5 ETN,760022,KOSPI,10935,11635,1.53,3008,2026-06-09T16:09:55,,,
키움 레버리지 K방산,760023,KOSPI,19420,21815,3.93,11624,2026-06-09T16:09:55,,,
키움 인버스 2X K방산,760024,KOSPI,9335,8280,-4.65,11923,2026-06-09T16:09:55,,,
키움 전력 TOP5 ETN,760025,KOSPI,13625,13965,6.16,8325,2026-06-09T16:09:55,,,
키움 레버리지 전력 T,760026,KOSPI,31385,32940,12.25,104416,2026-06-09T16:09:55,,,
키움 인버스 2X 전력,760027,KOSPI,6480,6165,-12.25,301970,2026-06-09T16:09:55,,,
키움 인버스 2X 반도,760028,KOSPI,3940,4325,-23.72,653095,2026-06-09T16:09:55,,,
중앙에너비스,000440,KOSDAQ,15600,15300,-0.45,19260,2026-06-09T16:09:55,,,
에임드바이오,000090,KOSDAQ,0,24900,0.0,0,,,,
액스비스,000110,KOSDAQ,0,13350,0.0,0,,,,
피에스텍,002230,KOSDAQ,5450,5650,3.02,122779,2026-06-09T16:09:55,,,
삼일기업공사,002290,KOSDAQ,3415,3410,2.09,18515,2026-06-09T16:09:55,,,
한탑,002680,KOSDAQ,469,452,29.92,1915493,2026-06-09T16:09:55,,,
신신제약,002800,KOSDAQ,4480,4495,2.99,24619,2026-06-09T16:09:55,,,
선광,003100,KOSDAQ,18530,18150,3.0,16527,2026-06-09T16:09:55,,,
대주산업,003310,KOSDAQ,1815,1837,-3.97,848209,2026-06-09T16:09:55,,,
하림지주,003380,KOSDAQ,10280,10130,3.32,673751,2026-06-09T16:09:55,,,
에이스침대,003800,KOSDAQ,32400,32700,2.21,3033,2026-06-09T16:09:55,,,
한국가구,004590,KOSDAQ,5280,5400,1.34,84745,2026-06-09T16:09:55,,,
창해에탄올,004650,KOSDAQ,9150,9070,3.16,42670,2026-06-09T16:09:55,,,
대륙제관,004780,KOSDAQ,3850,3820,3.49,40236,2026-06-09T16:09:55,,,
동국산업,005160,KOSDAQ,2460,2460,2.29,202919,2026-06-09T16:09:55,,,
동진쎄미켐,005290,KOSDAQ,53600,52200,9.95,725690,2026-06-09T16:09:55,,,
푸드웰,005670,KOSDAQ,6090,6130,7.22,43659,2026-06-09T16:09:55,,,
대원산업,005710,KOSDAQ,10330,10530,5.3,7643,2026-06-09T16:09:55,,,
한일사료,005860,KOSDAQ,2485,2460,-1.39,881815,2026-06-09T16:09:55,,,
매일홀딩스,005990,KOSDAQ,10790,10780,-1.01,5997,2026-06-09T16:09:55,,,
국영지앤엠,006050,KOSDAQ,724,681,1.97,272885,2026-06-09T16:09:55,,,
피제이전자,006140,KOSDAQ,5000,4850,4.06,61712,2026-06-09T16:09:55,,,
동구바이오제약,006620,KOSDAQ,3965,3930,4.34,72639,2026-06-09T16:09:55,,,
서부T&D,006730,KOSDAQ,11090,11410,3.84,660785,2026-06-09T16:09:55,,,
보성파워텍,006910,KOSDAQ,8390,8020,9.39,1211988,2026-06-09T16:09:55,,,
모헨즈,006920,KOSDAQ,3645,4175,-2.8,1911650,2026-06-09T16:09:55,,,
삼성스팩11호,000710,KOSDAQ,0,2005,0.0,0,,,,
푸른저축은행,007330,KOSDAQ,10400,10070,3.07,32606,2026-06-09T16:09:55,,,
진양제약,007370,KOSDAQ,3985,3930,2.97,24375,2026-06-09T16:09:55,,,
네이처셀,007390,KOSDAQ,29700,30800,0.85,850456,2026-06-09T16:09:55,,,
와이엠,007530,KOSDAQ,1993,2100,1.68,54751,2026-06-09T16:09:55,,,
대원,007680,KOSDAQ,4035,4005,6.32,28677,2026-06-09T16:09:55,,,
소노스퀘어,007720,KOSDAQ,288,284,-3.36,665205,2026-06-09T16:09:55,,,
한일화학,007770,KOSDAQ,7060,7080,0.43,1621,2026-06-09T16:09:55,,,
엠엑스로보틱스,007820,KOSDAQ,3480,3310,0.87,144862,2026-06-09T16:09:55,,,
원풍물산,008290,KOSDAQ,487,510,-2.6,141868,2026-06-09T16:09:55,,,
원풍,008370,KOSDAQ,4945,4915,2.38,7230,2026-06-09T16:09:55,,,
부스타,008470,KOSDAQ,3235,3170,1.41,13411,2026-06-09T16:09:55,,,
대동기어,008830,KOSDAQ,14900,16210,8.6,85141,2026-06-09T16:09:55,,,
삼아제약,009300,KOSDAQ,13390,13300,3.72,5163,2026-06-09T16:09:55,,,
포스코엠텍,009520,KOSDAQ,14030,13880,4.78,172115,2026-06-09T16:09:55,,,
삼보산업,009620,KOSDAQ,540,620,3.85,2500238,2026-06-09T16:09:55,,,
삼성스팩12호,000960,KOSDAQ,0,1997,0.0,0,,,,
이렘,009730,KOSDAQ,206,190,-4.63,458255,2026-06-09T16:09:55,,,
엠에스씨,009780,KOSDAQ,6150,5990,3.89,24168,2026-06-09T16:09:55,,,
대한광통신,010170,KOSDAQ,18340,16300,10.62,23768528,2026-06-09T16:09:55,,,
흥국,010240,KOSDAQ,5220,5200,1.95,20281,2026-06-09T16:09:55,,,
아이티센엔텍,010280,KOSDAQ,6140,5940,2.33,53903,2026-06-09T16:09:55,,,
오리콤,010470,KOSDAQ,4875,4880,1.56,16612,2026-06-09T16:09:55,,,
경동제약,011040,KOSDAQ,4970,4970,2.37,28555,2026-06-09T16:09:55,,,
형지I&C,011080,KOSDAQ,2390,2310,-1.65,85571,2026-06-09T16:09:55,"태양광 셀 효율 최고 달성, 주문 2배 증가",신재생 강세 시 매수,정부 신재생에너지 정책 변화
유니크,011320,KOSDAQ,4115,4035,6.19,41302,2026-06-09T16:09:55,,,
서한,011370,KOSDAQ,854,849,4.79,120313,2026-06-09T16:09:55,,,
세보엠이씨,011560,KOSDAQ,22400,22200,4.67,15814,2026-06-09T16:09:55,,,
삼미금속,012210,KOSDAQ,8630,8690,2.49,116707,2026-06-09T16:09:55,,,
뉴인텍,012340,KOSDAQ,1036,1015,-1.8,88869,2026-06-09T16:09:55,,,
원일특강,012620,KOSDAQ,7060,6990,4.13,9897,2026-06-09T16:09:55,,,
리드코프,012700,KOSDAQ,2790,2790,5.08,54495,2026-06-09T16:09:55,,,
신일제약,012790,KOSDAQ,5160,5190,3.2,30499,2026-06-09T16:09:55,,,
모베이스전자,012860,KOSDAQ,3065,2945,4.25,694203,2026-06-09T16:09:55,,,
하이록코리아,013030,KOSDAQ,33850,33550,5.12,46611,2026-06-09T16:09:55,,,
신한제17호스팩,001300,KOSDAQ,0,1987,0.0,0,,,,
동원개발,013120,KOSDAQ,2285,2280,0.0,88623,2026-06-09T16:09:55,,,
아진산업,013310,KOSDAQ,2990,2955,5.84,410157,2026-06-09T16:09:55,,,
THE CUBE&,013720,KOSDAQ,451,491,-6.04,367178,2026-06-09T16:09:55,,,
스페코,013810,KOSDAQ,1830,1813,3.98,39109,2026-06-09T16:09:55,,,
아가방컴퍼니,013990,KOSDAQ,4120,4440,8.28,142137,2026-06-09T16:09:55,,,
메디앙스,014100,KOSDAQ,1469,1492,8.17,26546,2026-06-09T16:09:55,,,
원익큐브,014190,KOSDAQ,1302,1287,1.01,177464,2026-06-09T16:09:55,,,
부방,014470,KOSDAQ,1169,1136,3.63,238722,2026-06-09T16:09:55,,,
고려제약,014570,KOSDAQ,3210,3250,2.88,9039,2026-06-09T16:09:55,,,
성광벤드,014620,KOSDAQ,28000,28900,0.72,149004,2026-06-09T16:09:55,,,
오리엔탈정공,014940,KOSDAQ,5140,5230,3.42,319071,2026-06-09T16:09:55,,,
삼익제약,014950,KOSDAQ,5930,5800,4.59,36856,2026-06-09T16:09:55,,,
삼륭물산,014970,KOSDAQ,5050,4970,3.38,33318,2026-06-09T16:09:55,,,
코콤,015710,KOSDAQ,2950,2900,4.06,24413,2026-06-09T16:09:55,,,
성우하이텍,015750,KOSDAQ,6660,6470,5.88,484947,2026-06-09T16:09:55,,,
리더스코스메틱,016100,KOSDAQ,1272,1303,0.24,60947,2026-06-09T16:09:55,,,
SGC E&C,016250,KOSDAQ,11350,11220,-0.7,6979,2026-06-09T16:09:55,,,
큐캐피탈,016600,KOSDAQ,3345,3430,-5.11,192339,2026-06-09T16:09:55,,,
디모아,016670,KOSDAQ,2830,2690,1.8,2588,2026-06-09T16:09:55,,,
현대사료,016790,KOSDAQ,994,994,0.0,0,2026-06-09T16:09:55,,,
카스,016920,KOSDAQ,833,821,6.52,63977,2026-06-09T16:09:55,,,
신원종합개발,017000,KOSDAQ,2315,2340,2.66,25162,2026-06-09T16:09:55,,,
인터엠,017250,KOSDAQ,1003,1011,-0.4,15433,2026-06-09T16:09:55,,,
삼현철강,017480,KOSDAQ,5030,4995,5.45,87996,2026-06-09T16:09:55,,,
세명전기,017510,KOSDAQ,8650,8300,4.98,183558,2026-06-09T16:09:55,,,
대림제지,017650,KOSDAQ,8790,8820,-0.11,15883,2026-06-09T16:09:55,,,
한국알콜,017890,KOSDAQ,11240,12400,4.07,61819,2026-06-09T16:09:55,,,
유니슨,018000,KOSDAQ,888,896,0.34,1388127,2026-06-09T16:09:55,,,
진로발효,018120,KOSDAQ,16800,16700,1.27,1477,2026-06-09T16:09:55,,,
브이티,018290,KOSDAQ,12420,12420,9.14,331534,2026-06-09T16:09:55,,,
삼목에스폼,018310,KOSDAQ,19700,15210,-1.35,16425,2026-06-09T16:09:55,,,
우진비앤지,018620,KOSDAQ,3095,3105,-0.16,22952,2026-06-09T16:09:55,,,
서울제약,018680,KOSDAQ,2200,2170,1.38,9642,2026-06-09T16:09:55,,,
졸스,018700,KOSDAQ,1405,1426,-0.14,114142,2026-06-09T16:09:55,,,
베뉴지,019010,KOSDAQ,4900,4770,10.48,90760,2026-06-09T16:09:55,,,
와이지-원,019210,KOSDAQ,13840,13820,6.22,522983,2026-06-09T16:09:55,,,
일지테크,019540,KOSDAQ,5900,6000,6.31,99317,2026-06-09T16:09:55,,,
SBI인베스트먼트,019550,KOSDAQ,864,880,0.35,855618,2026-06-09T16:09:55,,,
플루토스,019570,KOSDAQ,332,330,4.4,315958,2026-06-09T16:09:55,,,
글로본,019660,KOSDAQ,1829,1800,0.61,12957,2026-06-09T16:09:55,,,
서연탑메탈,019770,KOSDAQ,3200,3185,-2.44,31488,2026-06-09T16:09:55,,,
에너토크,019990,KOSDAQ,5990,5910,5.09,81655,2026-06-09T16:09:55,,,
대신정보통신,020180,KOSDAQ,999,966,0.6,434657,2026-06-09T16:09:55,,,
대동금속,020400,KOSDAQ,3075,2995,10.02,66583,2026-06-09T16:09:55,,,
시공테크,020710,KOSDAQ,3755,3765,3.16,103514,2026-06-09T16:09:55,,,
대호특수강,021040,KOSDAQ,965,974,-0.52,22497,2026-06-09T16:09:55,,,
대호특수강우,021045,KOSDAQ,2515,2385,-1.76,827,2026-06-09T16:09:55,,,
에이티넘인베스트,021080,KOSDAQ,2845,2820,5.76,610913,2026-06-09T16:09:55,,,
KCC건설,021320,KOSDAQ,4930,4890,4.34,43082,2026-06-09T16:09:55,,,
한국큐빅,021650,KOSDAQ,2065,2110,4.4,27791,2026-06-09T16:09:55,,,
메이슨캐피탈,021880,KOSDAQ,136,136,0.0,0,2026-06-09T16:09:55,,,
티케이지애강,022220,KOSDAQ,720,723,4.96,93440,2026-06-09T16:09:55,,,
태광,023160,KOSDAQ,27350,28200,3.6,195575,2026-06-09T16:09:55,,,
유진기업,023410,KOSDAQ,3390,3340,3.67,200012,2026-06-09T16:09:55,,,
제이스코홀딩스,023440,KOSDAQ,521,521,0.0,0,2026-06-09T16:09:55,,,
삼보판지,023600,KOSDAQ,8620,8730,4.36,8985,2026-06-09T16:09:55,,,
한국캐피탈,023760,KOSDAQ,723,719,3.43,263446,2026-06-09T16:09:55,,,
플레이위드,023770,KOSDAQ,2455,2460,0.2,23288,2026-06-09T16:09:55,,,
동일스틸럭스,023790,KOSDAQ,1072,1054,-4.8,240801,2026-06-09T16:09:55,,,
풍국주정,023900,KOSDAQ,7600,7570,2.7,39372,2026-06-09T16:09:55,,,
대한약품,023910,KOSDAQ,26300,26150,3.95,14905,2026-06-09T16:09:55,,,
흥구석유,024060,KOSDAQ,11870,11900,-2.86,915521,2026-06-09T16:09:55,,,
KB오토시스,024120,KOSDAQ,3220,3245,1.9,18132,2026-06-09T16:09:55,,,
한일단조,024740,KOSDAQ,2265,2310,-0.22,218723,2026-06-09T16:09:55,,,
유성티엔에스,024800,KOSDAQ,4330,4345,3.71,161574,2026-06-09T16:09:55,,,
세원물산,024830,KOSDAQ,10240,10160,2.5,619,2026-06-09T16:09:55,,,
KBI메탈,024840,KOSDAQ,4900,4655,20.1,3036387,2026-06-09T16:09:55,,,
HLB이노베이션,024850,KOSDAQ,13610,13860,2.87,118921,2026-06-09T16:09:55,,,
케이피에프,024880,KOSDAQ,4120,4165,2.11,124513,2026-06-09T16:09:55,,,
경창산업,024910,KOSDAQ,1699,1741,5.92,97751,2026-06-09T16:09:55,,,
PN풍년,024940,KOSDAQ,2295,2260,2.68,22482,2026-06-09T16:09:55,,,
삼천리자전거,024950,KOSDAQ,3510,3525,1.59,37873,2026-06-09T16:09:55,,,
시노펙스,025320,KOSDAQ,4365,4210,5.05,843654,2026-06-09T16:09:55,,,
DH오토웨어,025440,KOSDAQ,716,690,-0.42,83222,2026-06-09T16:09:55,,,
한국선재,025550,KOSDAQ,2670,2565,3.49,219791,2026-06-09T16:09:55,,,
한국정보통신,025770,KOSDAQ,7660,7510,2.54,169438,2026-06-09T16:09:55,,,
신라에스지,025870,KOSDAQ,2845,2835,3.27,38408,2026-06-09T16:09:55,,,
케이씨피드,025880,KOSDAQ,2455,2455,1.03,78623,2026-06-09T16:09:55,,,
동화기업,025900,KOSDAQ,7670,7530,5.36,128972,2026-06-09T16:09:55,,,
동신건설,025950,KOSDAQ,11610,11500,2.56,17092,2026-06-09T16:09:55,,,
아난티,025980,KOSDAQ,4465,4360,0.45,996089,2026-06-09T16:09:55,,,
제이에스티나,026040,KOSDAQ,1945,1890,-1.77,75728,2026-06-09T16:09:55,AI 인프라 냉각 부품 글로벌 공급 확대,IT 강세 추종,기술 대체 리스크
특수건설,026150,KOSDAQ,4110,4145,2.75,83373,2026-06-09T16:09:55,,,
광진실업,026910,KOSDAQ,3520,3400,0.86,136237,2026-06-09T16:09:55,,,
서울전자통신,027040,KOSDAQ,2140,2080,-6.96,1010635,2026-06-09T16:09:55,,,
코리아나,027050,KOSDAQ,1394,1411,7.31,227598,2026-06-09T16:09:55,,,
아주IB투자,027360,KOSDAQ,9410,8980,6.93,5594078,2026-06-09T16:09:55,,,
상보,027580,KOSDAQ,1781,1578,-0.22,83981,2026-06-09T16:09:55,,,
팜스토리,027710,KOSDAQ,1039,1035,0.39,474476,2026-06-09T16:09:55,,,
대성창투,027830,KOSDAQ,1134,1132,2.25,173105,2026-06-09T16:09:55,,,
휴맥스홀딩스,028080,KOSDAQ,6270,5820,-2.34,5372,2026-06-09T16:09:55,,,
HLB,028300,KOSDAQ,48700,48500,0.83,906209,2026-06-09T16:09:55,,,
광무,029480,KOSDAQ,1515,1516,4.63,226234,2026-06-09T16:09:55,,,
드래곤플라이,030350,KOSDAQ,973,973,0.0,0,2026-06-09T16:09:55,,,
한글과컴퓨터,030520,KOSDAQ,18910,19250,4.48,190878,2026-06-09T16:09:55,,,
원익홀딩스,030530,KOSDAQ,25100,23850,15.67,1085069,2026-06-09T16:09:55,,,
양지사,030960,KOSDAQ,5230,5350,-7.76,441684,2026-06-09T16:09:55,,,
아이즈비전,031310,KOSDAQ,1079,1071,4.55,175132,2026-06-09T16:09:55,,,
에스에이엠티,031330,KOSDAQ,15700,14980,1.49,1291785,2026-06-09T16:09:55,,,
오스템,031510,KOSDAQ,1158,1175,3.86,102619,2026-06-09T16:09:55,,,
디에이치엑스컴퍼니,031860,KOSDAQ,693,693,0.0,0,2026-06-09T16:09:55,,,
피에스케이홀딩스,031980,KOSDAQ,125000,138700,19.05,372872,2026-06-09T16:09:55,,,
아즈텍WB,032080,KOSDAQ,1145,1125,1.06,24861,2026-06-09T16:09:55,,,
다우데이타,032190,KOSDAQ,18430,18340,2.5,110074,2026-06-09T16:09:55,,,
삼일,032280,KOSDAQ,1303,1306,7.33,65227,2026-06-09T16:09:55,,,
한국파마,032300,KOSDAQ,8670,8600,4.84,25721,2026-06-09T16:09:55,,,
케이엠더블유,032500,KOSDAQ,30250,26450,1.85,442683,2026-06-09T16:09:55,,,
TJ미디어,032540,KOSDAQ,3665,3570,9.4,58577,2026-06-09T16:09:55,,,
피델릭스,032580,KOSDAQ,5380,5080,4.47,1071449,2026-06-09T16:09:55,,,
GC메디아이,032620,KOSDAQ,3090,3050,4.04,97769,2026-06-09T16:09:55,,,
소프트센,032680,KOSDAQ,812,753,1.12,110998,2026-06-09T16:09:55,,,
소프트센우,032685,KOSDAQ,21400,23350,-5.93,289,2026-06-09T16:09:55,,,
삼진,032750,KOSDAQ,2790,2800,2.2,33467,2026-06-09T16:09:55,,,
엠젠솔루션,032790,KOSDAQ,1232,1331,2.5,87400,2026-06-09T16:09:55,,,
판타지오,032800,KOSDAQ,1740,1740,-1.02,89915,2026-06-09T16:09:55,,,
우리기술,032820,KOSDAQ,13720,13200,5.54,3550758,2026-06-09T16:09:55,,,
비트컴퓨터,032850,KOSDAQ,4130,4140,3.25,78329,2026-06-09T16:09:55,,,
더라미,032860,KOSDAQ,784,765,5.38,64679,2026-06-09T16:09:55,,,
원익,032940,KOSDAQ,6970,6640,10.99,138554,2026-06-09T16:09:55,,,
동일기연,032960,KOSDAQ,11000,10770,-0.36,698,2026-06-09T16:09:55,,,
바이온,032980,KOSDAQ,604,604,0.0,0,2026-06-09T16:09:55,,,
제이엠아이,033050,KOSDAQ,808,844,1.76,27605,2026-06-09T16:09:55,,,
제룡전기,033100,KOSDAQ,50200,50100,5.24,166193,2026-06-09T16:09:55,,,
디지틀조선,033130,KOSDAQ,1938,1835,7.07,105617,2026-06-09T16:09:55,,,
엠케이전자,033160,KOSDAQ,24400,22100,11.67,1012745,2026-06-09T16:09:55,,,
시그네틱스,033170,KOSDAQ,543,525,3.63,255501,2026-06-09T16:09:55,,,
모아텍,033200,KOSDAQ,3170,3055,4.79,5142,2026-06-09T16:09:55,,,
인성정보,033230,KOSDAQ,1258,1242,2.03,197988,2026-06-09T16:09:55,,,
로젠,033290,KOSDAQ,1609,1597,10.51,2300746,2026-06-09T16:09:55,,,
엠투엔,033310,KOSDAQ,1411,1404,0.21,70352,2026-06-09T16:09:55,,,
제이씨현시스템,033320,KOSDAQ,3300,3180,7.49,118728,2026-06-09T16:09:55,,,
좋은사람들,033340,KOSDAQ,839,818,-1.41,1073162,2026-06-09T16:09:55,,,
동성화인텍,033500,KOSDAQ,17890,18190,2.0,292996,2026-06-09T16:09:55,,,
파라텍,033540,KOSDAQ,727,718,-2.15,351004,2026-06-09T16:09:55,,,
블루콤,033560,KOSDAQ,3545,3525,4.11,58370,2026-06-09T16:09:55,,,
네패스,033640,KOSDAQ,33250,30900,7.61,545320,2026-06-09T16:09:55,,,
피노,033790,KOSDAQ,9290,9160,3.45,1104511,2026-06-09T16:09:55,,,
티비씨,033830,KOSDAQ,400,400,-1.48,137761,2026-06-09T16:09:55,,,
해성산업,034810,KOSDAQ,6200,6100,4.2,20221,2026-06-09T16:09:55,,,
해성산업1우,003481,KOSDAQ,0,5980,0.0,0,,,,
조아제약,034940,KOSDAQ,647,639,3.35,86425,2026-06-09T16:09:55,,,
한국기업평가,034950,KOSDAQ,100100,100700,1.11,1661,2026-06-09T16:09:55,,,
그래디언트,035080,KOSDAQ,8910,8810,11.38,67201,2026-06-09T16:09:55,,,
프럼파스트,035200,KOSDAQ,2965,3000,1.54,56042,2026-06-09T16:09:55,,,
골드앤에스,035290,KOSDAQ,2430,2375,12.24,42236,2026-06-09T16:09:55,,,
기산텔레콤,035460,KOSDAQ,2730,2640,-0.36,241140,2026-06-09T16:09:55,,,
KG이니시스,035600,KOSDAQ,9640,9850,5.7,80006,2026-06-09T16:09:55,,,
솔본,035610,KOSDAQ,3285,3255,0.46,13748,2026-06-09T16:09:55,,,
바른손이앤에이,035620,KOSDAQ,1042,1051,5.04,99165,2026-06-09T16:09:55,,,
CJ ENM,035760,KOSDAQ,36100,36350,-2.04,124981,2026-06-09T16:09:55,AI 추천 알고리즘 수익성 급상승,미디어주 강세 시 매수,콘텐츠 경합 심화
이지홀딩스,035810,KOSDAQ,4360,4300,3.56,271212,2026-06-09T16:09:55,,,
서희건설,035890,KOSDAQ,2230,2220,4.94,673452,2026-06-09T16:09:55,,,
JYP Ent.,035900,KOSDAQ,53500,51800,6.79,221728,2026-06-09T16:09:55,,,
예림당,036000,KOSDAQ,3045,3005,6.47,20559,2026-06-09T16:09:55,,,
아비코전자,036010,KOSDAQ,10420,9800,11.92,204795,2026-06-09T16:09:55,,,
케이티알파,036030,KOSDAQ,4500,4510,4.05,29230,2026-06-09T16:09:55,,,
위지트,036090,KOSDAQ,1333,1345,-1.26,342562,2026-06-09T16:09:55,,,
서울평가정보,036120,KOSDAQ,1570,1684,2.95,241806,2026-06-09T16:09:55,,,
에이치엠넥스,036170,KOSDAQ,5430,4600,1.12,3241334,2026-06-09T16:09:55,,,
금화피에스시,036190,KOSDAQ,33400,32700,4.38,19732,2026-06-09T16:09:55,,,
유니셈,036200,KOSDAQ,10260,9900,14.25,359647,2026-06-09T16:09:55,데이터센터 냉각 솔루션 글로벌 공급 확대,IT 인프라 강세 시 매수,기술 트렌드 변화
오상헬스케어,036220,KOSDAQ,6330,6490,2.93,35134,2026-06-09T16:09:55,,,
대성미생물,036480,KOSDAQ,6500,6560,-2.69,4986,2026-06-09T16:09:55,,,
SFA반도체,036540,KOSDAQ,7080,6780,10.62,3052589,2026-06-09T16:09:55,,,
KZ정밀,036560,KOSDAQ,12050,11620,5.15,9080,2026-06-09T16:09:55,,,
감성코퍼레이션,036620,KOSDAQ,5080,5050,7.29,716074,2026-06-09T16:09:55,,,
세종텔레콤,036630,KOSDAQ,12150,12080,-3.26,35015,2026-06-09T16:09:55,,,
HRS,036640,KOSDAQ,4580,4580,2.69,25593,2026-06-09T16:09:55,,,
삼양케이씨아이,036670,KOSDAQ,5140,5080,3.63,23165,2026-06-09T16:09:55,,,
코맥스,036690,KOSDAQ,2885,2885,0.0,0,2026-06-09T16:09:55,,,
심텍홀딩스,036710,KOSDAQ,4750,4485,11.11,398298,2026-06-09T16:09:55,,,
나이스정보통신,036800,KOSDAQ,28700,28200,7.09,27705,2026-06-09T16:09:55,,,
에프에스티,036810,KOSDAQ,29650,29050,11.05,168343,2026-06-09T16:09:55,,,
솔브레인홀딩스,036830,KOSDAQ,43050,42900,5.51,66900,2026-06-09T16:09:55,,,
진성티이씨,036890,KOSDAQ,14200,14420,12.43,383265,2026-06-09T16:09:55,,,
주성엔지니어링,036930,KOSDAQ,191700,199000,4.87,2124264,2026-06-09T16:09:55,,,
파워넷,037030,KOSDAQ,5320,5130,0.0,847479,2026-06-09T16:09:55,,,
파세코,037070,KOSDAQ,6360,6460,5.82,127102,2026-06-09T16:09:55,,,
한국팩키지,037230,KOSDAQ,1515,1498,-1.69,136276,2026-06-09T16:09:55,,,
인지디스플레,037330,KOSDAQ,1085,1057,2.36,104212,2026-06-09T16:09:55,,,
성도이엔지,037350,KOSDAQ,8630,8600,12.22,154602,2026-06-09T16:09:55,,,
EG,037370,KOSDAQ,3350,3410,4.04,50539,2026-06-09T16:09:55,,,
우리엔터프라이즈,037400,KOSDAQ,870,789,-0.57,87644,2026-06-09T16:09:55,,,
희림,037440,KOSDAQ,4880,4800,6.9,251978,2026-06-09T16:09:55,,,
삼지전자,037460,KOSDAQ,42300,41200,3.17,136450,2026-06-09T16:09:55,,,
쎄니트,037760,KOSDAQ,2390,2375,0.0,12021,2026-06-09T16:09:55,,,
엘컴텍,037950,KOSDAQ,2515,2545,-0.4,28658,2026-06-09T16:09:55,,,
제일테크노스,038010,KOSDAQ,5770,5800,1.58,43626,2026-06-09T16:09:55,,,
루멘스,038060,KOSDAQ,969,940,4.87,364725,2026-06-09T16:09:55,,,
서린바이오,038070,KOSDAQ,4990,4875,3.53,42645,2026-06-09T16:09:55,,,
에코플라스틱,038110,KOSDAQ,2270,2210,2.25,446058,2026-06-09T16:09:55,,,
마크로젠,038290,KOSDAQ,12090,12850,5.22,25363,2026-06-09T16:09:55,,,
레드캡투어,038390,KOSDAQ,9660,9700,3.54,11562,2026-06-09T16:09:55,,,
바이오스마트,038460,KOSDAQ,2725,2660,1.11,384078,2026-06-09T16:09:55,,,
삼표시멘트,038500,KOSDAQ,10560,10670,7.21,1753133,2026-06-09T16:09:55,,,
케이바이오랩스,038530,KOSDAQ,960,906,3.78,140191,2026-06-09T16:09:55,,,
상상인,038540,KOSDAQ,1900,1877,1.44,66703,2026-06-09T16:09:55,,,
위즈코프,038620,KOSDAQ,1925,1880,-2.28,34576,2026-06-09T16:09:55,,,
에스넷,038680,KOSDAQ,3400,3380,2.41,172112,2026-06-09T16:09:55,,,
에코심플렉스,038870,KOSDAQ,1980,1925,-2.46,45288,2026-06-09T16:09:55,,,
아이에이,038880,KOSDAQ,670,670,3.08,154079,2026-06-09T16:09:55,,,
파인디지털,038950,KOSDAQ,3000,3020,3.81,68222,2026-06-09T16:09:55,,,
현대에이치티,039010,KOSDAQ,10870,11200,10.81,189865,2026-06-09T16:09:55,,,
이건홀딩스,039020,KOSDAQ,2850,2860,5.56,108967,2026-06-09T16:09:55,,,
이오테크닉스,039030,KOSDAQ,432500,438000,9.08,163059,2026-06-09T16:09:55,,,
오스코텍,039200,KOSDAQ,39400,38950,-2.96,270487,2026-06-09T16:09:55,,,
경남스틸,039240,KOSDAQ,2150,2120,1.9,169691,2026-06-09T16:09:55,,,
인포뱅크,039290,KOSDAQ,2950,2715,-3.75,58526,2026-06-09T16:09:55,,,
세중,039310,KOSDAQ,1060,1009,-0.09,81344,2026-06-09T16:09:55,,,
한국경제TV,039340,KOSDAQ,4690,4655,2.18,14586,2026-06-09T16:09:55,,,
케이엘넷,039420,KOSDAQ,2685,2600,6.55,119297,2026-06-09T16:09:55,,,
에스티아이,039440,KOSDAQ,28200,27050,13.48,128701,2026-06-09T16:09:55,,,
다산네트웍스,039560,KOSDAQ,3280,3185,3.31,216389,2026-06-09T16:09:55,,,
화성밸브,039610,KOSDAQ,6450,6370,3.7,125707,2026-06-09T16:09:55,,,
한국정보공학,039740,KOSDAQ,3495,3400,2.49,47411,2026-06-09T16:09:55,,,
오로라,039830,KOSDAQ,17000,16760,3.16,64845,2026-06-09T16:09:55,,,
디오,039840,KOSDAQ,13220,13280,1.23,42671,2026-06-09T16:09:55,,,
나노엔텍,039860,KOSDAQ,4380,4210,7.09,553721,2026-06-09T16:09:55,,,
폴라리스AI,039980,KOSDAQ,6620,6330,6.77,383392,2026-06-09T16:09:55,,,
누리플렉스,040160,KOSDAQ,9850,8510,4.34,57286,2026-06-09T16:09:55,,,
YTN,040300,KOSDAQ,2320,2310,3.34,78498,2026-06-09T16:09:55,,,
크레오에스지,040350,KOSDAQ,9500,9900,-3.94,518894,2026-06-09T16:09:55,,,
정상제이엘에스,040420,KOSDAQ,5670,5650,1.61,30782,2026-06-09T16:09:55,,,
SG&G,040610,KOSDAQ,3120,3130,3.14,62526,2026-06-09T16:09:55,,,
아이씨디,040910,KOSDAQ,4480,4310,7.82,34045,2026-06-09T16:09:55,,,
폴라리스오피스,041020,KOSDAQ,3405,3330,3.65,558613,2026-06-09T16:09:55,,,
우리기술투자,041190,KOSDAQ,5470,5200,6.01,944470,2026-06-09T16:09:55,,,
현대에버다임,041440,KOSDAQ,7670,7610,4.92,191003,2026-06-09T16:09:55,,,
한국전자인증,041460,KOSDAQ,3160,3085,5.33,57979,2026-06-09T16:09:55,,,
에스엠,041510,KOSDAQ,73300,73300,3.09,137914,2026-06-09T16:09:55,,,
이엘씨,041520,KOSDAQ,8890,8930,7.11,50762,2026-06-09T16:09:55,,,
플래스크,041590,KOSDAQ,2370,2370,0.0,0,2026-06-09T16:09:55,,,
인바디,041830,KOSDAQ,41350,45650,9.83,88538,2026-06-09T16:09:55,,,
폴라리스AI파마,041910,KOSDAQ,5520,5360,7.81,82135,2026-06-09T16:09:55,,,
메디아나,041920,KOSDAQ,13360,12920,6.71,153490,2026-06-09T16:09:55,,,
SY동아,041930,KOSDAQ,5350,5200,4.9,40113,2026-06-09T16:09:55,,,
코미팜,041960,KOSDAQ,8330,8000,16.99,1113506,2026-06-09T16:09:55,,,
카페24,042000,KOSDAQ,19430,18880,5.25,220813,2026-06-09T16:09:55,,,
케이피엠테크,042040,KOSDAQ,749,749,0.0,0,2026-06-09T16:09:55,,,
에스씨디,042110,KOSDAQ,1229,1196,0.16,161811,2026-06-09T16:09:55,,,
비츠로테크,042370,KOSDAQ,11220,10750,7.57,356946,2026-06-09T16:09:55,,,
네오위즈홀딩스,042420,KOSDAQ,21050,19910,5.41,12128,2026-06-09T16:09:55,,,
링네트,042500,KOSDAQ,4110,4070,2.75,176163,2026-06-09T16:09:55,,,
라온시큐어,042510,KOSDAQ,8910,8530,4.33,146192,2026-06-09T16:09:55,반도체 식각 장비 수주 신기록,반도체 설비투자 뉴스 시 매수,반도체 경기 변수
한스바이오메드,042520,KOSDAQ,24100,23600,-0.41,143695,2026-06-09T16:09:55,,,
새로닉스,042600,KOSDAQ,13320,12890,4.47,32640,2026-06-09T16:09:55,,,
상지건설,042940,KOSDAQ,6380,6360,3.07,83935,2026-06-09T16:09:55,,,
더테크놀로지,043090,KOSDAQ,1140,1140,0.0,0,2026-06-09T16:09:55,,,
알파AI,043100,KOSDAQ,520,520,0.0,0,2026-06-09T16:09:55,,,
바텍,043150,KOSDAQ,18550,18620,3.46,17118,2026-06-09T16:09:55,,,
파루,043200,KOSDAQ,740,751,5.26,157189,2026-06-09T16:09:55,,,
티에스넥스젠,043220,KOSDAQ,1710,1710,0.0,0,2026-06-09T16:09:55,,,
성호전자,043260,KOSDAQ,47300,40600,13.43,7077634,2026-06-09T16:09:55,,,
에쎈테크,043340,KOSDAQ,806,791,4.0,55813,2026-06-09T16:09:55,,,
디지아이,043360,KOSDAQ,2380,2300,-2.66,45099,2026-06-09T16:09:55,,,
피에이치에이,043370,KOSDAQ,12120,12020,3.41,6978,2026-06-09T16:09:55,,,
웰킵스하이텍,043590,KOSDAQ,1000,1020,2.04,90403,2026-06-09T16:09:55,,,
KT지니뮤직,043610,KOSDAQ,1436,1452,2.35,98417,2026-06-09T16:09:55,,,
국순당,043650,KOSDAQ,3425,3395,0.59,18896,2026-06-09T16:09:55,,,
코스리거글로벌,043710,KOSDAQ,4000,3970,8.4,2760,2026-06-09T16:09:55,,,
자연과환경,043910,KOSDAQ,2980,2980,1.71,25653,2026-06-09T16:09:55,,,
KD,044180,KOSDAQ,205,205,0.0,0,2026-06-09T16:09:55,,,
위닉스,044340,KOSDAQ,3590,3560,2.57,23248,2026-06-09T16:09:55,,,
빌리언스,044480,KOSDAQ,1001,957,1.21,136445,2026-06-09T16:09:55,,,
태웅,044490,KOSDAQ,30900,31500,5.82,121985,2026-06-09T16:09:55,,,
에이치케이,044780,KOSDAQ,1214,1193,5.02,48149,2026-06-09T16:09:55,,,
이글벳,044960,KOSDAQ,3030,3030,3.41,31916,2026-06-09T16:09:55,,,
에이치엔에스하이텍,044990,KOSDAQ,13080,12980,10.19,70340,2026-06-09T16:09:55,,,
오공,045060,KOSDAQ,2020,1979,0.0,45281,2026-06-09T16:09:55,,,
한양이엔지,045100,KOSDAQ,30200,29550,8.63,96196,2026-06-09T16:09:55,,,
성우테크론,045300,KOSDAQ,2900,2765,6.23,52372,2026-06-09T16:09:55,,,
토탈소프트,045340,KOSDAQ,7070,6890,6.16,54003,2026-06-09T16:09:55,,,
대아티아이,045390,KOSDAQ,2940,2850,0.0,653320,2026-06-09T16:09:55,,,
정원엔시스,045510,KOSDAQ,805,798,4.14,100014,2026-06-09T16:09:55,,,
크린앤사이언스,045520,KOSDAQ,2170,2350,-6.26,28879,2026-06-09T16:09:55,,,
에이텍,045660,KOSDAQ,8320,8260,1.96,30757,2026-06-09T16:09:55,,,
코아시아,045970,KOSDAQ,3635,3490,10.32,100763,2026-06-09T16:09:55,,,
코다코,046070,KOSDAQ,10280,10280,0.0,0,2026-06-09T16:09:55,,,
오르비텍,046120,KOSDAQ,6990,6830,2.04,382047,2026-06-09T16:09:55,,,
HLB파나진,046210,KOSDAQ,1381,1415,0.58,69143,2026-06-09T16:09:55,,,
백금T&A,046310,KOSDAQ,2185,2155,6.85,81151,2026-06-09T16:09:55,,,
삼화네트웍스,046390,KOSDAQ,1469,1460,-0.54,64113,2026-06-09T16:09:55,,,
KG파이낸셜,046440,KOSDAQ,4050,4180,4.52,95552,2026-06-09T16:09:55,,,
서울반도체,046890,KOSDAQ,13470,13150,16.32,1926692,2026-06-09T16:09:55,,,
우원개발,046940,KOSDAQ,3260,3360,6.19,176798,2026-06-09T16:09:55,,,
우리로,046970,KOSDAQ,6660,6100,8.47,1927372,2026-06-09T16:09:55,,,
한빛소프트,047080,KOSDAQ,1691,1576,7.03,1326832,2026-06-09T16:09:55,,,
파워로직스,047310,KOSDAQ,3870,3820,6.03,246278,2026-06-09T16:09:55,,,
이스트소프트,047560,KOSDAQ,10110,9870,1.4,52488,2026-06-09T16:09:55,,,
코데즈컴바인,047770,KOSDAQ,2630,2580,-2.95,729944,2026-06-09T16:09:55,,,
초록뱀미디어,047820,KOSDAQ,3840,3800,0.39,35510,2026-06-09T16:09:55,,,
HLB제약,047920,KOSDAQ,10980,11080,1.67,45483,2026-06-09T16:09:55,,,
현대바이오,048410,KOSDAQ,8790,8360,-0.79,1491940,2026-06-09T16:09:55,,,
유라테크,048430,KOSDAQ,6100,6060,3.92,23415,2026-06-09T16:09:55,,,
대동스틸,048470,KOSDAQ,2895,2895,4.51,31441,2026-06-09T16:09:55,,,
인트론바이오,048530,KOSDAQ,2995,2565,14.53,197218,2026-06-09T16:09:55,,,
SM C&C,048550,KOSDAQ,860,880,3.37,251569,2026-06-09T16:09:55,,,
TPC로보틱스,048770,KOSDAQ,4595,4295,0.33,386293,2026-06-09T16:09:55,,,
엔피케이,048830,KOSDAQ,797,765,-0.13,53911,2026-06-09T16:09:55,,,
시너지이노베이션,048870,KOSDAQ,1750,1765,4.04,231149,2026-06-09T16:09:55,,,
대원미디어,048910,KOSDAQ,5030,5000,5.89,65086,2026-06-09T16:09:55,,,
인탑스,049070,KOSDAQ,19820,18760,10.42,266802,2026-06-09T16:09:55,,,
기가레인,049080,KOSDAQ,993,993,-2.84,7149682,2026-06-09T16:09:55,,,
파인디앤씨,049120,KOSDAQ,2000,2300,-5.21,162672,2026-06-09T16:09:55,,,
셀루메드,049180,KOSDAQ,1009,1009,0.0,0,2026-06-09T16:09:55,,,
코메론,049430,KOSDAQ,18230,18000,2.65,5673,2026-06-09T16:09:55,,,
비트플래닛,049470,KOSDAQ,1599,1598,1.14,26321,2026-06-09T16:09:55,,,
오픈베이스,049480,KOSDAQ,2120,2055,2.91,291085,2026-06-09T16:09:55,,,
유아이엘,049520,KOSDAQ,3625,3600,4.77,71650,2026-06-09T16:09:55,,,
잉크테크,049550,KOSDAQ,3140,3070,5.02,5876,2026-06-09T16:09:55,,,
재영솔루텍,049630,KOSDAQ,8660,8680,-0.69,421372,2026-06-09T16:09:55,,,
고려신용정보,049720,KOSDAQ,9630,9610,0.94,22356,2026-06-09T16:09:55,,,
승일,049830,KOSDAQ,6590,6580,0.15,2651,2026-06-09T16:09:55,,,
미래컴퍼니,049950,KOSDAQ,11200,11200,5.66,41911,2026-06-09T16:09:55,,,
쎌바이오텍,049960,KOSDAQ,16460,16140,7.51,15303,2026-06-09T16:09:55,,,
비케이홀딩스,050090,KOSDAQ,547,519,-2.15,88147,2026-06-09T16:09:55,,,
캠시스,050110,KOSDAQ,1190,1180,1.02,128621,2026-06-09T16:09:55,,,
ES큐브,050120,KOSDAQ,2600,2600,-6.64,131400,2026-06-09T16:09:55,,,
에스폴리텍,050760,KOSDAQ,1087,1065,1.49,28132,2026-06-09T16:09:55,,,
아세아텍,050860,KOSDAQ,1772,1746,2.19,16495,2026-06-09T16:09:55,,,
쏠리드,050890,KOSDAQ,13290,12150,5.9,2241117,2026-06-09T16:09:55,,,
수산아이앤티,050960,KOSDAQ,7560,7620,0.8,14164,2026-06-09T16:09:55,,,
지어소프트,051160,KOSDAQ,7400,7330,0.95,82206,2026-06-09T16:09:55,,,
토비스,051360,KOSDAQ,17140,16990,6.79,48714,2026-06-09T16:09:55,,,
인터플렉스,051370,KOSDAQ,9200,8920,6.6,150394,2026-06-09T16:09:55,,,
피씨디렉트,051380,KOSDAQ,1540,1465,1.78,68756,2026-06-09T16:09:55,,,
YW,051390,KOSDAQ,4285,4420,2.02,14822,2026-06-09T16:09:55,,,
나라엠앤디,051490,KOSDAQ,2860,2770,2.88,15767,2026-06-09T16:09:55,,,
CJ프레시웨이,051500,KOSDAQ,23350,23450,1.3,39339,2026-06-09T16:09:55,,,
큐로홀딩스,051780,KOSDAQ,3600,3705,0.28,370829,2026-06-09T16:09:55,,,
중앙첨단소재,051980,KOSDAQ,1312,1300,3.31,624013,2026-06-09T16:09:55,,,
에스티큐브,052020,KOSDAQ,10500,10660,7.47,433537,2026-06-09T16:09:55,,,
iMBC,052220,KOSDAQ,2190,2125,4.04,196794,2026-06-09T16:09:55,,,
현대바이오랜드,052260,KOSDAQ,3680,3625,3.95,46263,2026-06-09T16:09:55,,,
오션인더블유,052300,KOSDAQ,1542,1505,6.34,57170,2026-06-09T16:09:55,,,
코텍,052330,KOSDAQ,11000,11250,3.0,14954,2026-06-09T16:09:55,,,
코나아이,052400,KOSDAQ,50800,49900,9.01,156100,2026-06-09T16:09:55,,,
오성첨단소재,052420,KOSDAQ,8280,8210,1.72,40851,2026-06-09T16:09:55,,,
아이크래프트,052460,KOSDAQ,2815,2810,8.06,93630,2026-06-09T16:09:55,,,
한네트,052600,KOSDAQ,3020,3045,3.42,36858,2026-06-09T16:09:55,,,
아모텍,052710,KOSDAQ,26550,24300,8.81,528846,2026-06-09T16:09:55,,,
아이톡시,052770,KOSDAQ,312,312,0.0,0,2026-06-09T16:09:55,,,
액토즈소프트,052790,KOSDAQ,4280,4240,4.39,22213,2026-06-09T16:09:55,,,
아이앤씨,052860,KOSDAQ,5160,5000,0.0,71436,2026-06-09T16:09:55,,,
KX하이텍,052900,KOSDAQ,1592,1475,7.64,2632275,2026-06-09T16:09:55,,,
바이넥스,053030,KOSDAQ,8100,7850,8.0,340592,2026-06-09T16:09:55,,,
지에스이,053050,KOSDAQ,1945,1975,0.0,179536,2026-06-09T16:09:55,,,
세동,053060,KOSDAQ,1283,1296,1.66,97082,2026-06-09T16:09:55,,,
케이엔솔,053080,KOSDAQ,11490,10850,8.5,108676,2026-06-09T16:09:55,,,
프리엠스,053160,KOSDAQ,7660,7500,-1.67,23003,2026-06-09T16:09:55,,,
금강철강,053260,KOSDAQ,4475,4745,-1.21,47292,2026-06-09T16:09:55,,,
구영테크,053270,KOSDAQ,1874,1890,2.63,201228,2026-06-09T16:09:55,,,
예스24,053280,KOSDAQ,2825,2820,1.44,32921,2026-06-09T16:09:55,,,
NE능률,053290,KOSDAQ,1442,1438,-0.96,39541,2026-06-09T16:09:55,,,
한국정보인증,053300,KOSDAQ,5270,5260,7.55,263391,2026-06-09T16:09:55,,,
이니텍,053350,KOSDAQ,2350,2370,-0.84,25037,2026-06-09T16:09:55,,,
세코닉스,053450,KOSDAQ,4235,4155,4.18,35069,2026-06-09T16:09:55,,,
웹케시,053580,KOSDAQ,6650,6550,5.39,29339,2026-06-09T16:09:55,,,
프로텍,053610,KOSDAQ,75600,77000,14.2,42442,2026-06-09T16:09:55,,,
태양,053620,KOSDAQ,6500,6520,-0.76,9482,2026-06-09T16:09:55,,,
삼보모터스,053700,KOSDAQ,4715,4490,3.4,240865,2026-06-09T16:09:55,,,
안랩,053800,KOSDAQ,57300,57400,1.6,42539,2026-06-09T16:09:55,,,
경남제약,053950,KOSDAQ,1965,1960,-1.45,62181,2026-06-09T16:09:55,,,
오상자이엘,053980,KOSDAQ,2610,2625,0.97,32570,2026-06-09T16:09:55,,,
한국컴퓨터,054040,KOSDAQ,4785,4810,3.24,61642,2026-06-09T16:09:55,,,
NH농우바이오,054050,KOSDAQ,7020,6960,3.39,44852,2026-06-09T16:09:55,,,
삼진엘앤디,054090,KOSDAQ,884,928,4.49,106361,2026-06-09T16:09:55,,,
메디콕스,054180,KOSDAQ,2295,2295,0.0,0,2026-06-09T16:09:55,,,
이랜텍,054210,KOSDAQ,8760,8700,5.29,367227,2026-06-09T16:09:55,,,
비츠로시스,054220,KOSDAQ,1541,1567,2.19,39159,2026-06-09T16:09:55,,,
팬스타엔터프라이즈,054300,KOSDAQ,833,831,-2.69,154775,2026-06-09T16:09:55,,,
케이피티유,054410,KOSDAQ,2870,2790,-1.03,14189,2026-06-09T16:09:55,,,
텔레칩스,054450,KOSDAQ,12310,11990,9.71,222943,2026-06-09T16:09:55,,,
삼영엠텍,054540,KOSDAQ,8430,8550,6.04,119096,2026-06-09T16:09:55,,,
APS,054620,KOSDAQ,4130,4140,0.12,59215,2026-06-09T16:09:55,,,
대한뉴팜,054670,KOSDAQ,5680,5600,1.43,24689,2026-06-09T16:09:55,,,
키이스트,054780,KOSDAQ,1594,1536,6.27,70976,2026-06-09T16:09:55,,,
아이디스홀딩스,054800,KOSDAQ,14400,14150,3.23,4566,2026-06-09T16:09:55,,,
한컴위드,054920,KOSDAQ,4350,4125,3.94,656448,2026-06-09T16:09:55,,,
유신,054930,KOSDAQ,18730,18910,0.97,18843,2026-06-09T16:09:55,,,
엑사이엔씨,054940,KOSDAQ,603,600,1.01,258933,2026-06-09T16:09:55,,,
제이브이엠,054950,KOSDAQ,21400,21800,0.0,52634,2026-06-09T16:09:55,,,
유진로봇,056080,KOSDAQ,19150,18030,5.39,299242,2026-06-09T16:09:55,,,
시지메드텍,056090,KOSDAQ,1274,1244,4.34,849416,2026-06-09T16:09:55,,,
에스에프에이,056190,KOSDAQ,24300,24200,4.74,142067,2026-06-09T16:09:55,,,
코위버,056360,KOSDAQ,7070,6680,10.99,143723,2026-06-09T16:09:55,,,
신화인터텍,056700,KOSDAQ,1544,1557,0.72,79370,2026-06-09T16:09:55,,,
CNT85,056730,KOSDAQ,1825,1772,-1.56,5451,2026-06-09T16:09:55,,,
YBM넷,057030,KOSDAQ,2105,2115,1.2,40758,2026-06-09T16:09:55,,,
옴니시스템,057540,KOSDAQ,615,620,5.31,291119,2026-06-09T16:09:55,,,
티사이언티픽,057680,KOSDAQ,2250,2320,4.17,46433,2026-06-09T16:09:55,,,
멕아이씨에스,058110,KOSDAQ,1879,1904,4.1,58416,2026-06-09T16:09:55,,,
KNN,058400,KOSDAQ,551,541,1.85,267920,2026-06-09T16:09:55,,,
한주에이알티,058450,KOSDAQ,4315,4150,-6.2,20600,2026-06-09T16:09:55,,,
리노공업,058470,KOSDAQ,99000,93000,16.33,1591656,2026-06-09T16:09:55,,,
에스피지,058610,KOSDAQ,95700,88500,-0.1,263875,2026-06-09T16:09:55,,,
엠게임,058630,KOSDAQ,4445,4365,2.42,85147,2026-06-09T16:09:55,,,
CMG제약,058820,KOSDAQ,1087,1070,4.02,794922,2026-06-09T16:09:55,,,
엠로,058970,KOSDAQ,22500,21300,6.13,154995,2026-06-09T16:09:55,,,
미코,059090,KOSDAQ,19220,20100,8.16,380388,2026-06-09T16:09:55,,,
아이컴포넌트,059100,KOSDAQ,4850,4800,1.04,97820,2026-06-09T16:09:55,,,
아진엑스텍,059120,KOSDAQ,7100,6750,5.97,249464,2026-06-09T16:09:55,,,
메타바이오메드,059210,KOSDAQ,3540,3530,4.58,178428,2026-06-09T16:09:55,,,
해성에어로보틱스,059270,KOSDAQ,7980,7450,3.23,181606,2026-06-09T16:09:55,,,
인선이엔티,060150,KOSDAQ,3355,3310,2.44,88029,2026-06-09T16:09:55,,,
제이케이시냅스,060230,KOSDAQ,254,263,4.53,797937,2026-06-09T16:09:55,,,
스타코링크,060240,KOSDAQ,1976,1976,0.0,0,2026-06-09T16:09:55,,,
NHN KCP,060250,KOSDAQ,15400,14700,4.48,550036,2026-06-09T16:09:55,,,
뉴보텍,060260,KOSDAQ,1160,1144,9.54,268939,2026-06-09T16:09:55,,,
큐렉소,060280,KOSDAQ,10440,10090,4.09,450384,2026-06-09T16:09:55,,,
3S,060310,KOSDAQ,1215,1173,2.02,490767,2026-06-09T16:09:55,,,
LS마린솔루션,060370,KOSDAQ,29000,29250,4.13,153747,2026-06-09T16:09:55,,,
동양에스텍,060380,KOSDAQ,1114,1171,4.11,16361,2026-06-09T16:09:55,,,
국일신동,060480,KOSDAQ,1428,1407,-1.45,28321,2026-06-09T16:09:55,,,
에스에이티,060540,KOSDAQ,1244,1258,-0.24,43206,2026-06-09T16:09:55,,,
HC홈센타,060560,KOSDAQ,1915,1948,0.79,42406,2026-06-09T16:09:55,,,
드림어스컴퍼니,060570,KOSDAQ,778,777,0.0,153372,2026-06-09T16:09:55,,,
씨티씨바이오,060590,KOSDAQ,3205,3130,5.25,80228,2026-06-09T16:09:55,,,
KH바텍,060720,KOSDAQ,10750,10460,6.44,142178,2026-06-09T16:09:55,,,
영림원소프트랩,060850,KOSDAQ,5370,5370,3.27,9971,2026-06-09T16:09:55,,,
에이전트AI,060900,KOSDAQ,4785,4840,-5.99,18013,2026-06-09T16:09:55,,,
알에프텍,061040,KOSDAQ,6540,6500,0.15,27638,2026-06-09T16:09:55,,,
세나테크놀로지,061090,KOSDAQ,44400,40750,2.54,50660,2026-06-09T16:09:55,,,
화일약품,061250,KOSDAQ,7510,7750,1.21,19152,2026-06-09T16:09:55,,,
LB세미콘,061970,KOSDAQ,4405,4290,8.1,354524,2026-06-09T16:09:55,,,
한국첨단소재,062970,KOSDAQ,2355,2100,3.97,1902545,2026-06-09T16:09:55,,,
컴투스홀딩스,063080,KOSDAQ,13850,13740,1.32,24291,2026-06-09T16:09:55,,,
서울옥션,063170,KOSDAQ,4935,4725,5.11,64155,2026-06-09T16:09:55,,,
SM Life Design,063440,KOSDAQ,1045,1052,4.5,268276,2026-06-09T16:09:55,,,
NICE인프라,063570,KOSDAQ,3285,3280,2.82,71312,2026-06-09T16:09:55,,,
이엘피,063760,KOSDAQ,2835,2710,3.09,35423,2026-06-09T16:09:55,,,
인크레더블버즈,064090,KOSDAQ,798,798,0.0,0,2026-06-09T16:09:55,,,
홈캐스트,064240,KOSDAQ,1625,1619,-3.1,157479,2026-06-09T16:09:55,,,
다날,064260,KOSDAQ,5230,5080,5.02,980539,2026-06-09T16:09:55,,,
인텍플러스,064290,KOSDAQ,38050,38750,12.08,445616,2026-06-09T16:09:55,,,
브리지텍,064480,KOSDAQ,3140,3030,-1.1,82134,2026-06-09T16:09:55,,,
테크엘,064520,KOSDAQ,1520,1515,1.47,29489,2026-06-09T16:09:55,,,
바이오니아,064550,KOSDAQ,7620,7430,4.38,182086,2026-06-09T16:09:55,,,
티씨케이,064760,KOSDAQ,253500,253500,9.74,68144,2026-06-09T16:09:55,,,
포니링크,064800,KOSDAQ,2735,2665,5.19,51038,2026-06-09T16:09:55,,,
케이프,064820,KOSDAQ,9950,10050,3.65,69672,2026-06-09T16:09:55,,,
에프앤가이드,064850,KOSDAQ,24050,24900,7.85,66650,2026-06-09T16:09:55,,,
지엔코,065060,KOSDAQ,3805,3950,-1.55,78165,2026-06-09T16:09:55,,,
탑엔지니어링,065130,KOSDAQ,3400,3315,1.49,89489,2026-06-09T16:09:55,,,
대산F&B,065150,KOSDAQ,1450,1450,0.0,0,2026-06-09T16:09:55,,,
비엘팜텍,065170,KOSDAQ,1663,1630,2.84,281645,2026-06-09T16:09:55,,,
신성델타테크,065350,KOSDAQ,39100,38700,1.3,199033,2026-06-09T16:09:55,,,
위세아이텍,065370,KOSDAQ,3630,3555,1.11,23855,2026-06-09T16:09:55,,,
에스아이리소스,065420,KOSDAQ,184,199,0.55,897279,2026-06-09T16:09:55,,,
이루온,065440,KOSDAQ,2220,2105,3.74,346955,2026-06-09T16:09:55,,,
빅텍,065450,KOSDAQ,3400,3450,0.89,440661,2026-06-09T16:09:55,,,
오리엔트정공,065500,KOSDAQ,1416,1411,3.43,291224,2026-06-09T16:09:55,,,
휴비츠,065510,KOSDAQ,7120,7040,7.07,178913,2026-06-09T16:09:55,,,
와이어블,065530,KOSDAQ,1379,1336,4.63,137753,2026-06-09T16:09:55,,,
삼영이엔씨,065570,KOSDAQ,764,764,0.0,0,2026-06-09T16:09:55,,,
하이퍼코퍼레이션,065650,KOSDAQ,2955,2265,-29.98,487434,2026-06-09T16:09:55,,,
안트로젠,065660,KOSDAQ,25250,24450,-0.59,15608,2026-06-09T16:09:55,,,
우주일렉트로,065680,KOSDAQ,38750,38150,9.0,52883,2026-06-09T16:09:55,,,
파커스,065690,KOSDAQ,1120,1080,1.54,9076,2026-06-09T16:09:55,,,
서호전기,065710,KOSDAQ,45000,45000,12.64,39519,2026-06-09T16:09:55,,,
CS,065770,KOSDAQ,1753,1641,2.34,158545,2026-06-09T16:09:55,,,
웰크론,065950,KOSDAQ,987,1025,1.86,75349,2026-06-09T16:09:55,,,
하츠,066130,KOSDAQ,3385,3350,-0.15,25605,2026-06-09T16:09:55,,,
큐에스아이,066310,KOSDAQ,9810,9450,7.57,185519,2026-06-09T16:09:55,,,
체리부로,066360,KOSDAQ,746,737,-5.93,104162,2026-06-09T16:09:55,,,
버킷스튜디오,066410,KOSDAQ,1153,1153,0.0,0,2026-06-09T16:09:55,,,
아이로보틱스,066430,KOSDAQ,4040,3465,-5.39,41099564,2026-06-09T16:09:55,,,
스모트로닉,066590,KOSDAQ,2100,2045,3.96,102226,2026-06-09T16:09:55,,,
국보디자인,066620,KOSDAQ,24250,23000,1.68,17738,2026-06-09T16:09:55,,,
디티씨,066670,KOSDAQ,2420,2500,-3.01,27496,2026-06-09T16:09:55,,,
테라젠이텍스,066700,KOSDAQ,2370,2350,7.24,116545,2026-06-09T16:09:55,,,
씨씨에스,066790,KOSDAQ,1493,1493,0.0,0,2026-06-09T16:09:55,,,
디에이피,066900,KOSDAQ,1757,1727,1.44,15288,2026-06-09T16:09:55,,,
손오공,066910,KOSDAQ,2890,2465,-15.0,369992,2026-06-09T16:09:55,,,
한성크린텍,066980,KOSDAQ,2010,1781,11.42,1841228,2026-06-09T16:09:55,,,
조이시티,067000,KOSDAQ,1173,1176,3.71,704950,2026-06-09T16:09:55,,,
이씨에스,067010,KOSDAQ,1933,1914,0.0,11629,2026-06-09T16:09:55,,,
대화제약,067080,KOSDAQ,10800,10820,2.37,48894,2026-06-09T16:09:55,,,
SOOP,067160,KOSDAQ,46500,46050,-0.32,74784,2026-06-09T16:09:55,,,
오텍,067170,KOSDAQ,2275,2095,5.08,432578,2026-06-09T16:09:55,,,
멀티캠퍼스,067280,KOSDAQ,24650,24350,4.45,11008,2026-06-09T16:09:55,,,
JW신약,067290,KOSDAQ,1343,1315,7.1,198741,2026-06-09T16:09:55,,,
하나마이크론,067310,KOSDAQ,43250,42350,14.72,2367682,2026-06-09T16:09:55,,,
선바이오,067370,KOSDAQ,6030,5990,6.54,9827,2026-06-09T16:09:55,,,
아스트,067390,KOSDAQ,540,531,2.27,1134389,2026-06-09T16:09:55,,,
엔브이에이치코리아,067570,KOSDAQ,1794,1778,-0.33,157662,2026-06-09T16:09:55,,,
HLB생명과학,067630,KOSDAQ,3105,3090,4.37,242540,2026-06-09T16:09:55,,,
로지시스,067730,KOSDAQ,2265,2240,0.89,20846,2026-06-09T16:09:55,,,
세진티에스,067770,KOSDAQ,1774,1731,0.06,8982,2026-06-09T16:09:55,,,
와이엔텍,067900,KOSDAQ,6230,6150,5.41,21033,2026-06-09T16:09:55,,,
이글루,067920,KOSDAQ,5210,5120,2.56,51241,2026-06-09T16:09:55,,,
도이치모터스,067990,KOSDAQ,4195,4200,3.71,64377,2026-06-09T16:09:55,,,
팬엔터테인먼트,068050,KOSDAQ,1066,1042,2.9,38190,2026-06-09T16:09:55,,,
케이웨더,068100,KOSDAQ,2370,2225,6.28,40603,2026-06-09T16:09:55,,,
다원시스,068240,KOSDAQ,2530,2530,0.0,0,2026-06-09T16:09:55,,,
일신바이오,068330,KOSDAQ,1097,1086,6.5,155799,2026-06-09T16:09:55,,,
셀트리온제약,068760,KOSDAQ,42650,41650,5.31,123881,2026-06-09T16:09:55,,,
DMS,068790,KOSDAQ,5180,5020,3.19,122583,2026-06-09T16:09:55,,,
디지털대성,068930,KOSDAQ,7680,7600,3.23,32380,2026-06-09T16:09:55,,,
셀피글로벌,068940,KOSDAQ,778,778,0.0,0,2026-06-09T16:09:55,,,
웹젠,069080,KOSDAQ,9930,10820,1.53,106826,2026-06-09T16:09:55,,,
누리플랜,069140,KOSDAQ,1599,1555,-0.68,287457,2026-06-09T16:09:55,,,
유아이디,069330,KOSDAQ,876,780,-2.88,53948,2026-06-09T16:09:55,,,
엔텔스,069410,KOSDAQ,3860,3840,-0.52,273191,2026-06-09T16:09:55,,,
에스텍,069510,KOSDAQ,11630,11750,0.95,22628,2026-06-09T16:09:55,,,
빛과전자,069540,KOSDAQ,3880,3320,11.02,13399928,2026-06-09T16:09:55,,,
엑시온그룹,069920,KOSDAQ,1200,1207,0.0,49345,2026-06-09T16:09:55,,,
엑스큐어,070300,KOSDAQ,1314,1316,-1.72,342557,2026-06-09T16:09:55,,,
인티큐브,070590,KOSDAQ,1654,1580,-0.06,42439,2026-06-09T16:09:55,,,
인피니트헬스케어,071200,KOSDAQ,7340,7230,6.84,92790,2026-06-09T16:09:55,,,
로체시스템즈,071280,KOSDAQ,6880,6730,9.9,101959,2026-06-09T16:09:55,,,
에이테크솔루션,071670,KOSDAQ,6120,5860,6.25,19452,2026-06-09T16:09:55,,,
캐스텍코리아,071850,KOSDAQ,1437,1420,1.48,539,2026-06-09T16:09:55,,,
중앙백신,072020,KOSDAQ,9390,9400,1.4,16173,2026-06-09T16:09:55,,,
우리산업홀딩스,072470,KOSDAQ,2800,2670,7.69,39448,2026-06-09T16:09:55,,,
멤레이비티,072770,KOSDAQ,980,994,3.16,64512,2026-06-09T16:09:55,,,
메가스터디,072870,KOSDAQ,13000,12890,4.92,63427,2026-06-09T16:09:55,,,
빛샘전자,072950,KOSDAQ,10760,10170,11.27,479159,2026-06-09T16:09:55,,,
에이치시티,072990,KOSDAQ,3600,3540,3.75,14953,2026-06-09T16:09:55,,,
케이에스피,073010,KOSDAQ,3445,3610,4.08,217413,2026-06-09T16:09:55,,,
엘엠에스,073110,KOSDAQ,6290,6380,3.28,19189,2026-06-09T16:09:55,,,
듀오백,073190,KOSDAQ,671,705,-2.75,84439,2026-06-09T16:09:55,,,
LIG아큐버,073490,KOSDAQ,34400,32500,4.4,116621,2026-06-09T16:09:55,,,
에프알텍,073540,KOSDAQ,2685,2630,-0.92,65801,2026-06-09T16:09:55,,,
우리손에프앤지,073560,KOSDAQ,1583,1584,2.13,112405,2026-06-09T16:09:55,반도체 세정 솔루션 매출 3배 성장,반도체 장비주 강세,반도체 경기 변수
리튬포어스,073570,KOSDAQ,2085,2050,0.97,33047,2026-06-09T16:09:55,,,
테라사이언스,073640,KOSDAQ,654,654,0.0,0,2026-06-09T16:09:55,,,
아미노로직스,074430,KOSDAQ,1218,1210,4.82,251157,2026-06-09T16:09:55,,,
원익QnC,074600,KOSDAQ,33700,33450,12.9,762933,2026-06-09T16:09:55,,,
플랜티넷,075130,KOSDAQ,1970,1937,5.01,31253,2026-06-09T16:09:55,,,
동국알앤에스,075970,KOSDAQ,1735,1716,5.41,17613,2026-06-09T16:09:55,,,
웰크론한텍,076080,KOSDAQ,860,887,-2.49,57127,2026-06-09T16:09:55,,,
해성옵틱스,076610,KOSDAQ,1381,1390,-1.57,1311549,2026-06-09T16:09:55,,,
덕산하이메탈,077360,KOSDAQ,13950,13040,7.39,1236198,2026-06-09T16:09:55,,,
LS증권,078020,KOSDAQ,6450,6370,0.62,336716,2026-06-09T16:09:55,,,
유비쿼스홀딩스,078070,KOSDAQ,10150,10000,3.05,39537,2026-06-09T16:09:55,,,
국일제지,078130,KOSDAQ,3330,3590,0.6,148867,2026-06-09T16:09:55,,,
대봉엘에스,078140,KOSDAQ,8260,8240,3.9,15745,2026-06-09T16:09:55,,,
HB테크놀러지,078150,KOSDAQ,2950,2790,7.47,1794298,2026-06-09T16:09:55,,,
메디포스트,078160,KOSDAQ,9850,9390,0.0,165333,2026-06-09T16:09:55,,,
컴투스,078340,KOSDAQ,25300,25000,-0.78,51256,2026-06-09T16:09:55,,,
한양디지텍,078350,KOSDAQ,25200,23800,10.04,329618,2026-06-09T16:09:55,,,
휴림에이텍,078590,KOSDAQ,2785,2530,0.36,91555,2026-06-09T16:09:55,,,
대주전자재료,078600,KOSDAQ,113300,115000,4.42,427002,2026-06-09T16:09:55,,,
아이오케이이엔엠,078860,KOSDAQ,3655,3670,-3.56,5170,2026-06-09T16:09:55,,,
가온그룹,078890,KOSDAQ,5830,5790,-0.34,310999,2026-06-09T16:09:55,,,
와토스코리아,079000,KOSDAQ,5380,5000,-0.74,17042,2026-06-09T16:09:55,,,
한창산업,079170,KOSDAQ,5160,5160,2.79,6074,2026-06-09T16:09:55,,,
케스피온,079190,KOSDAQ,708,687,3.21,128119,2026-06-09T16:09:55,,,
제우스,079370,KOSDAQ,10730,10570,8.6,315418,2026-06-09T16:09:55,,,
서산,079650,KOSDAQ,979,1272,-7.2,54723,2026-06-09T16:09:55,,,
APS이노베이션,079810,KOSDAQ,3665,3635,5.16,199760,2026-06-09T16:09:55,,,
가비아,079940,KOSDAQ,30550,30100,3.38,8372,2026-06-09T16:09:55,,,
인베니아,079950,KOSDAQ,1013,973,6.97,132419,2026-06-09T16:09:55,,,
동양이엔피,079960,KOSDAQ,21350,21000,4.15,18706,2026-06-09T16:09:55,,,
투비소프트,079970,KOSDAQ,596,596,0.0,0,2026-06-09T16:09:55,,,
이상네트웍스,080010,KOSDAQ,6680,6650,4.87,2463,2026-06-09T16:09:55,,,
모두투어,080160,KOSDAQ,8960,8900,5.79,49998,2026-06-09T16:09:55,,,
제주반도체,080220,KOSDAQ,100400,93500,5.13,2672654,2026-06-09T16:09:55,,,
모다이노칩,080420,KOSDAQ,1568,1542,8.81,12823,2026-06-09T16:09:55,,,
성창오토텍,080470,KOSDAQ,2950,2950,2.43,8788,2026-06-09T16:09:55,,,
오디텍,080520,KOSDAQ,2900,2880,6.23,25243,2026-06-09T16:09:55,,,
코디,080530,KOSDAQ,2450,2400,1.66,13786,2026-06-09T16:09:55,,,
오킨스전자,080580,KOSDAQ,17980,17210,15.63,464841,2026-06-09T16:09:55,,,
한국유니온제약,080720,KOSDAQ,2725,2725,0.0,0,2026-06-09T16:09:55,,,
티플랙스,081150,KOSDAQ,2755,2735,2.42,210209,2026-06-09T16:09:55,,,
쎄크,081180,KOSDAQ,7870,7660,8.4,96018,2026-06-09T16:09:55,,,
성우전자,081580,KOSDAQ,2375,2375,1.93,70958,2026-06-09T16:09:55,,,
옵트론텍,082210,KOSDAQ,1553,1422,10.61,146038,2026-06-09T16:09:55,,,
젬백스,082270,KOSDAQ,13330,13000,12.3,497241,2026-06-09T16:09:55,,,
코스나인,082660,KOSDAQ,480,480,0.0,0,2026-06-09T16:09:55,,,
비보존 제약,082800,KOSDAQ,3345,3680,5.02,1959537,2026-06-09T16:09:55,,,
우리바이오,082850,KOSDAQ,1430,1368,2.22,404219,2026-06-09T16:09:55,,,
비츠로셀,082920,KOSDAQ,47700,45150,0.85,489294,2026-06-09T16:09:55,,,
엘오티베큠,083310,KOSDAQ,10570,10210,11.03,113998,2026-06-09T16:09:55,,,
GST,083450,KOSDAQ,55100,57600,17.48,452729,2026-06-09T16:09:55,,,
이엠앤아이,083470,KOSDAQ,790,807,2.73,113668,2026-06-09T16:09:55,,,
에프엔에스테크,083500,KOSDAQ,18300,17280,18.75,239095,2026-06-09T16:09:55,,,
케이엠,083550,KOSDAQ,2580,2605,1.98,13174,2026-06-09T16:09:55,,,
인콘,083640,KOSDAQ,1275,1241,2.82,38137,2026-06-09T16:09:55,,,
비에이치아이,083650,KOSDAQ,62700,60600,4.85,244107,2026-06-09T16:09:55,,,
CSA 코스믹,083660,KOSDAQ,180,234,-8.63,705085,2026-06-09T16:09:55,,,
CG인바이츠,083790,KOSDAQ,855,893,9.76,162020,2026-06-09T16:09:55,,,
아바코,083930,KOSDAQ,12810,12690,12.37,152824,2026-06-09T16:09:55,,,
휴온스글로벌,084110,KOSDAQ,27450,26850,9.36,74039,2026-06-09T16:09:55,,,
수성웹툰,084180,KOSDAQ,657,639,2.5,90581,2026-06-09T16:09:55,,,
유진테크,084370,KOSDAQ,147400,154900,13.82,515955,2026-06-09T16:09:55,,,
유비온,084440,KOSDAQ,1000,1015,1.01,56678,2026-06-09T16:09:55,,,
랩지노믹스,084650,KOSDAQ,1157,1228,30.0,7614495,2026-06-09T16:09:55,,,
팅크웨어,084730,KOSDAQ,7190,7150,5.74,25068,2026-06-09T16:09:55,,,
아이티엠반도체,084850,KOSDAQ,11170,11000,4.3,36407,2026-06-09T16:09:55,,,
헬릭스미스,084990,KOSDAQ,4700,4470,1.95,349685,2026-06-09T16:09:55,,,
차바이오텍,085660,KOSDAQ,11610,11300,3.38,428711,2026-06-09T16:09:55,,,
뉴프렉스,085670,KOSDAQ,4010,3850,7.65,291091,2026-06-09T16:09:55,,,
알티캐스트,085810,KOSDAQ,1455,1455,0.14,11017,2026-06-09T16:09:55,,,
네오티스,085910,KOSDAQ,28850,28350,9.07,237747,2026-06-09T16:09:55,,,
바이오톡스텍,086040,KOSDAQ,2455,2400,3.15,17189,2026-06-09T16:09:55,,,
진바이오텍,086060,KOSDAQ,4060,3895,4.77,26117,2026-06-09T16:09:55,,,
유니테스트,086390,KOSDAQ,14460,14210,14.13,168076,2026-06-09T16:09:55,,,
동국제약,086450,KOSDAQ,17730,18200,7.19,669717,2026-06-09T16:09:55,,,
에코프로,086520,KOSDAQ,107400,105900,2.09,1488377,2026-06-09T16:09:55,"양극재 생산 확대, 테슬라 공급 승인",배터리 산업 강세 시 매수,원료비 변동성
비엠티,086670,KOSDAQ,15110,15000,5.15,48738,2026-06-09T16:09:55,,,
선진뷰티사이언스,086710,KOSDAQ,7230,7160,2.41,46558,2026-06-09T16:09:55,,,
바이오솔루션,086820,KOSDAQ,6860,7020,4.41,65582,2026-06-09T16:09:55,,,
이수앱지스,086890,KOSDAQ,3160,3140,3.61,124724,2026-06-09T16:09:55,,,
메디톡스,086900,KOSDAQ,79100,81600,1.8,120323,2026-06-09T16:09:55,,,
MDS테크,086960,KOSDAQ,2615,2505,7.39,974888,2026-06-09T16:09:55,,,
쇼박스,086980,KOSDAQ,2530,2485,4.33,315302,2026-06-09T16:09:55,,,
펩트론,087010,KOSDAQ,245000,242000,6.29,187971,2026-06-09T16:09:55,,,
모바일어플라이언스,087260,KOSDAQ,497,511,-15.76,2529399,2026-06-09T16:09:55,,,
픽셀플러스,087600,KOSDAQ,4675,4400,5.41,21448,2026-06-09T16:09:55,,,
동아엘텍,088130,KOSDAQ,6560,6650,4.79,306101,2026-06-09T16:09:55,,,
쏘닉스,088280,KOSDAQ,3515,3455,9.5,187554,2026-06-09T16:09:55,,,
이원컴포텍,088290,KOSDAQ,1774,1796,9.78,23046,2026-06-09T16:09:55,,,
유라클,088340,KOSDAQ,8380,8100,8.83,98519,2026-06-09T16:09:55,,,
이녹스,088390,KOSDAQ,8700,8380,7.54,16760,2026-06-09T16:09:55,,,
에이스테크,088800,KOSDAQ,2630,2610,-3.31,324028,2026-06-09T16:09:55,,,
동우팜투테이블,088910,KOSDAQ,2350,2280,9.3,185823,2026-06-09T16:09:55,,,
켐트로닉스,089010,KOSDAQ,29200,27800,8.15,176758,2026-06-09T16:09:55,,,
테크윙,089030,KOSDAQ,59700,57600,20.97,9818845,2026-06-09T16:09:55,,,
넥스턴앤롤코리아,089140,KOSDAQ,2485,2475,10.2,241351,2026-06-09T16:09:55,,,
케이씨티,089150,KOSDAQ,2205,2125,5.25,88075,2026-06-09T16:09:55,,,
THE E&M,089230,KOSDAQ,2150,2395,6.17,464108,2026-06-09T16:09:55,,,
KT나스미디어,089600,KOSDAQ,10060,10100,2.44,21696,2026-06-09T16:09:55,,,
제이티,089790,KOSDAQ,4585,4360,12.65,80596,2026-06-09T16:09:55,,,
유비벨록스,089850,KOSDAQ,4120,4070,1.35,21189,2026-06-09T16:09:55,,,
코세스,089890,KOSDAQ,35900,36450,18.09,213199,2026-06-09T16:09:55,,,
브이엠,089970,KOSDAQ,76600,80800,27.03,1238476,2026-06-09T16:09:55,,,
상아프론테크,089980,KOSDAQ,17900,17640,4.68,50102,2026-06-09T16:09:55,,,
아이윈,090150,KOSDAQ,522,574,2.76,215234,2026-06-09T16:09:55,,,
로보스타,090360,KOSDAQ,117700,103600,-15.32,1068680,2026-06-09T16:09:55,,,
덕신이피씨,090410,KOSDAQ,886,897,0.11,264337,2026-06-09T16:09:55,,,
제이스로보틱스,090470,KOSDAQ,4945,4955,6.34,49328,2026-06-09T16:09:55,,,
휴림로봇,090710,KOSDAQ,10680,10460,7.12,3358700,2026-06-09T16:09:55,,,
현대이지웰,090850,KOSDAQ,5320,5270,0.95,67050,2026-06-09T16:09:55,,,
이엠텍,091120,KOSDAQ,4335,4240,0.23,85603,2026-06-09T16:09:55,,,
S&K폴리텍,091340,KOSDAQ,2190,2180,2.82,32518,2026-06-09T16:09:55,,,
한울소재과학,091440,KOSDAQ,1950,1864,-0.91,217571,2026-06-09T16:09:55,,,
상신이디피,091580,KOSDAQ,17230,16800,1.77,422731,2026-06-09T16:09:55,,,
남화토건,091590,KOSDAQ,3360,3365,4.02,14552,2026-06-09T16:09:55,,,
파트론,091700,KOSDAQ,6400,6320,3.06,249270,2026-06-09T16:09:55,,,
나노캠텍,091970,KOSDAQ,2995,2850,-0.66,98990,2026-06-09T16:09:55,,,
아미코젠,092040,KOSDAQ,1309,1268,-0.46,544856,2026-06-09T16:09:55,,,
디엔에프,092070,KOSDAQ,16900,16920,9.88,68553,2026-06-09T16:09:55,,,
이크레더블,092130,KOSDAQ,13860,13850,0.65,6914,2026-06-09T16:09:55,,,
서울바이오시스,092190,KOSDAQ,9630,9370,7.24,992548,2026-06-09T16:09:55,,,
현우산업,092300,KOSDAQ,3445,3335,6.66,202120,2026-06-09T16:09:55,,,
한라IMS,092460,KOSDAQ,18100,18640,1.91,50297,2026-06-09T16:09:55,,,
앤씨앤,092600,KOSDAQ,2800,2825,2.0,62291,2026-06-09T16:09:55,,,
네오팜,092730,KOSDAQ,17170,17020,4.57,46855,2026-06-09T16:09:55,,,
엑시콘,092870,KOSDAQ,26350,25100,13.09,276713,2026-06-09T16:09:55,,,
빅솔론,093190,KOSDAQ,7660,7530,4.08,15167,2026-06-09T16:09:55,,,
케이아이엔엑스,093320,KOSDAQ,111000,112900,-0.72,7523,2026-06-09T16:09:55,,,
풍강,093380,KOSDAQ,2385,2385,-1.24,10721,2026-06-09T16:09:55,,,
매커스,093520,KOSDAQ,20350,19560,4.73,28345,2026-06-09T16:09:55,,,
케이알엠,093640,KOSDAQ,3265,3190,-1.66,189318,2026-06-09T16:09:55,,,
서원인텍,093920,KOSDAQ,4680,4670,2.3,29944,2026-06-09T16:09:55,,,
동운아나텍,094170,KOSDAQ,37550,37750,8.37,65004,2026-06-09T16:09:55,,,
칩스앤미디어,094360,KOSDAQ,13630,13300,6.9,86389,2026-06-09T16:09:55,,,
갤럭시아머니트리,094480,KOSDAQ,5910,5900,9.24,284743,2026-06-09T16:09:55,,,
일진파워,094820,KOSDAQ,12720,12590,10.51,240505,2026-06-09T16:09:55,,,
슈프리마에이치큐,094840,KOSDAQ,9780,10000,9.15,38846,2026-06-09T16:09:55,,,
참좋은여행,094850,KOSDAQ,4360,4300,4.18,26683,2026-06-09T16:09:55,,,
네오리진,094860,KOSDAQ,1326,1347,-0.23,285978,2026-06-09T16:09:55,,,
푸른로보틱스,094940,KOSDAQ,7280,6780,5.97,132596,2026-06-09T16:09:55,,,
제이엠티,094970,KOSDAQ,2840,2810,3.27,219729,2026-06-09T16:09:55,,,
신화프리텍,095190,KOSDAQ,1830,1849,3.39,128054,2026-06-09T16:09:55,,,
웨이브일렉트로,095270,KOSDAQ,4115,3920,6.19,115491,2026-06-09T16:09:55,,,
ISC,095340,KOSDAQ,182200,180600,4.17,280960,2026-06-09T16:09:55,,,
미래나노텍,095500,KOSDAQ,7030,6930,6.84,196226,2026-06-09T16:09:55,,,
테스,095610,KOSDAQ,161400,173400,22.74,999523,2026-06-09T16:09:55,,,
네오위즈,095660,KOSDAQ,19070,19350,1.71,84014,2026-06-09T16:09:55,,,
제넥신,095700,KOSDAQ,3010,2990,5.99,285657,2026-06-09T16:09:55,,,
에스에너지,095910,KOSDAQ,1294,1298,-3.29,377355,2026-06-09T16:09:55,,,
크레버스,096240,KOSDAQ,9240,9100,2.9,32848,2026-06-09T16:09:55,,,
와이즈넛,096250,KOSDAQ,7230,7230,3.58,80547,2026-06-09T16:09:55,,,
대창솔루션,096350,KOSDAQ,1989,1921,4.79,292633,2026-06-09T16:09:55,,,
씨젠,096530,KOSDAQ,29200,27750,6.76,347727,2026-06-09T16:09:55,,,
알에프세미,096610,KOSDAQ,2965,2965,0.0,0,2026-06-09T16:09:55,,,
에스코넥,096630,KOSDAQ,2395,2375,4.13,36063,2026-06-09T16:09:55,,,
에이루트,096690,KOSDAQ,4980,4850,-4.23,8395,2026-06-09T16:09:55,,,
엘디티,096870,KOSDAQ,1794,1793,4.24,18151,2026-06-09T16:09:55,,,
에코볼트,097780,KOSDAQ,664,664,0.0,0,2026-06-09T16:09:55,,,
윈팩,097800,KOSDAQ,1867,1875,2.98,60557,2026-06-09T16:09:55,,,
효성오앤비,097870,KOSDAQ,5050,5020,1.1,34403,2026-06-09T16:09:55,,,
한텍,098070,KOSDAQ,31500,30900,0.8,86853,2026-06-09T16:09:55,,,
마이크로컨텍솔,098120,KOSDAQ,28050,27350,13.56,107769,2026-06-09T16:09:55,,,
고영,098460,KOSDAQ,33450,30950,20.32,7074866,2026-06-09T16:09:55,,,
에스티오,098660,KOSDAQ,1464,1507,9.09,16893,2026-06-09T16:09:55,,,
아이센스,099190,KOSDAQ,16820,16880,8.1,70927,2026-06-09T16:09:55,,,
SDN,099220,KOSDAQ,950,930,8.45,399342,2026-06-09T16:09:55,,,
쎄트렉아이,099320,KOSDAQ,112400,112600,3.69,98593,2026-06-09T16:09:55,,,
브레인즈컴퍼니,099390,KOSDAQ,3830,3730,2.82,14012,2026-06-09T16:09:55,,,
동방선기,099410,KOSDAQ,3545,3545,2.9,63100,2026-06-09T16:09:55,,,
바이오플러스,099430,KOSDAQ,4695,4575,10.08,519418,2026-06-09T16:09:55,,,
스맥,099440,KOSDAQ,3385,3220,6.28,446857,2026-06-09T16:09:55,,,
DGI,099520,KOSDAQ,1284,1284,0.0,0,2026-06-09T16:09:55,,,
이지케어텍,099750,KOSDAQ,6620,7070,5.08,28178,2026-06-09T16:09:55,,,
인지소프트,100030,KOSDAQ,17440,16980,2.83,4421,2026-06-09T16:09:55,,,
뷰웍스,100120,KOSDAQ,24900,24850,4.4,32086,2026-06-09T16:09:55,,,
동국S&C,100130,KOSDAQ,1520,1521,0.73,142859,2026-06-09T16:09:55,,,
머큐리,100590,KOSDAQ,5190,4985,7.45,411700,2026-06-09T16:09:55,,,
서암기계공업,100660,KOSDAQ,3320,3240,2.79,27104,2026-06-09T16:09:55,,,
세운메디칼,100700,KOSDAQ,2155,2170,3.36,186375,2026-06-09T16:09:55,,,
미래에셋벤처투자,100790,KOSDAQ,43700,39450,14.55,2831563,2026-06-09T16:09:55,,,
KS인더스트리,101000,KOSDAQ,554,519,-4.15,452077,2026-06-09T16:09:55,,,
월덱스,101160,KOSDAQ,25600,25050,9.87,164749,2026-06-09T16:09:55,,,
우림피티에스,101170,KOSDAQ,9210,9130,3.72,210700,2026-06-09T16:09:55,,,
씨큐브,101240,KOSDAQ,3275,3245,1.39,18146,2026-06-09T16:09:55,,,
모베이스,101330,KOSDAQ,3645,3550,2.1,126396,2026-06-09T16:09:55,,,
에코앤드림,101360,KOSDAQ,11810,11800,8.25,106351,2026-06-09T16:09:55,,,
아이엠,101390,KOSDAQ,396,396,0.0,0,2026-06-09T16:09:55,,,
엔시트론,101400,KOSDAQ,1760,1897,2.33,99266,2026-06-09T16:09:55,,,
에스앤에스텍,101490,KOSDAQ,62000,60900,13.14,325062,2026-06-09T16:09:55,,,
하이드로리튬,101670,KOSDAQ,1359,1308,1.65,404057,2026-06-09T16:09:55,,,
한국정밀기계,101680,KOSDAQ,2060,1998,7.74,72040,2026-06-09T16:09:55,,,
위메이드맥스,101730,KOSDAQ,3405,3290,1.79,118976,2026-06-09T16:09:55,,,
인화정공,101930,KOSDAQ,8400,8570,1.2,23866,2026-06-09T16:09:55,,,
우양에이치씨,101970,KOSDAQ,8380,8570,5.14,11758,2026-06-09T16:09:55,,,
어보브반도체,102120,KOSDAQ,10290,9750,12.21,326114,2026-06-09T16:09:55,,,
케이옥션,102370,KOSDAQ,2700,2610,3.85,72056,2026-06-09T16:09:55,,,
이엔에프테크놀로지,102710,KOSDAQ,42450,43100,8.85,119633,2026-06-09T16:09:55,,,
코오롱생명과학,102940,KOSDAQ,47800,47750,6.94,23280,2026-06-09T16:09:55,,,
에스앤더블류,103230,KOSDAQ,2735,2675,-5.03,47700,2026-06-09T16:09:55,,,
우양,103840,KOSDAQ,2175,2110,2.84,47597,2026-06-09T16:09:55,,,
디에스엠,104040,KOSDAQ,1967,1882,-4.75,53271,2026-06-09T16:09:55,,,
NHN벅스,104200,KOSDAQ,3140,3035,-0.48,71642,2026-06-09T16:09:55,,,
디와이피엔에프,104460,KOSDAQ,9860,9690,5.79,55576,2026-06-09T16:09:55,,,
티케이케미칼,104480,KOSDAQ,1710,1710,6.81,405691,2026-06-09T16:09:55,,,
코렌텍,104540,KOSDAQ,4150,4050,6.14,21348,2026-06-09T16:09:55,,,
노랑풍선,104620,KOSDAQ,3535,3550,2.46,63262,2026-06-09T16:09:55,,,
원익머트리얼즈,104830,KOSDAQ,41100,40000,9.45,34565,2026-06-09T16:09:55,,,
케이엔더블유,105330,KOSDAQ,8930,9110,-0.78,34244,2026-06-09T16:09:55,,,
엣지파운드리,105550,KOSDAQ,556,538,1.09,291644,2026-06-09T16:09:55,,,
디케이락,105740,KOSDAQ,6690,6700,4.53,61872,2026-06-09T16:09:55,,,
포스뱅크,105760,KOSDAQ,4180,4010,3.59,37288,2026-06-09T16:09:55,,,
케이이엠텍,106080,KOSDAQ,1650,1650,0.0,0,2026-06-09T16:09:55,,,
하이텍팜,106190,KOSDAQ,14280,14300,3.33,24981,2026-06-09T16:09:55,,,
파인테크닉스,106240,KOSDAQ,1286,1178,-5.09,213103,2026-06-09T16:09:55,,,
노블엠앤비,106520,KOSDAQ,411,411,0.0,0,2026-06-09T16:09:55,,,
새빗켐,107600,KOSDAQ,18050,18600,2.15,18878,2026-06-09T16:09:55,,,
한중엔시에스,107640,KOSDAQ,41750,41150,5.7,69488,2026-06-09T16:09:55,,,
톱텍,108230,KOSDAQ,3400,3420,4.13,201336,2026-06-09T16:09:55,,,
대양전기공업,108380,KOSDAQ,18370,18490,6.8,57034,2026-06-09T16:09:55,,,
로보티즈,108490,KOSDAQ,290000,274500,0.17,254629,2026-06-09T16:09:55,,,
셀바스AI,108860,KOSDAQ,8960,9190,6.29,247719,2026-06-09T16:09:55,,,
옵티시스,109080,KOSDAQ,10830,10380,5.56,27879,2026-06-09T16:09:55,,,
에스와이,109610,KOSDAQ,2195,2130,2.81,148400,2026-06-09T16:09:55,,,
씨싸이트,109670,KOSDAQ,3290,3410,0.92,7290,2026-06-09T16:09:55,,,
디에스케이,109740,KOSDAQ,6670,6400,17.43,193550,2026-06-09T16:09:55,,,
진매트릭스,109820,KOSDAQ,1599,1612,4.44,25911,2026-06-09T16:09:55,,,
동일금속,109860,KOSDAQ,7260,7290,0.55,1745,2026-06-09T16:09:55,,,
앱토크롬,109960,KOSDAQ,1828,1835,0.16,22353,2026-06-09T16:09:55,,,
전진바이오팜,110020,KOSDAQ,1888,1841,4.37,33452,2026-06-09T16:09:55,,,
크리스에프앤씨,110790,KOSDAQ,3305,3230,3.12,32867,2026-06-09T16:09:55,,,
디아이티,110990,KOSDAQ,22250,21500,14.57,177918,2026-06-09T16:09:55,,,
남화산업,111710,KOSDAQ,3410,3450,3.02,2191,2026-06-09T16:09:55,,,
위메이드,112040,KOSDAQ,17020,16850,-0.76,167397,2026-06-09T16:09:55,,,
와이씨켐,112290,KOSDAQ,13970,12920,4.18,276745,2026-06-09T16:09:55,,,
디젠스,113810,KOSDAQ,591,581,5.35,613501,2026-06-09T16:09:55,,,
강원에너지,114190,KOSDAQ,9180,9390,4.08,147380,2026-06-09T16:09:55,,,
그린생명과학,114450,KOSDAQ,2155,2065,2.13,247731,2026-06-09T16:09:55,,,
폴라리스우노,114630,KOSDAQ,1774,1790,0.97,39071,2026-06-09T16:09:55,,,
한솔아이원스,114810,KOSDAQ,12840,13610,10.98,265771,2026-06-09T16:09:55,,,
아이패밀리에스씨,114840,KOSDAQ,8940,8770,-0.89,66059,2026-06-09T16:09:55,,,
휴맥스,115160,KOSDAQ,6360,6130,3.41,10666,2026-06-09T16:09:55,,,
큐리언트,115180,KOSDAQ,25450,24850,7.61,88946,2026-06-09T16:09:55,,,
인포바인,115310,KOSDAQ,7760,7640,-3.0,21271,2026-06-09T16:09:55,,,
우리넷,115440,KOSDAQ,9960,9130,5.73,319022,2026-06-09T16:09:55,,,
HLB테라퓨틱스,115450,KOSDAQ,2520,2500,2.23,284710,2026-06-09T16:09:55,,,
씨유메디칼,115480,KOSDAQ,1823,1847,-3.6,53697,2026-06-09T16:09:55,,,
케이씨에스,115500,KOSDAQ,12190,11570,4.73,740012,2026-06-09T16:09:55,,,
씨엔플러스,115530,KOSDAQ,1855,1717,-1.59,35068,2026-06-09T16:09:55,,,
스타플렉스,115570,KOSDAQ,2400,2710,-5.7,109317,2026-06-09T16:09:55,,,
이미지스,115610,KOSDAQ,2175,2135,29.77,5593623,2026-06-09T16:09:55,,,
알파칩스,117670,KOSDAQ,12650,12400,7.39,8321,2026-06-09T16:09:55,,,
티로보틱스,117730,KOSDAQ,16150,15600,3.46,86439,2026-06-09T16:09:55,,,
모트렉스,118990,KOSDAQ,6720,6660,5.83,109417,2026-06-09T16:09:55,,,
포메탈,119500,KOSDAQ,2935,2870,5.2,45249,2026-06-09T16:09:55,,,
인터로조,119610,KOSDAQ,17410,16920,6.55,51180,2026-06-09T16:09:55,,,
아이텍,119830,KOSDAQ,6130,6080,-0.33,242414,2026-06-09T16:09:55,,,
지엔씨에너지,119850,KOSDAQ,19740,21400,7.57,106022,2026-06-09T16:09:55,,,
대정화금,120240,KOSDAQ,13220,13160,4.26,16520,2026-06-09T16:09:55,,,
골프존홀딩스,121440,KOSDAQ,4720,4645,11.58,179298,2026-06-09T16:09:55,,,
나노신소재,121600,KOSDAQ,56000,54500,4.67,102827,2026-06-09T16:09:55,,,
비덴트,121800,KOSDAQ,3320,3320,0.0,0,2026-06-09T16:09:55,,,
코이즈,121850,KOSDAQ,1640,1590,0.24,61986,2026-06-09T16:09:55,,,
에스디시스템,121890,KOSDAQ,1963,1897,1.5,212668,2026-06-09T16:09:55,,,
제노레이,122310,KOSDAQ,3495,3470,1.75,48713,2026-06-09T16:09:55,,,
삼기,122350,KOSDAQ,1000,981,6.38,156218,2026-06-09T16:09:55,,,
KX,122450,KOSDAQ,2780,2695,4.12,73638,2026-06-09T16:09:55,,,
예스티,122640,KOSDAQ,25800,24100,13.16,299211,2026-06-09T16:09:55,,,
서진오토모티브,122690,KOSDAQ,1762,1753,2.62,24219,2026-06-09T16:09:55,,,
와이지엔터테인먼트,122870,KOSDAQ,41150,40450,1.73,128749,2026-06-09T16:09:55,,,
와이솔,122990,KOSDAQ,7060,6860,5.37,80531,2026-06-09T16:09:55,,,
알엔티엑스,123010,KOSDAQ,2650,2450,-0.19,794351,2026-06-09T16:09:55,,,
엠에스오토텍,123040,KOSDAQ,1845,1800,1.1,145590,2026-06-09T16:09:55,,,
제닉,123330,KOSDAQ,22300,22450,7.47,78968,2026-06-09T16:09:55,,,
코리아에프티,123410,KOSDAQ,6160,6040,6.02,208847,2026-06-09T16:09:55,,,
위메이드플레이,123420,KOSDAQ,6080,5960,3.75,28936,2026-06-09T16:09:55,,,
이엠넷,123570,KOSDAQ,1775,1741,8.83,19520,2026-06-09T16:09:55,,,
알톤,123750,KOSDAQ,1565,1514,-2.49,11034,2026-06-09T16:09:55,,,
뉴온,123840,KOSDAQ,3305,3245,2.16,13070,2026-06-09T16:09:55,,,
아나패스,123860,KOSDAQ,15390,14650,3.22,47990,2026-06-09T16:09:55,,,
아이티센글로벌,124500,KOSDAQ,45050,43400,12.77,201788,2026-06-09T16:09:55,,,
태웅로직스,124560,KOSDAQ,1981,2020,4.48,102657,2026-06-09T16:09:55,,,
티씨머티리얼즈,125020,KOSDAQ,7030,7070,9.5,1360089,2026-06-09T16:09:55,,,
아모그린텍,125210,KOSDAQ,8530,8760,8.66,176893,2026-06-09T16:09:55,,,
한라캐스트,125490,KOSDAQ,11800,11710,9.06,740139,2026-06-09T16:09:55,,,
비나텍,126340,KOSDAQ,104800,107300,-1.04,136349,2026-06-09T16:09:55,,,
BGF에코머티리얼즈,126600,KOSDAQ,3030,3065,4.12,164943,2026-06-09T16:09:55,,,
화신정공,126640,KOSDAQ,3410,4430,29.9,6839435,2026-06-09T16:09:55,,,
하이비젼시스템,126700,KOSDAQ,11280,11090,3.39,137830,2026-06-09T16:09:55,,,
코칩,126730,KOSDAQ,22850,20200,8.04,783899,2026-06-09T16:09:55,,,
제이엔케이글로벌,126880,KOSDAQ,2930,2975,0.51,81516,2026-06-09T16:09:55,,,
제이에스링크,127120,KOSDAQ,34550,30900,9.86,215846,2026-06-09T16:09:55,,,
아시아경제,127710,KOSDAQ,935,930,-3.81,110177,2026-06-09T16:09:55,,,
화인써키트,127980,KOSDAQ,3820,3675,3.95,57116,2026-06-09T16:09:55,,,
에코캡,128540,KOSDAQ,1410,1410,4.44,1026710,2026-06-09T16:09:55,,,
피제이메탈,128660,KOSDAQ,2910,2850,4.49,128207,2026-06-09T16:09:55,,,
앱코,129890,KOSDAQ,988,961,4.22,155535,2026-06-09T16:09:55,,,
대성하이텍,129920,KOSDAQ,5780,5990,-3.83,716740,2026-06-09T16:09:55,,,
GH신소재,130500,KOSDAQ,2025,1977,3.37,14856,2026-06-09T16:09:55,,,
나이스디앤비,130580,KOSDAQ,5410,5470,0.74,6171,2026-06-09T16:09:55,,,
티피씨글로벌,130740,KOSDAQ,2135,2110,-1.16,298977,2026-06-09T16:09:55,,,
옵투스제약,131030,KOSDAQ,5720,5800,4.19,118235,2026-06-09T16:09:55,,,
시큐브,131090,KOSDAQ,3820,3835,2.14,34341,2026-06-09T16:09:55,,,
티엔엔터테인먼트,131100,KOSDAQ,786,768,-1.01,172719,2026-06-09T16:09:55,,,
딜리,131180,KOSDAQ,4080,4035,1.37,1730,2026-06-09T16:09:55,,,
대한과학,131220,KOSDAQ,3790,3745,2.85,19139,2026-06-09T16:09:55,,,
티에스이,131290,KOSDAQ,213500,207500,15.34,86893,2026-06-09T16:09:55,,,
알서포트,131370,KOSDAQ,1644,1652,1.92,189437,2026-06-09T16:09:55,,,
이브이첨단소재,131400,KOSDAQ,1469,1444,4.26,800964,2026-06-09T16:09:55,,,
파인텍,131760,KOSDAQ,2530,2310,0.8,275808,2026-06-09T16:09:55,,,
두산테스나,131970,KOSDAQ,125300,135500,4.33,258743,2026-06-09T16:09:55,,,
메가엠디,133750,KOSDAQ,1419,1432,2.75,42863,2026-06-09T16:09:55,,,
이퓨쳐,134060,KOSDAQ,4385,4465,3.79,23575,2026-06-09T16:09:55,,,
탑코미디어,134580,KOSDAQ,1175,1228,3.07,88782,2026-06-09T16:09:55,,,
원일티엔아이,136150,KOSDAQ,10950,10980,6.0,23322,2026-06-09T16:09:55,,,
아셈스,136410,KOSDAQ,5350,5370,8.08,29760,2026-06-09T16:09:55,,,
하림,136480,KOSDAQ,2780,2775,1.09,391216,2026-06-09T16:09:55,,,
윈스테크넷,136540,KOSDAQ,10250,10180,2.91,32429,2026-06-09T16:09:55,,,
나래나노텍,137080,KOSDAQ,4265,4230,2.52,6786,2026-06-09T16:09:55,,,
피엔티,137400,KOSDAQ,39300,39200,2.34,183809,2026-06-09T16:09:55,,,
넥스트아이,137940,KOSDAQ,1793,1707,8.54,29189,2026-06-09T16:09:55,,,
제이씨케미칼,137950,KOSDAQ,2930,2940,-0.85,93681,2026-06-09T16:09:55,,,
신진에스엠,138070,KOSDAQ,1282,1263,1.99,41514,2026-06-09T16:09:55,,,
오이솔루션,138080,KOSDAQ,32800,29200,5.81,268402,2026-06-09T16:09:55,,,
앤로보틱스,138360,KOSDAQ,2460,2435,2.5,726677,2026-06-09T16:09:55,,,
나이벡,138610,KOSDAQ,18680,18300,7.17,52331,2026-06-09T16:09:55,,,
키네마스터,139670,KOSDAQ,1524,1525,0.79,22650,2026-06-09T16:09:55,,,
서플러스글로벌,140070,KOSDAQ,1836,1800,4.02,26693,2026-06-09T16:09:55,,,
메지온,140410,KOSDAQ,62000,61400,4.2,108020,2026-06-09T16:09:55,,,
카티스,140430,KOSDAQ,2430,2155,13.02,102931,2026-06-09T16:09:55,,,
대창스틸,140520,KOSDAQ,1979,1985,0.46,23687,2026-06-09T16:09:55,,,
알에스오토메이션,140670,KOSDAQ,11700,11480,2.18,139887,2026-06-09T16:09:55,,,
파크시스템스,140860,KOSDAQ,252500,244000,2.02,54975,2026-06-09T16:09:55,,,
비아트론,141000,KOSDAQ,8550,8590,9.2,49262,2026-06-09T16:09:55,,,
리가켐바이오,141080,KOSDAQ,128000,130900,9.87,567802,2026-06-09T16:09:55,,,
유니트론텍,142210,KOSDAQ,6860,6420,7.36,551718,2026-06-09T16:09:55,,,
녹십자엠에스,142280,KOSDAQ,3460,3425,1.02,500738,2026-06-09T16:09:55,,,
모아라이프플러스,142760,KOSDAQ,681,680,0.15,162375,2026-06-09T16:09:55,,,
아이디스,143160,KOSDAQ,15720,15300,-0.19,8548,2026-06-09T16:09:55,,,
사람인,143240,KOSDAQ,15130,15300,2.72,11554,2026-06-09T16:09:55,,,
영우디에스피,143540,KOSDAQ,1017,998,1.9,321626,2026-06-09T16:09:55,,,
지씨셀,144510,KOSDAQ,16500,16300,5.03,28779,2026-06-09T16:09:55,,,
뉴파워프라즈마,144960,KOSDAQ,8180,7930,4.74,775366,2026-06-09T16:09:55,,,
휴젤,145020,KOSDAQ,242000,239500,6.14,49904,2026-06-09T16:09:55,,,
노브랜드,145170,KOSDAQ,3605,3635,1.26,75772,2026-06-09T16:09:55,,,
율촌,146060,KOSDAQ,879,880,2.57,84511,2026-06-09T16:09:55,,,
비씨엔씨,146320,KOSDAQ,12930,12350,10.61,53875,2026-06-09T16:09:55,,,
피엠티,147760,KOSDAQ,5840,5850,12.31,91104,2026-06-09T16:09:55,,,
제룡산업,147830,KOSDAQ,7500,7500,4.9,309928,2026-06-09T16:09:55,,,
세경하이테크,148150,KOSDAQ,3490,3460,6.73,118432,2026-06-09T16:09:55,,,
알엔투테크놀로지,148250,KOSDAQ,2535,2550,-0.59,40124,2026-06-09T16:09:55,,,
비큐AI,148780,KOSDAQ,643,632,7.17,221277,2026-06-09T16:09:55,,,
에이치와이티씨,148930,KOSDAQ,2765,2665,1.65,37379,2026-06-09T16:09:55,,,
아바텍,149950,KOSDAQ,15420,13500,5.98,307961,2026-06-09T16:09:55,,,
하이로닉,149980,KOSDAQ,5180,5580,3.91,67501,2026-06-09T16:09:55,,,
파수AI,150900,KOSDAQ,3605,3455,6.34,72694,2026-06-09T16:09:55,,,
KG에코솔루션,151860,KOSDAQ,5270,5410,9.34,336638,2026-06-09T16:09:55,,,
네이블,153460,KOSDAQ,6810,6740,7.58,40769,2026-06-09T16:09:55,,,
우리이앤엘하루틴,153490,KOSDAQ,702,696,2.18,266034,2026-06-09T16:09:55,,,
옵티팜,153710,KOSDAQ,4520,4445,2.73,13566,2026-06-09T16:09:55,,,
아시아종묘,154030,KOSDAQ,1634,1634,1.49,20442,2026-06-09T16:09:55,,,
다산솔루에타,154040,KOSDAQ,805,781,6.2,92767,2026-06-09T16:09:55,,,
와이엠씨,155650,KOSDAQ,3215,3250,3.38,51355,2026-06-09T16:09:55,,,
엘앤케이바이오,156100,KOSDAQ,4970,5030,4.63,121839,2026-06-09T16:09:55,,,
아톤,158430,KOSDAQ,5310,5030,4.94,422706,2026-06-09T16:09:55,,,
아스플로,159010,KOSDAQ,18260,18800,20.93,294849,2026-06-09T16:09:55,,,
제로투세븐,159580,KOSDAQ,2525,2545,4.34,118110,2026-06-09T16:09:55,,,
에코글로우,159910,KOSDAQ,3200,2905,0.0,31877,2026-06-09T16:09:55,,,
하이젠알앤엠,160190,KOSDAQ,27100,25600,7.97,107230,2026-06-09T16:09:55,,,
NEW,160550,KOSDAQ,1229,1213,4.6,78926,2026-06-09T16:09:55,,,
싸이맥스,160980,KOSDAQ,43450,40900,24.68,1094780,2026-06-09T16:09:55,,,
필옵틱스,161580,KOSDAQ,40400,38350,5.48,193273,2026-06-09T16:09:55,,,
신스틸,162300,KOSDAQ,1614,1623,0.0,92225,2026-06-09T16:09:55,,,
에어레인,163280,KOSDAQ,4000,4100,2.17,77418,2026-06-09T16:09:55,,,
핑거,163730,KOSDAQ,13330,12970,5.54,76898,2026-06-09T16:09:55,,,
하나머티리얼즈,166090,KOSDAQ,63200,60800,11.46,333903,2026-06-09T16:09:55,,,
코아스템켐온,166480,KOSDAQ,2630,2525,-1.87,375441,2026-06-09T16:09:55,,,
내츄럴엔도텍,168330,KOSDAQ,2285,2215,-0.22,48453,2026-06-09T16:09:55,,,
펨트론,168360,KOSDAQ,21450,21000,18.12,246277,2026-06-09T16:09:55,,,
엠브레인,169330,KOSDAQ,1635,1670,3.94,7390,2026-06-09T16:09:55,,,
현대공업,170030,KOSDAQ,5140,4995,6.86,68349,2026-06-09T16:09:55,,,
파이오링크,170790,KOSDAQ,8150,8080,1.24,48512,2026-06-09T16:09:55,,,
엘티씨,170920,KOSDAQ,51000,50100,12.83,631000,2026-06-09T16:09:55,,,
램테크놀러지,171010,KOSDAQ,2970,2975,4.21,61699,2026-06-09T16:09:55,,,
선익시스템,171090,KOSDAQ,75300,74100,9.61,87064,2026-06-09T16:09:55,,,
라이온켐텍,171120,KOSDAQ,2070,2005,4.23,123471,2026-06-09T16:09:55,,,
에이엘티,172670,KOSDAQ,11650,11700,3.93,111607,2026-06-09T16:09:55,,,
오파스넷,173130,KOSDAQ,7660,7400,7.74,612484,2026-06-09T16:09:55,,,
에프엔씨엔터,173940,KOSDAQ,2795,2740,-1.41,22315,2026-06-09T16:09:55,,,
앱클론,174900,KOSDAQ,30750,29050,6.77,199872,2026-06-09T16:09:55,,,
휴먼테크놀로지,175140,KOSDAQ,2375,2290,-0.42,111163,2026-06-09T16:09:55,,,
아이큐어,175250,KOSDAQ,2170,2170,0.0,0,2026-06-09T16:09:55,,,
듀켐바이오,176750,KOSDAQ,5880,6150,2.26,7121,2026-06-09T16:09:55,,,
베셀,177350,KOSDAQ,680,660,4.45,211364,2026-06-09T16:09:55,,,
파버나인,177830,KOSDAQ,2480,2450,1.22,20479,2026-06-09T16:09:55,,,
쓰리에이로직스,177900,KOSDAQ,5160,5050,7.95,55692,2026-06-09T16:09:55,,,
서진시스템,178320,KOSDAQ,73600,69700,13.23,1405296,2026-06-09T16:09:55,,,
일월지엠엘,178780,KOSDAQ,2365,2335,0.85,15985,2026-06-09T16:09:55,,,
엠아이텍,179290,KOSDAQ,4635,4535,3.92,75254,2026-06-09T16:09:55,,,
애드바이오텍,179530,KOSDAQ,2340,2260,-0.21,64870,2026-06-09T16:09:55,,,
유티아이,179900,KOSDAQ,17230,16900,4.93,151106,2026-06-09T16:09:55,,,
DXVX,180400,KOSDAQ,2640,2625,0.96,74186,2026-06-09T16:09:55,,,
큐브엔터,182360,KOSDAQ,6200,6180,9.93,49827,2026-06-09T16:09:55,,,
엔케이젠바이오텍코리,182400,KOSDAQ,3670,3670,0.0,0,2026-06-09T16:09:55,,,
코미코,183300,KOSDAQ,100200,107100,5.14,195883,2026-06-09T16:09:55,,,
엔지켐생명과학,183490,KOSDAQ,990,990,0.0,0,2026-06-09T16:09:55,,,
SGA솔루션즈,184230,KOSDAQ,2315,2260,-7.58,290395,2026-06-09T16:09:55,,,
아이진,185490,KOSDAQ,1460,1411,0.41,287320,2026-06-09T16:09:55,,,
그린플러스,186230,KOSDAQ,3380,3360,1.2,36302,2026-06-09T16:09:55,,,
디티앤씨,187220,KOSDAQ,2600,2565,-2.99,14108,2026-06-09T16:09:55,,,
신화콘텍,187270,KOSDAQ,3315,3275,1.69,9114,2026-06-09T16:09:55,,,
HLB제넥스,187420,KOSDAQ,2200,2225,4.27,47522,2026-06-09T16:09:55,,,
페니트리움바이오,187660,KOSDAQ,6640,6270,6.24,489998,2026-06-09T16:09:55,,,
나노,187790,KOSDAQ,4955,4655,-0.8,616132,2026-06-09T16:09:55,,,
디바이스,187870,KOSDAQ,22500,22250,15.21,263723,2026-06-09T16:09:55,,,
바이오포트,188040,KOSDAQ,4420,4445,-3.91,17060,2026-06-09T16:09:55,,,
세니젠,188260,KOSDAQ,1620,1513,5.26,19873,2026-06-09T16:09:55,,,
인텔리안테크,189300,KOSDAQ,102000,98300,1.59,153849,2026-06-09T16:09:55,,,
씨이랩,189330,KOSDAQ,8990,8230,5.15,395789,2026-06-09T16:09:55,,,
포시에스,189690,KOSDAQ,1770,1680,2.67,47470,2026-06-09T16:09:55,,,
서전기전,189860,KOSDAQ,4895,4655,7.58,81874,2026-06-09T16:09:55,,,
흥국에프엔비,189980,KOSDAQ,1160,1183,2.11,77473,2026-06-09T16:09:55,,,
나무가,190510,KOSDAQ,16750,15860,13.79,298034,2026-06-09T16:09:55,AI 이미지 센서 생산능력 확대 투자,센서주 강세 시 매수,기술 대체 리스크
코리아에셋투자증권,190650,KOSDAQ,7000,6940,2.34,14960,2026-06-09T16:09:55,,,
육일씨엔에쓰,191410,KOSDAQ,1245,1298,2.64,226265,2026-06-09T16:09:55,,,
테고사이언스,191420,KOSDAQ,7640,7890,0.13,29166,2026-06-09T16:09:55,,,
케이사인,192250,KOSDAQ,8380,8110,3.58,31620,2026-06-09T16:09:55,,,
윈하이텍,192390,KOSDAQ,1778,1780,-0.61,24160,2026-06-09T16:09:55,,,
오늘이엔엠,192410,KOSDAQ,4705,4630,3.63,228270,2026-06-09T16:09:55,,,
슈피겐코리아,192440,KOSDAQ,29800,29100,2.76,6370,2026-06-09T16:09:55,,,
링크드,193250,KOSDAQ,1329,1310,1.92,20587,2026-06-09T16:09:55,,,
데브시스터즈,194480,KOSDAQ,14230,14060,1.79,71888,2026-06-09T16:09:55,,,
노바렉스,194700,KOSDAQ,14500,14520,3.94,92277,2026-06-09T16:09:55,,,
마니커에프앤지,195500,KOSDAQ,1823,1787,1.28,85101,2026-06-09T16:09:55,,,
HK이노엔,195940,KOSDAQ,41100,41450,5.38,202321,2026-06-09T16:09:55,,,
에이비프로바이오,195990,KOSDAQ,949,921,2.37,131690,2026-06-09T16:09:55,,,
알테오젠,196170,KOSDAQ,326500,315000,12.78,742097,2026-06-09T16:09:55,,,
HLB펩,196300,KOSDAQ,4850,4850,4.3,23633,2026-06-09T16:09:55,,,
코아시아씨엠,196450,KOSDAQ,998,950,2.36,159908,2026-06-09T16:09:55,,,
디에이테크놀로지,196490,KOSDAQ,6090,6090,0.0,0,2026-06-09T16:09:55,,,
웹스,196700,KOSDAQ,1220,1199,5.54,89441,2026-06-09T16:09:55,,,
디지캡,197140,KOSDAQ,1644,1600,-2.66,20152,2026-06-09T16:09:55,,,
캐프,198080,KOSDAQ,2680,2650,4.28,90906,2026-06-09T16:09:55,,,
강동씨앤엘,198440,KOSDAQ,988,1021,2.49,15961,2026-06-09T16:09:55,,,
한주라이트메탈,198940,KOSDAQ,2155,2005,5.12,677648,2026-06-09T16:09:55,,,
케이엔알시스템,199430,KOSDAQ,15170,14730,4.77,43861,2026-06-09T16:09:55,,,
뱅크웨어글로벌,199480,KOSDAQ,3430,3395,2.54,32828,2026-06-09T16:09:55,,,
레이저옵텍,199550,KOSDAQ,3575,3510,1.56,26891,2026-06-09T16:09:55,,,
바이오인프라,199730,KOSDAQ,2935,2935,1.56,26445,2026-06-09T16:09:55,,,
툴젠,199800,KOSDAQ,44400,44050,3.14,19814,2026-06-09T16:09:55,,,
제일일렉트릭,199820,KOSDAQ,9630,9250,6.17,325155,2026-06-09T16:09:55,,,
콜마비앤에이치,200130,KOSDAQ,9620,9580,4.34,122330,2026-06-09T16:09:55,,,
텔콘RF제약,200230,KOSDAQ,360,360,0.0,0,2026-06-09T16:09:55,,,
아티스트스튜디오,200350,KOSDAQ,3015,2960,-1.15,43532,2026-06-09T16:09:55,,,
에이팩트,200470,KOSDAQ,9880,9140,19.76,3670841,2026-06-09T16:09:55,,,
휴메딕스,200670,KOSDAQ,26200,26300,7.38,38547,2026-06-09T16:09:55,,,
에이디테크놀로지,200710,KOSDAQ,36600,34700,15.09,275565,2026-06-09T16:09:55,,,
비씨월드제약,200780,KOSDAQ,3635,3480,3.56,23696,2026-06-09T16:09:55,,,
미투온,201490,KOSDAQ,2275,2240,6.31,348382,2026-06-09T16:09:55,,,
에이비온,203400,KOSDAQ,1340,1250,8.5,8908198,2026-06-09T16:09:55,,,
유니온바이오메트릭스,203450,KOSDAQ,2560,2505,0.2,30423,2026-06-09T16:09:55,,,
드림시큐리티,203650,KOSDAQ,3135,2960,3.98,2349036,2026-06-09T16:09:55,,,
아크솔루션스,203690,KOSDAQ,4425,4425,0.0,0,2026-06-09T16:09:55,,,
그리티,204020,KOSDAQ,1953,1930,3.28,21755,2026-06-09T16:09:55,,,
제이앤티씨,204270,KOSDAQ,16520,15580,1.85,178590,2026-06-09T16:09:55,,,
티쓰리,204610,KOSDAQ,2520,2520,2.86,268599,2026-06-09T16:09:55,,,
글로벌텍스프리,204620,KOSDAQ,4810,4655,6.18,778185,2026-06-09T16:09:55,,,
지엘팜텍,204840,KOSDAQ,906,900,2.37,164795,2026-06-09T16:09:55,,,
엑셈,205100,KOSDAQ,1745,1729,6.53,605776,2026-06-09T16:09:55,,,
휴마시스,205470,KOSDAQ,2825,2675,4.44,138549,2026-06-09T16:09:55,,,
넥써쓰,205500,KOSDAQ,1996,1905,3.69,467637,2026-06-09T16:09:55,,,
베노티앤알,206400,KOSDAQ,990,999,8.79,57510,2026-06-09T16:09:55,,,
덱스터,206560,KOSDAQ,1427,1440,3.78,98558,2026-06-09T16:09:55,,,
바디텍메드,206640,KOSDAQ,10510,10400,3.85,39937,2026-06-09T16:09:55,,,
유바이오로직스,206650,KOSDAQ,9300,9150,3.45,170737,2026-06-09T16:09:55,,,
미스터블루,207760,KOSDAQ,607,603,4.3,218236,2026-06-09T16:09:55,,,
정다운,208140,KOSDAQ,2235,2205,2.05,59254,2026-06-09T16:09:55,,,
지란지교시큐리티,208350,KOSDAQ,2780,2745,2.21,37309,2026-06-09T16:09:55,,,
셀바스헬스케어,208370,KOSDAQ,3090,3085,3.87,123449,2026-06-09T16:09:55,,,
썸에이지,208640,KOSDAQ,121,121,0.0,0,2026-06-09T16:09:55,,,
포톤,208710,KOSDAQ,2705,2420,-0.37,906413,2026-06-09T16:09:55,,,
다산디엠씨,208860,KOSDAQ,952,955,4.62,59726,2026-06-09T16:09:55,,,
와이제이링크,209640,KOSDAQ,5450,5190,6.03,441975,2026-06-09T16:09:55,,,
캔버스엔,210120,KOSDAQ,930,930,-29.06,3852343,2026-06-09T16:09:55,,,
인카금융서비스,211050,KOSDAQ,9330,9310,5.42,204191,2026-06-09T16:09:55,,,
AP위성,211270,KOSDAQ,12190,11850,3.66,135226,2026-06-09T16:09:55,,,
네오오토,212560,KOSDAQ,10140,9780,-0.69,217753,2026-06-09T16:09:55,,,
아이에스티이,212710,KOSDAQ,9430,8870,2.72,173883,2026-06-09T16:09:55,,,
덕산네오룩스,213420,KOSDAQ,33300,34400,5.05,185031,2026-06-09T16:09:55,,,
클래시스,214150,KOSDAQ,44500,43300,5.95,531057,2026-06-09T16:09:55,,,
헥토이노베이션,214180,KOSDAQ,15070,15010,5.31,50664,2026-06-09T16:09:55,,,
라파스,214260,KOSDAQ,7500,7080,11.61,50016,2026-06-09T16:09:55,,,
FSN,214270,KOSDAQ,1293,1328,-2.71,92747,2026-06-09T16:09:55,,,
케어젠,214370,KOSDAQ,74500,72600,9.24,128736,2026-06-09T16:09:55,,,
아이쓰리시스템,214430,KOSDAQ,64800,65700,3.51,35287,2026-06-09T16:09:55,,,
파마리서치,214450,KOSDAQ,276000,281500,6.56,94460,2026-06-09T16:09:55,,,
롤링스톤,214610,KOSDAQ,2290,2290,0.0,0,2026-06-09T16:09:55,,,
디알텍,214680,KOSDAQ,1255,1310,1.21,238059,2026-06-09T16:09:55,,,
골프존,215000,KOSDAQ,44550,44000,4.09,44333,2026-06-09T16:09:55,,,
솔디펜스,215090,KOSDAQ,1617,1634,1.89,84628,2026-06-09T16:09:55,,,
로보로보,215100,KOSDAQ,5230,5040,3.36,181186,2026-06-09T16:09:55,,,
메가스터디교육,215200,KOSDAQ,38850,38100,6.44,105158,2026-06-09T16:09:55,,,
우리산업,215360,KOSDAQ,7000,6990,-0.43,31766,2026-06-09T16:09:55,,,
우정바이오,215380,KOSDAQ,2465,2495,0.0,62175,2026-06-09T16:09:55,,,
토박스코리아,215480,KOSDAQ,2085,2040,-5.01,36865,2026-06-09T16:09:55,,,
신라젠,215600,KOSDAQ,2530,2430,4.55,617019,2026-06-09T16:09:55,,,
이노인스트루먼트,215790,KOSDAQ,1584,1504,14.53,19309153,2026-06-09T16:09:55,,,
인크로스,216050,KOSDAQ,5480,5440,2.81,37241,2026-06-09T16:09:55,,,
제테마,216080,KOSDAQ,4825,4695,0.52,113843,2026-06-09T16:09:55,,,
제너셈,217190,KOSDAQ,5490,5340,10.91,246226,2026-06-09T16:09:55,,,
넵튠,217270,KOSDAQ,2820,2760,1.81,56972,2026-06-09T16:09:55,,,
싸이토젠,217330,KOSDAQ,4025,4010,1.64,106428,2026-06-09T16:09:55,,,
에스디생명공학,217480,KOSDAQ,499,499,0.0,0,2026-06-09T16:09:55,,,
러셀,217500,KOSDAQ,1849,1828,2.1,308223,2026-06-09T16:09:55,,,
강스템바이오텍,217730,KOSDAQ,2460,2470,1.03,491075,2026-06-09T16:09:55,,,
원익피앤이,217820,KOSDAQ,2130,2055,3.9,203301,2026-06-09T16:09:55,,,
미래생명자원,218150,KOSDAQ,2020,1969,2.02,42723,2026-06-09T16:09:55,,,
RFHIC,218410,KOSDAQ,77600,72800,2.51,346657,2026-06-09T16:09:55,,,
타이거일렉,219130,KOSDAQ,63400,63100,29.92,314514,2026-06-09T16:09:55,,,
링크제니시스,219420,KOSDAQ,4320,4160,9.23,60748,2026-06-09T16:09:55,,,
디와이디,219550,KOSDAQ,1371,1361,0.0,61005,2026-06-09T16:09:55,,,
한국비티비,219750,KOSDAQ,571,571,0.0,0,2026-06-09T16:09:55,,,
퓨쳐켐,220100,KOSDAQ,11450,11440,5.34,76279,2026-06-09T16:09:55,,,
핸디소프트,220180,KOSDAQ,1611,1668,4.61,101595,2026-06-09T16:09:55,,,
켐트로스,220260,KOSDAQ,4395,4280,8.79,231160,2026-06-09T16:09:55,,,
지구홀딩스,221800,KOSDAQ,8790,8430,2.45,58890,2026-06-09T16:09:55,,,
하이즈항공,221840,KOSDAQ,2055,2035,1.48,42454,2026-06-09T16:09:55,,,
케이디켐,221980,KOSDAQ,9950,9890,0.91,1044,2026-06-09T16:09:55,,,
코스맥스엔비티,222040,KOSDAQ,6610,6680,4.42,151543,2026-06-09T16:09:55,,,
씨아이에스,222080,KOSDAQ,10280,10200,5.22,1277101,2026-06-09T16:09:55,,,
팬젠,222110,KOSDAQ,4710,4510,3.18,6838,2026-06-09T16:09:55,,,
NPX,222160,KOSDAQ,8040,8040,0.0,0,2026-06-09T16:09:55,,,
쎄노텍,222420,KOSDAQ,1172,1123,4.64,249372,2026-06-09T16:09:55,,,
심텍,222800,KOSDAQ,115100,109500,15.1,935079,2026-06-09T16:09:55,,,
한국맥널티,222980,KOSDAQ,1799,1863,0.5,24495,2026-06-09T16:09:55,,,
드림씨아이에스,223250,KOSDAQ,3955,3895,6.46,158117,2026-06-09T16:09:55,,,
사토시홀딩스,223310,KOSDAQ,5240,4550,3.76,49873,2026-06-09T16:09:55,,,
더코디,224060,KOSDAQ,3640,3360,-0.55,29216,2026-06-09T16:09:55,,,
에이텍모빌리티,224110,KOSDAQ,7950,7750,1.4,19650,2026-06-09T16:09:55,,,
LK삼양,225190,KOSDAQ,1407,1364,3.91,340470,2026-06-09T16:09:55,,,
제놀루션,225220,KOSDAQ,1489,1457,-0.4,52262,2026-06-09T16:09:55,,,
케이엠제약,225430,KOSDAQ,2150,2135,6.44,115398,2026-06-09T16:09:55,,,
HC보광산업,225530,KOSDAQ,2250,2250,-3.02,52108,2026-06-09T16:09:55,,,
넥슨게임즈,225570,KOSDAQ,9690,9350,0.31,155332,2026-06-09T16:09:55,,,
패션플랫폼,225590,KOSDAQ,4000,4070,1.78,9858,2026-06-09T16:09:55,,,
신테카바이오,226330,KOSDAQ,1950,1890,7.68,108247,2026-06-09T16:09:55,,,
본느,226340,KOSDAQ,2310,2380,14.07,114283,2026-06-09T16:09:55,,,
오스테오닉,226400,KOSDAQ,4505,4450,7.39,209137,2026-06-09T16:09:55,,,
엠디바이스,226590,KOSDAQ,14700,14240,8.81,81286,2026-06-09T16:09:55,,,
올릭스,226950,KOSDAQ,131700,123200,7.6,278056,2026-06-09T16:09:55,,,
프로브잇,227100,KOSDAQ,612,612,0.0,0,2026-06-09T16:09:55,,,
아우딘퓨쳐스,227610,KOSDAQ,981,988,2.19,54641,2026-06-09T16:09:55,,,
엔투텍,227950,KOSDAQ,1217,1126,1.08,151176,2026-06-09T16:09:55,,,
동양파일,228340,KOSDAQ,1734,1738,1.46,14426,2026-06-09T16:09:55,,,
레이,228670,KOSDAQ,4545,4700,2.6,75734,2026-06-09T16:09:55,,,
지노믹트리,228760,KOSDAQ,11800,12090,6.12,79531,2026-06-09T16:09:55,,,
레이언스,228850,KOSDAQ,6660,6990,6.05,47275,2026-06-09T16:09:55,,,
젠큐릭스,229000,KOSDAQ,2215,2120,1.14,301735,2026-06-09T16:09:55,,,
에치에프알,230240,KOSDAQ,25350,23050,0.0,343859,2026-06-09T16:09:55,,,
에코마케팅,230360,KOSDAQ,16000,16000,-0.06,65669,2026-06-09T16:09:55,,,
와이씨,232140,KOSDAQ,14550,14260,11.07,1108210,2026-06-09T16:09:55,,,
라온로보틱스,232680,KOSDAQ,14300,13550,7.68,289029,2026-06-09T16:09:55,,,
아이티센피엔에스,232830,KOSDAQ,2715,2545,5.85,55318,2026-06-09T16:09:55,,,
싸이닉솔루션,234030,KOSDAQ,4440,4350,8.03,160116,2026-06-09T16:09:55,,,
폴라리스세원,234100,KOSDAQ,2955,2850,2.25,33292,2026-06-09T16:09:55,,,
에스트래픽,234300,KOSDAQ,2860,2885,2.14,39756,2026-06-09T16:09:55,,,
헥토파이낸셜,234340,KOSDAQ,22950,22600,4.08,167075,2026-06-09T16:09:55,,,
녹십자웰빙,234690,KOSDAQ,8010,7850,0.38,115375,2026-06-09T16:09:55,,,
자이글,234920,KOSDAQ,5310,5310,0.0,0,2026-06-09T16:09:55,,,
메드팩토,235980,KOSDAQ,3345,3330,7.04,169358,2026-06-09T16:09:55,,,
슈프리마,236200,KOSDAQ,42100,42000,4.99,18243,2026-06-09T16:09:55,,,
엔비티,236810,KOSDAQ,1262,1280,7.22,49804,2026-06-09T16:09:55,,,
에스티팜,237690,KOSDAQ,118100,117800,7.85,141866,2026-06-09T16:09:55,,,
피앤씨테크,237750,KOSDAQ,4050,4060,0.0,19545,2026-06-09T16:09:55,,,
플레이디,237820,KOSDAQ,3085,3085,2.32,25388,2026-06-09T16:09:55,,,
클리오,237880,KOSDAQ,10210,10390,1.49,34814,2026-06-09T16:09:55,,,
앤디포스,238090,KOSDAQ,2425,2425,9.73,99420,2026-06-09T16:09:55,,,
얼라인드,238120,KOSDAQ,3220,3170,0.47,39391,2026-06-09T16:09:55,,,
비피도,238200,KOSDAQ,2215,2260,0.0,22800,2026-06-09T16:09:55,,,
힘스,238490,KOSDAQ,2445,2560,-3.93,29585,2026-06-09T16:09:55,,,
이스트에이드,239340,KOSDAQ,822,825,2.62,79174,2026-06-09T16:09:55,,,
에이치엘사이언스,239610,KOSDAQ,5940,5750,9.39,3258,2026-06-09T16:09:55,,,
피엔에이치테크,239890,KOSDAQ,3800,3690,9.51,58519,2026-06-09T16:09:55,,,
동방메디컬,240550,KOSDAQ,6100,5880,5.9,85366,2026-06-09T16:09:55,,,
유진테크놀로지,240600,KOSDAQ,2140,2085,0.23,18968,2026-06-09T16:09:55,,,
원익IPS,240810,KOSDAQ,119100,116700,13.54,1504096,2026-06-09T16:09:55,,,
DSC인베스트먼트,241520,KOSDAQ,11590,10700,6.72,382523,2026-06-09T16:09:55,,,
유니테크노,241690,KOSDAQ,2800,2765,4.09,85642,2026-06-09T16:09:55,,,
코스메카코리아,241710,KOSDAQ,69200,70000,3.13,55512,2026-06-09T16:09:55,,,
메카로,241770,KOSDAQ,37500,37700,8.7,19305,2026-06-09T16:09:55,,,
티이엠씨씨엔에스,241790,KOSDAQ,5740,5580,6.3,28973,2026-06-09T16:09:55,,,
피씨엘,241820,KOSDAQ,6040,6040,0.0,0,2026-06-09T16:09:55,,,
에이스토리,241840,KOSDAQ,2875,2950,4.36,54554,2026-06-09T16:09:55,,,
나무기술,242040,KOSDAQ,8410,7740,0.12,4434715,2026-06-09T16:09:55,,,
휴온스,243070,KOSDAQ,30550,28600,13.78,82045,2026-06-09T16:09:55,,,
신흥에스이씨,243840,KOSDAQ,5890,5820,1.55,435374,2026-06-09T16:09:55,,,
올리패스,244460,KOSDAQ,1651,1651,0.0,0,2026-06-09T16:09:55,,,
EDGC,245620,KOSDAQ,415,415,0.0,0,2026-06-09T16:09:55,,,
에스엘에스바이오,246250,KOSDAQ,1969,1969,0.0,0,2026-06-09T16:09:55,,,
TS인베스트먼트,246690,KOSDAQ,1317,1317,0.0,0,2026-06-09T16:09:55,,,
티앤알바이오팹,246710,KOSDAQ,2045,2020,3.02,148750,2026-06-09T16:09:55,,,
아스타,246720,KOSDAQ,6070,6070,0.0,0,2026-06-09T16:09:55,,,
SCL사이언스,246960,KOSDAQ,1760,1780,3.17,73508,2026-06-09T16:09:55,,,
에코프로비엠,247540,KOSDAQ,167600,164500,4.95,663769,2026-06-09T16:09:55,,,
나노씨엠에스,247660,KOSDAQ,3695,3535,-2.25,21034,2026-06-09T16:09:55,,,
보라티알,250000,KOSDAQ,6200,6170,-0.64,6343,2026-06-09T16:09:55,,,
모비스,250060,KOSDAQ,3235,3140,5.72,227993,2026-06-09T16:09:55,,,
예선테크,250930,KOSDAQ,400,396,-3.38,121016,2026-06-09T16:09:55,,,
바이오에프디엔씨,251120,KOSDAQ,9420,9140,8.15,22190,2026-06-09T16:09:55,,,
와이엠티,251370,KOSDAQ,13480,12460,9.77,149166,2026-06-09T16:09:55,,,
브이원텍,251630,KOSDAQ,4200,4100,4.35,36184,2026-06-09T16:09:55,,,
펌텍코리아,251970,KOSDAQ,33950,33500,1.95,47372,2026-06-09T16:09:55,,,
세화피앤씨,252500,KOSDAQ,639,679,4.75,42740,2026-06-09T16:09:55,,,
샘씨엔에스,252990,KOSDAQ,13560,12770,19.16,1273466,2026-06-09T16:09:55,,,
스튜디오드래곤,253450,KOSDAQ,23750,23800,0.64,105841,2026-06-09T16:09:55,,,
네오셈,253590,KOSDAQ,13030,12400,9.87,611495,2026-06-09T16:09:55,,,
수젠텍,253840,KOSDAQ,4950,4865,4.32,195856,2026-06-09T16:09:55,,,
자비스,254120,KOSDAQ,1001,963,5.37,178999,2026-06-09T16:09:55,,,
미래반도체,254490,KOSDAQ,24300,23350,9.21,244018,2026-06-09T16:09:55,,,
SG,255220,KOSDAQ,1870,1883,1.63,850009,2026-06-09T16:09:55,,,
야스,255440,KOSDAQ,8240,8210,3.13,36798,2026-06-09T16:09:55,,,
한독크린텍,256150,KOSDAQ,4735,4725,0.42,17914,2026-06-09T16:09:55,,,
포인트엔지니어링,256630,KOSDAQ,4445,4400,-1.0,1573,2026-06-09T16:09:55,,,
한국비엔씨,256840,KOSDAQ,2940,2840,7.3,1801926,2026-06-09T16:09:55,,,
킵스파마,256940,KOSDAQ,6120,6260,3.03,55549,2026-06-09T16:09:55,,,
피엔티엠에스,257370,KOSDAQ,2420,2225,10.0,23364,2026-06-09T16:09:55,,,
실리콘투,257720,KOSDAQ,33300,34500,0.91,651065,2026-06-09T16:09:55,,,
케일럼,258610,KOSDAQ,988,1026,-1.79,83755,2026-06-09T16:09:55,,,
소프트캠프,258790,KOSDAQ,4710,4180,3.4,39402,2026-06-09T16:09:55,,,
세종메디칼,258830,KOSDAQ,412,412,0.0,0,2026-06-09T16:09:55,,,
엠플러스,259630,KOSDAQ,11840,11540,4.13,109913,2026-06-09T16:09:55,,,
알리코제약,260660,KOSDAQ,2495,2505,-0.4,43128,2026-06-09T16:09:55,,,
씨티케이,260930,KOSDAQ,2570,2700,2.39,48029,2026-06-09T16:09:55,,,
에스앤디,260970,KOSDAQ,47900,48150,4.13,66563,2026-06-09T16:09:55,,,
덴티스,261200,KOSDAQ,2765,2555,9.72,39670,2026-06-09T16:09:55,,,
이지스,261520,KOSDAQ,4675,4670,7.35,28596,2026-06-09T16:09:55,,,
아리바이오랩,261780,KOSDAQ,2605,2495,7.42,613936,2026-06-09T16:09:55,,,
에이프로,262260,KOSDAQ,5700,5910,8.16,310285,2026-06-09T16:09:55,,,
아이퀘스트,262840,KOSDAQ,3015,2970,-1.47,30518,2026-06-09T16:09:55,,,
디케이앤디,263020,KOSDAQ,3295,3265,4.6,222289,2026-06-09T16:09:55,,,
유틸렉스,263050,KOSDAQ,959,959,0.0,0,2026-06-09T16:09:55,,,
덕우전자,263600,KOSDAQ,4265,4150,6.09,51990,2026-06-09T16:09:55,,,
디알젬,263690,KOSDAQ,4905,4900,0.31,37428,2026-06-09T16:09:55,,,
케어랩스,263700,KOSDAQ,1845,1805,2.79,39719,2026-06-09T16:09:55,,,
디앤씨미디어,263720,KOSDAQ,9000,9280,5.26,16014,2026-06-09T16:09:55,,,
펄어비스,263750,KOSDAQ,38600,40100,0.26,559051,2026-06-09T16:09:55,,,
유에스티,263770,KOSDAQ,1672,1694,1.15,32131,2026-06-09T16:09:55,,,
데이타솔루션,263800,KOSDAQ,4420,4280,1.84,89511,2026-06-09T16:09:55,,,
상신전자,263810,KOSDAQ,2570,2590,0.0,53147,2026-06-09T16:09:55,,,
지니언스,263860,KOSDAQ,14080,13780,3.38,29805,2026-06-09T16:09:55,,,
휴엠앤씨,263920,KOSDAQ,2850,2845,1.06,10389,2026-06-09T16:09:55,,,
유비쿼스,264450,KOSDAQ,11800,11230,2.88,90488,2026-06-09T16:09:55,,,
씨앤지하이테크,264660,KOSDAQ,14670,14050,12.24,92901,2026-06-09T16:09:55,,,
이랜시스,264850,KOSDAQ,5500,5260,3.38,404979,2026-06-09T16:09:55,,,
AP시스템,265520,KOSDAQ,23050,22250,11.35,120015,2026-06-09T16:09:55,,,
영화테크,265560,KOSDAQ,7220,7300,4.34,21139,2026-06-09T16:09:55,,,
엔에프씨,265740,KOSDAQ,5110,5140,5.14,89518,2026-06-09T16:09:55,,,
나인테크,267320,KOSDAQ,2635,2530,2.93,670958,2026-06-09T16:09:55,,,
배럴,267790,KOSDAQ,2995,3090,2.92,6820,2026-06-09T16:09:55,,,
매일유업,267980,KOSDAQ,32800,32850,1.55,9920,2026-06-09T16:09:55,,,
시스웍,269620,KOSDAQ,889,889,0.0,0,2026-06-09T16:09:55,,,
앱튼,270520,KOSDAQ,981,955,4.36,111966,2026-06-09T16:09:55,,,
에브리봇,270660,KOSDAQ,12720,12430,3.41,30893,2026-06-09T16:09:55,,,
뉴트리,270870,KOSDAQ,3695,3615,15.47,27136,2026-06-09T16:09:55,,,
팸텍,271830,KOSDAQ,2130,2250,-21.4,14519226,2026-06-09T16:09:55,,,
케이엔제이,272110,KOSDAQ,33350,32400,11.73,150124,2026-06-09T16:09:55,,,
이녹스첨단소재,272290,KOSDAQ,27350,26450,6.01,148616,2026-06-09T16:09:55,,,
와이즈버즈,273060,KOSDAQ,1101,1077,6.58,207108,2026-06-09T16:09:55,,,
와이엠텍,273640,KOSDAQ,6730,6570,2.59,70211,2026-06-09T16:09:55,,,
켄코아에어로스페이스,274090,KOSDAQ,22300,22500,9.85,530996,2026-06-09T16:09:55,,,
이노시뮬레이션,274400,KOSDAQ,2890,2705,5.09,17309,2026-06-09T16:09:55,,,
에스에스알,275630,KOSDAQ,3745,3755,3.74,15531,2026-06-09T16:09:55,,,
스코넥,276040,KOSDAQ,327,327,0.0,0,2026-06-09T16:09:55,,,
한울앤제주,276730,KOSDAQ,12500,13300,-0.08,12794,2026-06-09T16:09:55,,,
린드먼아시아,277070,KOSDAQ,3545,3500,2.16,3760,2026-06-09T16:09:55,,,
인산가,277410,KOSDAQ,835,824,-0.48,28704,2026-06-09T16:09:55,,,
레인보우로보틱스,277810,KOSDAQ,623000,598000,2.13,123696,2026-06-09T16:09:55,,,
티에스아이,277880,KOSDAQ,3800,3790,6.74,66411,2026-06-09T16:09:55,,,
천보,278280,KOSDAQ,39750,39650,5.02,72103,2026-06-09T16:09:55,,,
HLB바이오스텝,278650,KOSDAQ,2975,2985,1.88,47213,2026-06-09T16:09:55,,,
미디어젠,279600,KOSDAQ,3900,3695,-2.38,4287,2026-06-09T16:09:55,,,
레이크머티리얼즈,281740,KOSDAQ,15520,15320,3.54,479615,2026-06-09T16:09:55,,,
금양그린파워,282720,KOSDAQ,7800,7910,2.23,44575,2026-06-09T16:09:55,,,
코윈테크,282880,KOSDAQ,12690,12190,10.73,46608,2026-06-09T16:09:55,,,
카이노스메드,284620,KOSDAQ,1087,1087,0.0,0,2026-06-09T16:09:55,,,
노바텍,285490,KOSDAQ,13810,13680,3.91,71985,2026-06-09T16:09:55,,,
진영,285800,KOSDAQ,1090,1092,0.93,58793,2026-06-09T16:09:55,,,
나노실리칸첨단소재,286750,KOSDAQ,1389,1345,5.31,45341,2026-06-09T16:09:55,,,
인투셀,287840,KOSDAQ,24200,23700,9.5,101699,2026-06-09T16:09:55,,,
케이피항공산업,288180,KOSDAQ,11600,10360,-7.2,348193,2026-06-09T16:09:55,,,
파라택시스코리아,288330,KOSDAQ,416,416,0.0,0,2026-06-09T16:09:55,,,
에스프리즘,288620,KOSDAQ,7170,6860,-6.03,44953,2026-06-09T16:09:55,,,
모아데이타,288980,KOSDAQ,1000,930,1.11,261325,2026-06-09T16:09:55,,,
아이스크림에듀,289010,KOSDAQ,1218,1220,0.83,64811,2026-06-09T16:09:55,,,
SV인베스트먼트,289080,KOSDAQ,2425,2335,7.06,525424,2026-06-09T16:09:55,,,
자이언트스텝,289220,KOSDAQ,1701,1695,4.61,42888,2026-06-09T16:09:55,,,
웨이비스,289930,KOSDAQ,10590,10470,6.22,225263,2026-06-09T16:09:55,,,
트윔,290090,KOSDAQ,4955,4955,-0.1,4584,2026-06-09T16:09:55,,,
DH오토리드,290120,KOSDAQ,2650,2535,1.73,16871,2026-06-09T16:09:55,,,
휴네시온,290270,KOSDAQ,2810,2695,3.12,60797,2026-06-09T16:09:55,,,
신도기연,290520,KOSDAQ,1768,1770,4.8,27337,2026-06-09T16:09:55,,,
디케이티,290550,KOSDAQ,20700,21250,-0.96,490570,2026-06-09T16:09:55,,,
파라택시스이더리움,290560,KOSDAQ,1080,1040,4.35,42472,2026-06-09T16:09:55,,,
엘앤씨바이오,290650,KOSDAQ,77500,74600,-6.85,439378,2026-06-09T16:09:55,,,
다이나믹솔루션,290660,KOSDAQ,939,939,0.0,0,2026-06-09T16:09:55,,,
대보마그네틱,290670,KOSDAQ,6180,6260,2.66,22743,2026-06-09T16:09:55,,,
소룩스,290690,KOSDAQ,4510,4460,5.87,1055007,2026-06-09T16:09:55,,,
푸드나무,290720,KOSDAQ,2780,2705,16.32,79827,2026-06-09T16:09:55,,,
액트로,290740,KOSDAQ,11840,11450,8.23,45925,2026-06-09T16:09:55,,,
엔피,291230,KOSDAQ,575,724,-11.13,2425694,2026-06-09T16:09:55,,,
압타머사이언스,291650,KOSDAQ,823,850,-3.52,65454,2026-06-09T16:09:55,,,
핀텔,291810,KOSDAQ,1594,1650,-12.75,10156772,2026-06-09T16:09:55,,,
카카오게임즈,293490,KOSDAQ,8620,8510,-2.49,337713,2026-06-09T16:09:55,,,
나우IB,293580,KOSDAQ,1633,1538,4.15,1087573,2026-06-09T16:09:55,,,
압타바이오,293780,KOSDAQ,5110,5050,4.93,71810,2026-06-09T16:09:55,,,
이오플로우,294090,KOSDAQ,1490,1490,0.0,0,2026-06-09T16:09:55,,,
레몬,294140,KOSDAQ,2410,2450,16.43,65867,2026-06-09T16:09:55,,,
쿠콘,294570,KOSDAQ,21600,21500,5.37,17446,2026-06-09T16:09:55,,,
서남,294630,KOSDAQ,2955,2910,2.78,160625,2026-06-09T16:09:55,,,
에이치브이엠,295310,KOSDAQ,98400,101400,3.69,203084,2026-06-09T16:09:55,,,
이노에이엑스,296640,KOSDAQ,5760,5820,2.49,6306,2026-06-09T16:09:55,,,
씨에스베어링,297090,KOSDAQ,4160,4335,0.6,155132,2026-06-09T16:09:55,,,
알로이스,297570,KOSDAQ,1300,1245,9.43,2891298,2026-06-09T16:09:55,,,
HB솔루션,297890,KOSDAQ,1800,1740,5.45,397643,2026-06-09T16:09:55,,,
풍전약품,298060,KOSDAQ,2710,3000,4.23,138767,2026-06-09T16:09:55,,,
에이비엘바이오,298380,KOSDAQ,92400,90200,4.29,574281,2026-06-09T16:09:55,,,
더네이쳐홀딩스,298540,KOSDAQ,5940,5930,0.17,38867,2026-06-09T16:09:55,,,
슈어소프트테크,298830,KOSDAQ,5000,4975,3.09,542024,2026-06-09T16:09:55,,,
하나기술,299030,KOSDAQ,17130,17950,6.4,25856,2026-06-09T16:09:55,,,
더블유에스아이,299170,KOSDAQ,1519,1600,1.95,268802,2026-06-09T16:09:55,,,
셀리드,299660,KOSDAQ,2490,2390,-2.16,289161,2026-06-09T16:09:55,,,
위지윅스튜디오,299900,KOSDAQ,294,316,-1.01,1082070,2026-06-09T16:09:55,,,
플리토,300080,KOSDAQ,7810,7630,4.27,67895,2026-06-09T16:09:55,,,
라온피플,300120,KOSDAQ,586,589,3.35,172709,2026-06-09T16:09:55,,,
바이브컴퍼니,301300,KOSDAQ,1709,1597,6.81,26663,2026-06-09T16:09:55,,,
이노메트리,302430,KOSDAQ,7600,7330,7.34,49928,2026-06-09T16:09:55,,,
리메드,302550,KOSDAQ,2790,2825,4.89,42719,2026-06-09T16:09:55,,,
지니틱스,303030,KOSDAQ,1959,1901,-2.54,25238,2026-06-09T16:09:55,,,
프로티아,303360,KOSDAQ,4050,4115,2.4,4349,2026-06-09T16:09:55,,,
이노뎁,303530,KOSDAQ,3330,3285,6.05,18251,2026-06-09T16:09:55,,,
동국생명과학,303810,KOSDAQ,2785,2695,4.31,51025,2026-06-09T16:09:55,,,
솔트룩스,304100,KOSDAQ,16500,15870,6.93,121413,2026-06-09T16:09:55,,,
에스바이오메딕스,304360,KOSDAQ,29000,30750,11.75,61886,2026-06-09T16:09:55,,,
피플바이오,304840,KOSDAQ,990,952,0.61,62819,2026-06-09T16:09:55,,,
마이크로디지탈,305090,KOSDAQ,2535,2500,-1.17,132202,2026-06-09T16:09:55,,,
에스제이그룹,306040,KOSDAQ,2180,2265,-2.46,179729,2026-06-09T16:09:55,,,
지아이에스,306620,KOSDAQ,2590,2400,9.28,623453,2026-06-09T16:09:55,,,
아이엘,307180,KOSDAQ,7230,6570,4.93,878404,2026-06-09T16:09:55,,,
원바이오젠,307280,KOSDAQ,6250,6060,8.7,16678,2026-06-09T16:09:55,,,
국전,307750,KOSDAQ,2410,2315,4.1,183135,2026-06-09T16:09:55,,,
비투엔,307870,KOSDAQ,995,1009,-5.78,440486,2026-06-09T16:09:55,,,
컴퍼니케이,307930,KOSDAQ,7770,7410,-2.26,383156,2026-06-09T16:09:55,,,
바이젠셀,308080,KOSDAQ,9830,9310,-1.7,269079,2026-06-09T16:09:55,,,
형지글로벌,308100,KOSDAQ,584,591,3.36,173324,2026-06-09T16:09:55,,,
셀비온,308430,KOSDAQ,17930,17680,2.46,62804,2026-06-09T16:09:55,,,
아이티켐,309710,KOSDAQ,21000,21000,0.0,0,2026-06-09T16:09:55,,,
조이웍스앤코,309930,KOSDAQ,1581,1557,0.0,54377,2026-06-09T16:09:55,,,
LB인베스트먼트,309960,KOSDAQ,4460,4450,5.06,60861,2026-06-09T16:09:55,,,
애니플러스,310200,KOSDAQ,2200,2180,2.09,168484,2026-06-09T16:09:55,,,
보로노이,310210,KOSDAQ,186500,198000,3.04,183803,2026-06-09T16:09:55,,,
디와이씨,310870,KOSDAQ,1256,1217,4.67,164833,2026-06-09T16:09:55,,,
지오엘리먼트,311320,KOSDAQ,6840,6860,7.55,53233,2026-06-09T16:09:55,,,
네오크레마,311390,KOSDAQ,3040,2990,4.83,10049,2026-06-09T16:09:55,,,
CJ 바이오사이언스,311690,KOSDAQ,4675,4630,5.29,16807,2026-06-09T16:09:55,,,
에이에프더블류,312610,KOSDAQ,723,612,1.69,52997,2026-06-09T16:09:55,,,
캐리,313760,KOSDAQ,468,468,0.0,0,2026-06-09T16:09:55,,,
지놈앤컴퍼니,314130,KOSDAQ,5950,5810,22.81,1050749,2026-06-09T16:09:55,생명공학 AI 신약 개발 임상 진입,바이오주 강세 시 매수,임상 실패 리스크
알피바이오,314140,KOSDAQ,5230,5140,0.0,3593,2026-06-09T16:09:55,,,
바이오다인,314930,KOSDAQ,10840,10150,11.75,164959,2026-06-09T16:09:55,,,
딥노이드,315640,KOSDAQ,2200,2175,1.15,145810,2026-06-09T16:09:55,,,
라닉스,317120,KOSDAQ,1687,1606,3.12,78568,2026-06-09T16:09:55,,,
TS트릴리온,317240,KOSDAQ,891,882,2.18,402038,2026-06-09T16:09:55,,,
덕산테코피아,317330,KOSDAQ,15130,14770,8.54,101498,2026-06-09T16:09:55,,,
에피소드컴퍼니,317530,KOSDAQ,2945,3000,-2.0,17405,2026-06-09T16:09:55,,,
퀀타매트릭스,317690,KOSDAQ,2840,2765,4.6,58780,2026-06-09T16:09:55,,,
엑스페릭스,317770,KOSDAQ,2700,2530,4.05,250616,2026-06-09T16:09:55,,,
에스피시스템스,317830,KOSDAQ,6420,6260,2.07,103486,2026-06-09T16:09:55,,,
대모,317850,KOSDAQ,6830,6720,5.89,36850,2026-06-09T16:09:55,,,
엔바이오니아,317870,KOSDAQ,5320,5180,-0.37,9135,2026-06-09T16:09:55,,,
KBG,318000,KOSDAQ,3245,3200,6.57,18515,2026-06-09T16:09:55,,,
팜스빌,318010,KOSDAQ,3400,3475,1.34,1479,2026-06-09T16:09:55,,,
포인트모바일,318020,KOSDAQ,2390,2380,1.7,13262,2026-06-09T16:09:55,,,
그래피,318060,KOSDAQ,22800,21850,7.8,157649,2026-06-09T16:09:55,,,
셀바이오휴먼텍,318160,KOSDAQ,5470,5580,8.96,19034,2026-06-09T16:09:55,,,
비비씨,318410,KOSDAQ,5910,5860,-3.59,52630,2026-06-09T16:09:55,,,
현대무벡스,319400,KOSDAQ,34800,35400,5.3,1353633,2026-06-09T16:09:55,,,
피에스케이,319660,KOSDAQ,138200,145800,24.28,1129599,2026-06-09T16:09:55,,,
한울반도체,320000,KOSDAQ,11720,11140,3.81,179526,2026-06-09T16:09:55,,,
프로이천,321260,KOSDAQ,2820,2515,5.42,757100,2026-06-09T16:09:55,,,
센서뷰,321370,KOSDAQ,2860,2675,-0.69,1618336,2026-06-09T16:09:55,,,
티움바이오,321550,KOSDAQ,5590,5630,4.68,202669,2026-06-09T16:09:55,,,
아티스트컴퍼니,321820,KOSDAQ,3195,3195,3.23,63175,2026-06-09T16:09:55,,,
LS티라유텍,322180,KOSDAQ,5470,5360,2.24,109159,2026-06-09T16:09:55,,,
오로스테크놀로지,322310,KOSDAQ,26450,25000,10.67,218451,2026-06-09T16:09:55,,,
제이엘케이,322510,KOSDAQ,4335,4135,13.63,410070,2026-06-09T16:09:55,,,
코퍼스코리아,322780,KOSDAQ,2295,2240,-2.34,57012,2026-06-09T16:09:55,,,
태성,323280,KOSDAQ,50900,50900,6.93,374993,2026-06-09T16:09:55,,,
다원넥스뷰,323350,KOSDAQ,13150,12950,4.45,51428,2026-06-09T16:09:55,,,
박셀바이오,323990,KOSDAQ,4940,4825,3.13,111145,2026-06-09T16:09:55,,,
RF머트리얼즈,327260,KOSDAQ,71100,60700,4.56,160323,2026-06-09T16:09:55,,,
루닛,328130,KOSDAQ,14630,15530,1.11,668480,2026-06-09T16:09:55,,,
솔트웨어,328380,KOSDAQ,3380,4390,30.0,149448,2026-06-09T16:09:55,,,
위더스제약,330350,KOSDAQ,6490,6560,1.88,35482,2026-06-09T16:09:55,,,
스톤브릿지벤처스,330730,KOSDAQ,5560,5420,7.13,50020,2026-06-09T16:09:55,,,
네패스아크,330860,KOSDAQ,40700,41300,16.29,214432,2026-06-09T16:09:55,,,
포커스에이아이,331380,KOSDAQ,1891,1824,3.73,34827,2026-06-09T16:09:55,,,
밸로프,331520,KOSDAQ,2200,2190,1.38,15737,2026-06-09T16:09:55,,,
아우토크립트,331740,KOSDAQ,9800,9650,-1.61,104915,2026-06-09T16:09:55,,,
셀레믹스,331920,KOSDAQ,15000,15030,5.71,26879,2026-06-09T16:09:55,,,
누보,332290,KOSDAQ,962,936,5.37,172905,2026-06-09T16:09:55,,,
아이디피,332370,KOSDAQ,5130,5030,2.81,47599,2026-06-09T16:09:55,,,
PS일렉트로닉스,332570,KOSDAQ,8400,8070,2.56,2582052,2026-06-09T16:09:55,,,
이노테나,333050,KOSDAQ,4615,5160,1.65,31054,2026-06-09T16:09:55,,,
일승,333430,KOSDAQ,3770,3755,7.25,128183,2026-06-09T16:09:55,,,
엔시스,333620,KOSDAQ,5130,5210,0.59,18204,2026-06-09T16:09:55,,,
프레스티지바이오로직,334970,KOSDAQ,1797,1834,3.99,64450,2026-06-09T16:09:55,,,
프리시젼바이오,335810,KOSDAQ,1689,1668,2.05,43236,2026-06-09T16:09:55,,,
윙스풋,335870,KOSDAQ,1424,1370,0.0,6924,2026-06-09T16:09:55,,,
웨이버스,336060,KOSDAQ,640,645,0.47,428439,2026-06-09T16:09:55,,,
원텍,336570,KOSDAQ,7490,7220,6.39,962804,2026-06-09T16:09:55,,,
탑런토탈솔루션,336680,KOSDAQ,2975,3000,0.0,52408,2026-06-09T16:09:55,,,
젝시믹스,337930,KOSDAQ,3175,3260,8.36,139660,2026-06-09T16:09:55,,,
뷰노,338220,KOSDAQ,7780,7800,1.97,40667,2026-06-09T16:09:55,,,
와이바이오로직스,338840,KOSDAQ,13640,13100,-0.8,141771,2026-06-09T16:09:55,,,
아이비김영,339950,KOSDAQ,2465,2500,-0.2,44093,2026-06-09T16:09:55,,,
다보링크,340360,KOSDAQ,1344,1373,-2.54,167916,2026-06-09T16:09:55,,,
세림B&G,340440,KOSDAQ,1293,1269,1.33,320420,2026-06-09T16:09:55,,,
지씨지놈,340450,KOSDAQ,5260,5080,5.2,103941,2026-06-09T16:09:55,,,
티앤엘,340570,KOSDAQ,57900,59300,12.87,80057,2026-06-09T16:09:55,,,
시선AI,340810,KOSDAQ,2655,2690,0.19,131319,2026-06-09T16:09:55,,,
유일에너테크,340930,KOSDAQ,806,806,0.0,0,2026-06-09T16:09:55,,,
오아,342870,KOSDAQ,5000,4815,5.82,3319,2026-06-09T16:09:55,,,
이노진,344860,KOSDAQ,1354,1366,7.21,66650,2026-06-09T16:09:55,,,
센코,347000,KOSDAQ,1708,1676,1.49,63357,2026-06-09T16:09:55,,,
스피어,347700,KOSDAQ,28100,29650,-3.6,1251556,2026-06-09T16:09:55,,,
피엔케이피부임상연구,347740,KOSDAQ,1907,1892,5.36,52868,2026-06-09T16:09:55,,,
핌스,347770,KOSDAQ,1189,1159,2.15,53749,2026-06-09T16:09:55,,,
디앤디파마텍,347850,KOSDAQ,89600,86900,13.99,2071131,2026-06-09T16:09:55,,,
알체라,347860,KOSDAQ,1635,1716,5.14,291532,2026-06-09T16:09:55,,,
엠엑스온,347890,KOSDAQ,5000,4775,1.63,24392,2026-06-09T16:09:55,,,
모비릭스,348030,KOSDAQ,2600,2475,-2.99,179696,2026-06-09T16:09:55,,,
큐라티스,348080,KOSDAQ,464,421,2.65,72049,2026-06-09T16:09:55,,,
고바이오랩,348150,KOSDAQ,3605,3715,3.59,71086,2026-06-09T16:09:55,,,
넥스틴,348210,KOSDAQ,57800,54200,4.14,130794,2026-06-09T16:09:55,,,
뉴로메카,348340,KOSDAQ,46200,46000,-0.43,153888,2026-06-09T16:09:55,,,
위드텍,348350,KOSDAQ,8470,8140,4.96,43839,2026-06-09T16:09:55,,,
엔켐,348370,KOSDAQ,31550,30650,1.77,214831,2026-06-09T16:09:55,,,
넥사다이내믹스,351320,KOSDAQ,1227,1210,0.49,32707,2026-06-09T16:09:55,,,
이삭엔지니어링,351330,KOSDAQ,5370,5000,11.41,30814,2026-06-09T16:09:55,,,
차이커뮤니케이션,351870,KOSDAQ,2600,2655,4.42,16179,2026-06-09T16:09:55,,,
스톰테크,352090,KOSDAQ,3565,3590,0.71,32216,2026-06-09T16:09:55,,,
씨앤씨인터내셔널,352480,KOSDAQ,19160,19260,2.02,44753,2026-06-09T16:09:55,,,
씨앤투스,352700,KOSDAQ,1508,1513,1.07,34070,2026-06-09T16:09:55,,,
셀레스트라,352770,KOSDAQ,5250,5250,0.0,0,2026-06-09T16:09:55,,,
오비고,352910,KOSDAQ,4390,4275,0.8,13902,2026-06-09T16:09:55,,,
인바이오,352940,KOSDAQ,2015,1996,0.0,21788,2026-06-09T16:09:55,,,
휴럼,353190,KOSDAQ,2970,2970,0.85,26275,2026-06-09T16:09:55,,,
오토앤,353590,KOSDAQ,2055,1935,5.55,22194,2026-06-09T16:09:55,,,
이지바이오,353810,KOSDAQ,6580,6570,10.96,156358,2026-06-09T16:09:55,,,
엔젠바이오,354200,KOSDAQ,949,888,3.04,42506,2026-06-09T16:09:55,,,
알멕,354320,KOSDAQ,56200,55300,3.31,114129,2026-06-09T16:09:55,,,
코스텍시스,355150,KOSDAQ,33550,32100,4.68,106879,2026-06-09T16:09:55,,,
크라우드웍스,355390,KOSDAQ,2520,2765,1.61,215644,2026-06-09T16:09:55,,,
에이텀,355690,KOSDAQ,4410,4545,10.11,400248,2026-06-09T16:09:55,,,
엑스게이트,356680,KOSDAQ,17270,15750,10.49,902379,2026-06-09T16:09:55,,,
티엘비,356860,KOSDAQ,100400,96500,7.96,195649,2026-06-09T16:09:55,,,
싸이버원,356890,KOSDAQ,2585,2570,3.19,44971,2026-06-09T16:09:55,,,
에이치피오,357230,KOSDAQ,2250,2230,2.97,91755,2026-06-09T16:09:55,,,
석경에이티,357550,KOSDAQ,43850,43200,9.49,7522,2026-06-09T16:09:55,,,
아모센스,357580,KOSDAQ,9230,9170,4.65,160123,2026-06-09T16:09:55,,,
솔브레인,357780,KOSDAQ,342500,338500,5.71,72244,2026-06-09T16:09:55,반도체 검사 장비 AI 칩셋 수요 급증,AI 산업 강세 추종,반도체 경합 심화
SKAI,357880,KOSDAQ,4330,4495,-5.46,1545233,2026-06-09T16:09:55,,,
지아이이노베이션,358570,KOSDAQ,11600,11820,7.21,590455,2026-06-09T16:09:55,,,
씨엔알리서치,359090,KOSDAQ,550,550,0.0,0,2026-06-09T16:09:55,,,
탑머티리얼,360070,KOSDAQ,11500,11670,7.38,30971,2026-06-09T16:09:55,,,
코셈,360350,KOSDAQ,9110,9120,7.81,55551,2026-06-09T16:09:55,,,
제노코,361390,KOSDAQ,16710,17180,1.03,83458,2026-06-09T16:09:55,,,
알비더블유,361570,KOSDAQ,1699,1633,5.2,19328,2026-06-09T16:09:55,,,
삼영에스앤씨,361670,KOSDAQ,2505,2400,-0.79,19297,2026-06-09T16:09:55,,,
청담글로벌,362320,KOSDAQ,3720,4000,7.36,172040,2026-06-09T16:09:55,,,
드림인사이트,362990,KOSDAQ,1216,1180,5.1,56915,2026-06-09T16:09:55,,,
진시스템,363250,KOSDAQ,3685,3685,-2.64,30887,2026-06-09T16:09:55,,,
모비데이즈,363260,KOSDAQ,999,980,3.2,86609,2026-06-09T16:09:55,,,
에이아이코리아,364950,KOSDAQ,4290,4250,4.13,36081,2026-06-09T16:09:55,,,
큐라클,365270,KOSDAQ,11440,11270,4.0,169099,2026-06-09T16:09:55,,,
에스와이스틸텍,365330,KOSDAQ,2175,2130,4.07,488208,2026-06-09T16:09:55,,,
성일하이텍,365340,KOSDAQ,52700,51200,5.19,84079,2026-06-09T16:09:55,,,
하이딥,365590,KOSDAQ,1155,1113,4.62,60502,2026-06-09T16:09:55,,,
브이씨,365900,KOSDAQ,2730,2655,0.55,38833,2026-06-09T16:09:55,,,
공구우먼,366030,KOSDAQ,4645,4530,0.98,82529,2026-06-09T16:09:55,,,
플래티어,367000,KOSDAQ,2915,2985,2.28,35998,2026-06-09T16:09:55,,,
아이씨에이치,368600,KOSDAQ,744,730,6.9,118228,2026-06-09T16:09:55,,,
파이버프로,368770,KOSDAQ,15110,14260,7.16,256039,2026-06-09T16:09:55,,,
오에스피,368970,KOSDAQ,2850,2915,-0.35,36312,2026-06-09T16:09:55,,,
블리츠웨이엔터테인먼,369370,KOSDAQ,908,881,-0.33,92757,2026-06-09T16:09:55,,,
퓨런티어,370090,KOSDAQ,8460,8470,1.93,51550,2026-06-09T16:09:55,,,
풍원정밀,371950,KOSDAQ,6900,6940,-1.43,79223,2026-06-09T16:09:55,,,
윤성에프앤씨,372170,KOSDAQ,21700,21450,3.33,17443,2026-06-09T16:09:55,,,
큐로셀,372320,KOSDAQ,28350,28250,3.85,39118,2026-06-09T16:09:55,,,
아이티아이즈,372800,KOSDAQ,2710,2970,0.37,14317,2026-06-09T16:09:55,,,
엑셀세라퓨틱스,373110,KOSDAQ,1330,1302,4.23,1157754,2026-06-09T16:09:55,,,
데이원컴퍼니,373160,KOSDAQ,3645,3630,5.96,11656,2026-06-09T16:09:55,,,
엠아이큐브솔루션,373170,KOSDAQ,2165,2270,0.46,21151,2026-06-09T16:09:55,,,
엑스플러스,373200,KOSDAQ,2730,2480,0.18,185109,2026-06-09T16:09:55,,,
피코그램,376180,KOSDAQ,1798,1809,4.84,34969,2026-06-09T16:09:55,,,
HEM파마,376270,KOSDAQ,43000,42800,2.02,12131,2026-06-09T16:09:55,,,
씨유테크,376290,KOSDAQ,2330,2300,-1.69,33806,2026-06-09T16:09:55,,,
디어유,376300,KOSDAQ,22050,21850,5.76,138871,2026-06-09T16:09:55,,,
로킷헬스케어,376900,KOSDAQ,49550,50100,5.31,107929,2026-06-09T16:09:55,,,
노을,376930,KOSDAQ,836,834,0.24,614388,2026-06-09T16:09:55,,,
원티드랩,376980,KOSDAQ,2100,2250,-0.71,38817,2026-06-09T16:09:55,,,
비트맥스,377030,KOSDAQ,1536,1518,1.65,35793,2026-06-09T16:09:55,,,
프롬바이오,377220,KOSDAQ,741,680,4.81,227383,2026-06-09T16:09:55,,,
이지트로닉스,377330,KOSDAQ,3090,2920,2.32,8263,2026-06-09T16:09:55,,,
리파인,377450,KOSDAQ,9510,9370,1.06,24235,2026-06-09T16:09:55,,,
큐에이드,377460,KOSDAQ,4080,4080,0.0,0,2026-06-09T16:09:55,,,
마음AI,377480,KOSDAQ,14040,12920,2.48,460863,2026-06-09T16:09:55,,,
필에너지,378340,KOSDAQ,12550,12340,3.04,68428,2026-06-09T16:09:55,,,
샤페론,378800,KOSDAQ,1063,1039,9.36,758574,2026-06-09T16:09:55,,,
옵티코어,380540,KOSDAQ,8450,8450,0.0,0,2026-06-09T16:09:55,,,
뉴로핏,380550,KOSDAQ,12530,12050,10.2,179546,2026-06-09T16:09:55,,,
제닉스로보틱스,381620,KOSDAQ,8460,8190,2.3,275749,2026-06-09T16:09:55,,,
온코크로스,382150,KOSDAQ,4650,4700,5.08,119530,2026-06-09T16:09:55,,,
지아이텍,382480,KOSDAQ,2010,1954,-4.29,604645,2026-06-09T16:09:55,,,
지앤비에스 에코,382800,KOSDAQ,6770,5950,3.68,2845761,2026-06-09T16:09:55,,,
원준,382840,KOSDAQ,7300,6850,6.1,202056,2026-06-09T16:09:55,,,
범한퓨얼셀,382900,KOSDAQ,25600,26300,0.2,49480,2026-06-09T16:09:55,,,
에코프로에이치엔,383310,KOSDAQ,28800,27850,7.66,319100,2026-06-09T16:09:55,,,
디티앤씨알오,383930,KOSDAQ,2500,2310,-2.15,184674,2026-06-09T16:09:55,,,
코어라인소프트,384470,KOSDAQ,2955,3175,-1.5,97418,2026-06-09T16:09:55,,,
파인메딕스,387570,KOSDAQ,5990,5850,7.54,12981,2026-06-09T16:09:55,,,
지투파워,388050,KOSDAQ,8760,8790,7.48,374135,2026-06-09T16:09:55,,,
씨엠티엑스,388210,KOSDAQ,107500,106000,15.1,136932,2026-06-09T16:09:55,,,
지에프씨생명과학,388610,KOSDAQ,6300,6400,7.33,11666,2026-06-09T16:09:55,,,
유일로보틱스,388720,KOSDAQ,85700,83800,0.94,65171,2026-06-09T16:09:55,,,
라이콤,388790,KOSDAQ,7600,7080,12.59,8303686,2026-06-09T16:09:55,,,
파로스아이바이오,388870,KOSDAQ,6310,6080,-1.1,180554,2026-06-09T16:09:55,,,
자람테크놀로지,389020,KOSDAQ,33850,31600,5.78,45280,2026-06-09T16:09:55,,,
지니너스,389030,KOSDAQ,2870,2965,-2.71,393497,2026-06-09T16:09:55,,,
포바이포,389140,KOSDAQ,6470,6220,5.89,113924,2026-06-09T16:09:55,,,
대명에너지,389260,KOSDAQ,12990,14000,3.1,117725,2026-06-09T16:09:55,,,
인벤티지랩,389470,KOSDAQ,45950,43850,11.12,74388,2026-06-09T16:09:55,,,
에스비비테크,389500,KOSDAQ,58800,55200,5.95,120673,2026-06-09T16:09:55,,,
넥스트바이오메디컬,389650,KOSDAQ,40950,38900,3.67,61031,2026-06-09T16:09:55,,,
유디엠텍,389680,KOSDAQ,2080,2700,2.72,59747,2026-06-09T16:09:55,,,
코닉오토메이션,391710,KOSDAQ,1571,1550,1.29,146219,2026-06-09T16:09:55,,,
토마토시스템,393210,KOSDAQ,2990,2920,6.79,69164,2026-06-09T16:09:55,,,
더블유씨피,393890,KOSDAQ,12640,12330,3.18,388431,2026-06-09T16:09:55,,,
대진첨단소재,393970,KOSDAQ,2825,2825,0.0,0,2026-06-09T16:09:55,,,
오픈엣지테크놀로지,394280,KOSDAQ,13960,13060,9.15,122453,2026-06-09T16:09:55,,,
리센스메디컬,394420,KOSDAQ,19250,18700,4.11,186362,2026-06-09T16:09:55,,,
쓰리빌리언,394800,KOSDAQ,7300,7190,5.04,575925,2026-06-09T16:09:55,,,
넥스트칩,396270,KOSDAQ,3600,3375,6.51,361136,2026-06-09T16:09:55,,,
세아메카닉스,396300,KOSDAQ,5100,4560,8.86,560921,2026-06-09T16:09:55,,,
워트,396470,KOSDAQ,6530,6250,6.87,141382,2026-06-09T16:09:55,,,
에이프릴바이오,397030,KOSDAQ,41450,43200,1.1,904000,2026-06-09T16:09:55,,,
애드포러스,397810,KOSDAQ,5000,4980,5.26,15330,2026-06-09T16:09:55,,,
에스지헬스케어,398120,KOSDAQ,2375,2310,4.4,70950,2026-06-09T16:09:55,,,
가온칩스,399720,KOSDAQ,48750,47000,9.3,82806,2026-06-09T16:09:55,,,
코난테크놀로지,402030,KOSDAQ,15940,14910,3.24,36063,2026-06-09T16:09:55,,,
그린리소스,402490,KOSDAQ,11220,11040,8.09,307574,2026-06-09T16:09:55,,,
우듬지팜,403490,KOSDAQ,706,702,1.58,109515,2026-06-09T16:09:55,,,
더핑크퐁컴퍼니,403850,KOSDAQ,10910,11430,3.81,65013,2026-06-09T16:09:55,,,
HPSP,403870,KOSDAQ,57000,53100,20.89,11026620,2026-06-09T16:09:55,,,
플라즈맵,405000,KOSDAQ,4325,4200,-6.99,32000,2026-06-09T16:09:55,,,
큐알티,405100,KOSDAQ,15000,14510,9.49,73782,2026-06-09T16:09:55,,,
나라셀라,405920,KOSDAQ,2025,2005,-1.22,12512,2026-06-09T16:09:55,,,
뷰티스킨,406820,KOSDAQ,1953,1874,-2.3,222052,2026-06-09T16:09:55,,,
꿈비,407400,KOSDAQ,2440,2365,4.5,78527,2026-06-09T16:09:55,,,
한패스,408470,KOSDAQ,8300,7940,4.93,76735,2026-06-09T16:09:55,,,
스튜디오미르,408900,KOSDAQ,1459,1417,5.34,198855,2026-06-09T16:09:55,,,
메쎄이상,408920,KOSDAQ,3015,3015,3.97,65294,2026-06-09T16:09:55,,,
샌즈랩,411080,KOSDAQ,5200,5050,2.97,73342,2026-06-09T16:09:55,,,
레이저쎌,412350,KOSDAQ,6330,5880,2.1,365265,2026-06-09T16:09:55,,,
제일엠앤에스,412540,KOSDAQ,3935,3935,0.0,0,2026-06-09T16:09:55,,,
엠오티,413390,KOSDAQ,6540,6490,3.81,30109,2026-06-09T16:09:55,,,
씨피시스템,413630,KOSDAQ,2700,2605,8.87,116701,2026-06-09T16:09:55,,,
비아이매트릭스,413640,KOSDAQ,6460,6500,5.04,24916,2026-06-09T16:09:55,,,
스튜디오삼익,415380,KOSDAQ,1737,1693,4.01,26035,2026-06-09T16:09:55,,,
신성에스티,416180,KOSDAQ,26300,25350,4.37,39187,2026-06-09T16:09:55,,,
나노팀,417010,KOSDAQ,8500,8120,-1.51,360699,2026-06-09T16:09:55,,,
핑거스토리,417180,KOSDAQ,4720,4570,9.13,20944,2026-06-09T16:09:55,,,
LS머트리얼즈,417200,KOSDAQ,16580,16330,3.37,975643,2026-06-09T16:09:55,,,
제이아이테크,417500,KOSDAQ,3200,3235,8.66,243592,2026-06-09T16:09:55,,,
트루엔,417790,KOSDAQ,6290,6310,0.96,12683,2026-06-09T16:09:55,,,
저스템,417840,KOSDAQ,15200,14270,15.15,901758,2026-06-09T16:09:55,,,
오브젠,417860,KOSDAQ,12350,13970,-9.52,2971652,2026-06-09T16:09:55,,,
모델솔루션,417970,KOSDAQ,13650,12810,5.73,36943,2026-06-09T16:09:55,,,
시큐레터,418250,KOSDAQ,6550,6550,0.0,0,2026-06-09T16:09:55,,,
라온텍,418420,KOSDAQ,5670,5320,10.74,480157,2026-06-09T16:09:55,,,
KT밀리의서재,418470,KOSDAQ,10540,10510,3.33,30669,2026-06-09T16:09:55,,,
제이오,418550,KOSDAQ,5750,5690,3.42,164622,2026-06-09T16:09:55,,,
E8,418620,KOSDAQ,1088,1087,-2.68,138042,2026-06-09T16:09:55,,,
삼기에너지솔루션즈,419050,KOSDAQ,1300,1280,0.78,204516,2026-06-09T16:09:55,,,
엔젯,419080,KOSDAQ,4240,4035,1.19,41083,2026-06-09T16:09:55,,,
산돌,419120,KOSDAQ,2820,2810,0.53,33826,2026-06-09T16:09:55,,,
SAMG엔터,419530,KOSDAQ,25100,24300,7.26,63020,2026-06-09T16:09:55,,,
비스토스,419540,KOSDAQ,2525,2410,-5.78,22204,2026-06-09T16:09:55,,,
제이투케이바이오,420570,KOSDAQ,7270,7260,1.11,55205,2026-06-09T16:09:55,,,
기가비스,420770,KOSDAQ,124700,130900,0.97,215441,2026-06-09T16:09:55,,,
벨로크,424760,KOSDAQ,2380,2310,-4.03,83691,2026-06-09T16:09:55,,,
이뮨온시아,424870,KOSDAQ,4165,4145,5.44,660811,2026-06-09T16:09:55,,,
스마트레이더시스템,424960,KOSDAQ,4575,4700,1.55,72439,2026-06-09T16:09:55,,,
마이크로투나노,424980,KOSDAQ,9400,8510,11.24,19046,2026-06-09T16:09:55,,,
티이엠씨,425040,KOSDAQ,16670,16130,6.25,712401,2026-06-09T16:09:55,,,
티에프이,425420,KOSDAQ,51300,50800,20.71,178649,2026-06-09T16:09:55,,,
시지트로닉스,429270,KOSDAQ,5270,5170,1.93,115000,2026-06-09T16:09:55,,,
한싹,430690,KOSDAQ,3135,3005,4.33,54763,2026-06-09T16:09:55,,,
케이쓰리아이,431190,KOSDAQ,2600,2605,4.21,42790,2026-06-09T16:09:55,,,
와이랩,432430,KOSDAQ,3225,3655,20.56,282320,2026-06-09T16:09:55,,,
케이엔에스,432470,KOSDAQ,9130,8780,5.92,54148,2026-06-09T16:09:55,,,
퀄리타스반도체,432720,KOSDAQ,13870,12900,11.32,291500,2026-06-09T16:09:55,,,
엠에프씨,432980,KOSDAQ,2945,2815,6.7,40380,2026-06-09T16:09:55,,,
모니터랩,434480,KOSDAQ,2820,2630,7.84,52665,2026-06-09T16:09:55,,,
에르코스,435570,KOSDAQ,6680,6220,4.54,19387,2026-06-09T16:09:55,,,
삼현,437730,KOSDAQ,47550,49250,12.41,208161,2026-06-09T16:09:55,,,
버넥트,438700,KOSDAQ,2300,2990,1.77,11583,2026-06-09T16:09:55,,,
마녀공장,439090,KOSDAQ,13430,13870,7.01,135990,2026-06-09T16:09:55,,,
블루엠텍,439580,KOSDAQ,2200,2325,4.76,192233,2026-06-09T16:09:55,,,
코스모로보틱스,439960,KOSDAQ,26300,21950,9.58,2864138,2026-06-09T16:09:55,,,
파두,440110,KOSDAQ,103200,99600,-3.19,1355230,2026-06-09T16:09:55,,,
HB인베스트먼트,440290,KOSDAQ,1770,1789,-0.11,77599,2026-06-09T16:09:55,,,
오픈놀,440320,KOSDAQ,2550,2850,0.2,102380,2026-06-09T16:09:55,,,
파인엠텍,441270,KOSDAQ,7490,7270,3.17,177940,2026-06-09T16:09:55,,,
레뷰코퍼레이션,443250,KOSDAQ,5760,6000,3.41,10785,2026-06-09T16:09:55,,,
에스피소프트,443670,KOSDAQ,3440,3380,5.68,139482,2026-06-09T16:09:55,,,
심플랫폼,444530,KOSDAQ,7710,7500,2.66,17914,2026-06-09T16:09:55,,,
에이직랜드,445090,KOSDAQ,27300,25900,10.98,83825,2026-06-09T16:09:55,,,
퓨릿,445180,KOSDAQ,9070,8730,12.39,61478,2026-06-09T16:09:55,,,
큐리옥스바이오시스템,445680,KOSDAQ,74600,69200,-5.57,148301,2026-06-09T16:09:55,,,
메가터치,446540,KOSDAQ,7320,6900,13.31,256585,2026-06-09T16:09:55,,,
지슨,446840,KOSDAQ,1019,1010,8.87,82540,2026-06-09T16:09:55,,,
에코아이,448280,KOSDAQ,9130,8830,3.63,71600,2026-06-09T16:09:55,,,
코츠테크놀로지,448710,KOSDAQ,13580,13440,0.0,50519,2026-06-09T16:09:55,,,
한국피아이엠,448900,KOSDAQ,72500,78500,5.38,86095,2026-06-09T16:09:55,,,
하스,450330,KOSDAQ,5110,5000,6.02,17411,2026-06-09T16:09:55,,,
인스웨이브,450520,KOSDAQ,2130,2085,2.4,44318,2026-06-09T16:09:55,,,
아스테라시스,450950,KOSDAQ,7230,7050,0.56,41649,2026-06-09T16:09:55,,,
아이엠티,451220,KOSDAQ,13070,12430,17.01,257567,2026-06-09T16:09:55,,,
삐아,451250,KOSDAQ,7290,7170,15.53,156271,2026-06-09T16:09:55,,,
컨텍,451760,KOSDAQ,13410,13210,2.44,160076,2026-06-09T16:09:55,,,
제이엔비,452160,KOSDAQ,3925,3995,3.02,32863,2026-06-09T16:09:55,,,
한빛레이저,452190,KOSDAQ,5150,4910,6.74,333665,2026-06-09T16:09:55,,,
민테크,452200,KOSDAQ,2415,2290,-3.21,438635,2026-06-09T16:09:55,,,
한선엔지니어링,452280,KOSDAQ,22850,21500,9.86,492560,2026-06-09T16:09:55,,,
캡스톤파트너스,452300,KOSDAQ,2860,2770,4.0,107874,2026-06-09T16:09:55,,,
이닉스,452400,KOSDAQ,6580,6440,4.28,12517,2026-06-09T16:09:55,,,
사피엔반도체,452430,KOSDAQ,37850,34650,5.43,31509,2026-06-09T16:09:55,,,
피아이이,452450,KOSDAQ,4500,4410,1.47,178261,2026-06-09T16:09:55,,,
그리드위즈,453450,KOSDAQ,14900,15160,5.6,55477,2026-06-09T16:09:55,,,
에이에스텍,453860,KOSDAQ,10150,10920,2.53,9623,2026-06-09T16:09:55,,,
케이지에이,455180,KOSDAQ,1690,1675,-2.48,111884,2026-06-09T16:09:55,,,
엔젤로보틱스,455900,KOSDAQ,23300,22450,1.53,73658,2026-06-09T16:09:55,,,
아이씨티케이,456010,KOSDAQ,24950,22800,9.67,554014,2026-06-09T16:09:55,,,
이엔셀,456070,KOSDAQ,8790,8600,7.46,130535,2026-06-09T16:09:55,,,
지투지바이오,456160,KOSDAQ,48350,46700,7.8,237305,2026-06-09T16:09:55,,,
한켐,457370,KOSDAQ,14320,12450,9.73,5660850,2026-06-09T16:09:55,,,
우진엔텍,457550,KOSDAQ,21200,20950,8.66,86785,2026-06-09T16:09:55,,,
벡트,457600,KOSDAQ,1771,1949,12.87,86002,2026-06-09T16:09:55,,,
에스팀,458350,KOSDAQ,4720,4555,2.61,75581,2026-06-09T16:09:55,,,
성우,458650,KOSDAQ,11010,10700,5.46,70300,2026-06-09T16:09:55,,,
씨어스,458870,KOSDAQ,28250,28200,1.8,247077,2026-06-09T16:09:55,,,
위츠,459100,KOSDAQ,4970,4960,4.85,50211,2026-06-09T16:09:55,,,
나우로보틱스,459510,KOSDAQ,18990,18590,4.74,37791,2026-06-09T16:09:55,,,
알트,459550,KOSDAQ,1991,1902,-1.44,9851658,2026-06-09T16:09:55,,,
아이빔테크놀로지,460470,KOSDAQ,3130,3440,0.97,31823,2026-06-09T16:09:55,,,
에스엠씨지,460870,KOSDAQ,2400,2385,1.05,122020,2026-06-09T16:09:55,,,
현대힘스,460930,KOSDAQ,13370,13560,1.98,152785,2026-06-09T16:09:55,,,
피앤에스로보틱스,460940,KOSDAQ,5460,5200,4.6,90387,2026-06-09T16:09:55,,,
아이엠비디엑스,461030,KOSDAQ,4245,4135,8.15,61436,2026-06-09T16:09:55,,,
아이스크림미디어,461300,KOSDAQ,16740,16240,4.82,65711,2026-06-09T16:09:55,,,
뉴키즈온,462310,KOSDAQ,3545,3745,4.73,29702,2026-06-09T16:09:55,,,
이노스페이스,462350,KOSDAQ,15290,15220,1.53,430520,2026-06-09T16:09:55,,,
라메디텍,462510,KOSDAQ,3040,2960,1.33,64509,2026-06-09T16:09:55,,,
더즌,462860,KOSDAQ,2510,2490,5.46,200168,2026-06-09T16:09:55,,,
아이지넷,462980,KOSDAQ,1487,1488,-0.87,76515,2026-06-09T16:09:55,,,
뉴엔AI,463020,KOSDAQ,8330,8270,6.52,80203,2026-06-09T16:09:55,,,
모티브링크,463480,KOSDAQ,5110,5120,2.3,52282,2026-06-09T16:09:55,,,
에스오에스랩,464080,KOSDAQ,10640,10310,5.35,140011,2026-06-09T16:09:55,,,
티디에스팜,464280,KOSDAQ,6480,6440,0.47,14534,2026-06-09T16:09:55,,,
한국제13호스팩,464440,KOSDAQ,2110,2110,0.0,346856,2026-06-09T16:09:55,,,
쿼드메디슨,464490,KOSDAQ,7630,7880,1.73,49251,2026-06-09T16:09:55,,,
아이언디바이스,464500,KOSDAQ,2220,2160,3.02,114525,2026-06-09T16:09:55,,,
닷밀,464580,KOSDAQ,1595,1601,-3.04,36285,2026-06-09T16:09:55,,,
교보15호스팩,465320,KOSDAQ,2335,2335,0.0,0,2026-06-09T16:09:55,,,
인스피언,465480,KOSDAQ,4225,4155,-2.31,70739,2026-06-09T16:09:55,,,
클로봇,466100,KOSDAQ,36200,33700,-3.47,352841,2026-06-09T16:09:55,,,
사이냅소프트,466410,KOSDAQ,9210,9130,4.19,8497,2026-06-09T16:09:55,,,
키움히어로제1호스팩,466690,KOSDAQ,2005,2005,-0.25,10954,2026-06-09T16:09:55,,,
IBKS제23호스팩,467930,KOSDAQ,2100,2105,0.0,23190,2026-06-09T16:09:55,,,
프로티나,468530,KOSDAQ,34850,32050,8.91,167658,2026-06-09T16:09:55,,,
유진스팩10호,468760,KOSDAQ,2075,2080,0.0,15157,2026-06-09T16:09:55,,,
IBKS제24호스팩,469480,KOSDAQ,2425,2450,1.04,4405,2026-06-09T16:09:55,,,
이노테크,469610,KOSDAQ,14290,13780,3.55,57171,2026-06-09T16:09:55,,,
아이비젼웍스,469750,KOSDAQ,1080,1103,2.76,126988,2026-06-09T16:09:55,,,
하나30호스팩,469880,KOSDAQ,2105,2105,0.0,10530,2026-06-09T16:09:55,,,
하나31호스팩,469900,KOSDAQ,2070,2075,0.24,14281,2026-06-09T16:09:55,,,
대신밸런스제17호스팩,471050,KOSDAQ,2085,2085,0.0,58803,2026-06-09T16:09:55,,,
셀로맥스사이언스,471820,KOSDAQ,4620,4590,-0.86,12083,2026-06-09T16:09:55,,,
신영스팩10호,472220,KOSDAQ,2140,2105,-0.7,4978,2026-06-09T16:09:55,,,
에스케이증권제11호스,472230,KOSDAQ,2080,2070,0.48,9540,2026-06-09T16:09:55,,,
폰드그룹,472850,KOSDAQ,4370,4450,6.59,60992,2026-06-09T16:09:55,,,
에스케이증권제12호스,473000,KOSDAQ,2045,2045,0.0,23988,2026-06-09T16:09:55,,,
유안타제15호스팩,473050,KOSDAQ,2080,2075,0.48,30416,2026-06-09T16:09:55,,,
에스케이증권제13호스,473950,KOSDAQ,2035,2035,0.0,4777,2026-06-09T16:09:55,,,
노머스,473980,KOSDAQ,12480,12520,3.83,52158,2026-06-09T16:09:55,,,
루미르,474170,KOSDAQ,9990,10200,2.88,105251,2026-06-09T16:09:55,,,
유안타제16호스팩,474490,KOSDAQ,2055,2055,0.24,11761,2026-06-09T16:09:55,,,
RF시스템즈,474610,KOSDAQ,8630,8490,0.47,171526,2026-06-09T16:09:55,,,
링크솔루션,474650,KOSDAQ,36450,37750,0.69,107478,2026-06-09T16:09:55,,,
신한제12호스팩,474660,KOSDAQ,2060,2050,0.49,40357,2026-06-09T16:09:55,,,
신한제13호스팩,474930,KOSDAQ,2075,2075,-0.24,1637,2026-06-09T16:09:55,,,
엔알비,475230,KOSDAQ,10070,9590,-5.89,245347,2026-06-09T16:09:55,,,
하나32호스팩,475240,KOSDAQ,2070,2060,0.24,4573,2026-06-09T16:09:55,,,
하나33호스팩,475250,KOSDAQ,2070,2075,0.0,781,2026-06-09T16:09:55,,,
씨메스로보틱스,475400,KOSDAQ,25250,24050,3.91,63602,2026-06-09T16:09:55,,,
키스트론,475430,KOSDAQ,4415,4290,4.25,181652,2026-06-09T16:09:55,,,
미트박스,475460,KOSDAQ,6180,6010,-1.44,14183,2026-06-09T16:09:55,,,
에이럭스,475580,KOSDAQ,7560,7570,0.13,108694,2026-06-09T16:09:55,,,
에스켐,475660,KOSDAQ,4045,3995,1.25,52387,2026-06-09T16:09:55,,,
오름테라퓨틱,475830,KOSDAQ,62500,64100,13.84,286820,2026-06-09T16:09:55,,,
토모큐브,475960,KOSDAQ,37600,36800,4.16,64311,2026-06-09T16:09:55,,,
오가노이드사이언스,476040,KOSDAQ,11360,11920,2.07,103803,2026-06-09T16:09:55,,,
온코닉테라퓨틱스,476060,KOSDAQ,15850,15770,5.67,247123,2026-06-09T16:09:55,,,
M83,476080,KOSDAQ,6100,5920,7.77,2812152,2026-06-09T16:09:55,,,
알지노믹스,476830,KOSDAQ,93900,90900,6.95,301539,2026-06-09T16:09:55,,,
에이치엠씨제7호스팩,477340,KOSDAQ,2040,2035,0.25,4230,2026-06-09T16:09:55,,,
미래에셋비전스팩4호,477380,KOSDAQ,2055,2055,0.0,4880,2026-06-09T16:09:55,,,
미래에셋비전스팩5호,477470,KOSDAQ,2060,2055,0.49,207,2026-06-09T16:09:55,,,
DB금융스팩12호,477760,KOSDAQ,2060,2060,0.49,12585,2026-06-09T16:09:55,,,
마키나락스,477850,KOSDAQ,21900,20150,-1.13,654739,2026-06-09T16:09:55,,,
이베스트스팩6호,478110,KOSDAQ,2035,2030,0.25,10002,2026-06-09T16:09:55,,,
나라스페이스테크놀로,478340,KOSDAQ,21350,20600,5.43,96056,2026-06-09T16:09:55,,,
KB제29호스팩,478390,KOSDAQ,2050,2060,0.49,15149,2026-06-09T16:09:55,,,
미래에셋비전스팩6호,478440,KOSDAQ,2050,2060,0.24,5145,2026-06-09T16:09:55,,,
블랙야크아이앤씨,478560,KOSDAQ,2685,2595,7.4,38880,2026-06-09T16:09:55,,,
한국제15호스팩,479880,KOSDAQ,2055,2050,0.24,14074,2026-06-09T16:09:55,,,
위너스일렉,479960,KOSDAQ,7360,7300,5.6,18445,2026-06-09T16:09:55,,,
에이유브랜즈,481070,KOSDAQ,11700,12350,7.93,102860,2026-06-09T16:09:55,,,
엔에이치스팩31호,481890,KOSDAQ,2080,2075,-0.48,1292,2026-06-09T16:09:55,,,
교보16호스팩,482520,KOSDAQ,2030,2030,0.0,42706,2026-06-09T16:09:55,,,
삼양엔씨켐,482630,KOSDAQ,15330,14530,16.31,546422,2026-06-09T16:09:55,,,
미래에셋비전스팩7호,482680,KOSDAQ,2055,2055,0.0,0,2026-06-09T16:09:55,,,
대신밸런스제19호스팩,482690,KOSDAQ,2130,2145,-0.23,516,2026-06-09T16:09:55,,,
도우인시스,484120,KOSDAQ,15660,15140,1.49,7260,2026-06-09T16:09:55,,,
하나34호스팩,484130,KOSDAQ,2030,2025,0.74,437,2026-06-09T16:09:55,,,
삼양컴텍,484590,KOSDAQ,7190,7340,-0.96,206086,2026-06-09T16:09:55,,,
티엑스알로보틱스,484810,KOSDAQ,12070,11910,4.77,41918,2026-06-09T16:09:55,,,
KB제30호스팩,486630,KOSDAQ,2040,2045,-0.24,5952,2026-06-09T16:09:55,,,
노타,486990,KOSDAQ,30200,27000,0.67,538394,2026-06-09T16:09:55,,,
신한제14호스팩,487360,KOSDAQ,2020,2020,0.0,3698,2026-06-09T16:09:55,,,
폴레드,487580,KOSDAQ,4025,3705,4.95,409478,2026-06-09T16:09:55,,,
키움제10호스팩,487720,KOSDAQ,2035,2035,0.74,25027,2026-06-09T16:09:55,,,
신한제15호스팩,487830,KOSDAQ,2025,2030,0.25,5364,2026-06-09T16:09:55,,,
유진스팩11호,488060,KOSDAQ,2025,2030,-0.25,37173,2026-06-09T16:09:55,,,
에스투더블유,488280,KOSDAQ,16000,14750,4.17,136854,2026-06-09T16:09:55,,,
비츠로넥스텍,488900,KOSDAQ,11510,11130,9.83,87576,2026-06-09T16:09:55,,,
교보17호스팩,489210,KOSDAQ,2065,2070,-0.48,3991,2026-06-09T16:09:55,,,
바이오비쥬,489460,KOSDAQ,6590,6830,8.57,87720,2026-06-09T16:09:55,,,
키움제11호스팩,489480,KOSDAQ,2030,2030,0.74,57096,2026-06-09T16:09:55,,,
엘케이켐,489500,KOSDAQ,27750,26400,11.22,58062,2026-06-09T16:09:55,,,
디비금융제13호스팩,489730,KOSDAQ,2020,2015,0.75,6789,2026-06-09T16:09:55,,,
세미파이브,490470,KOSDAQ,28150,26350,5.04,969297,2026-06-09T16:09:55,,,
리브스메드,491000,KOSDAQ,41050,40500,5.39,206726,2026-06-09T16:09:55,,,
KB제31호스팩,492220,KOSDAQ,2020,2025,-0.25,138,2026-06-09T16:09:55,,,
아이엠바이오로직스,493280,KOSDAQ,26150,26550,7.61,91041,2026-06-09T16:09:55,,,
지에프아이,493330,KOSDAQ,12450,12430,0.57,15277,2026-06-09T16:09:55,,,
유안타제17호스팩,493790,KOSDAQ,2020,2020,0.0,24676,2026-06-09T16:09:55,,,
큐리오시스,494120,KOSDAQ,26600,25900,9.69,76036,2026-06-09T16:09:55,,,
신한제16호스팩,496070,KOSDAQ,2000,2005,-0.25,1824,2026-06-09T16:09:55,,,
한화플러스제5호스팩,498390,KOSDAQ,2045,2040,0.49,8243,2026-06-09T16:09:55,,,
글로벌에스엠,900070,KOSDAQ,610,610,0.0,0,2026-06-09T16:09:55,,,
파이온엑스,900100,KOSDAQ,389,389,0.0,0,2026-06-09T16:09:55,,,
딥커머스,900110,KOSDAQ,713,713,0.0,0,2026-06-09T16:09:55,,,
씨엑스아이,900120,KOSDAQ,391,391,0.0,0,2026-06-09T16:09:55,,,
크리스탈신소재,900250,KOSDAQ,519,519,0.0,0,2026-06-09T16:09:55,,,
로스웰,900260,KOSDAQ,1593,1648,-0.81,19108,2026-06-09T16:09:55,,,
헝셩그룹,900270,KOSDAQ,641,649,0.16,192541,2026-06-09T16:09:55,,,
GRT,900290,KOSDAQ,3250,3170,8.33,590349,2026-06-09T16:09:55,,,
오가닉티코스메틱,900300,KOSDAQ,91,91,0.0,0,2026-06-09T16:09:55,,,
컬러레이,900310,KOSDAQ,520,1840,0.0,0,2026-06-09T16:09:55,,,
윙입푸드,900340,KOSDAQ,1699,1670,-0.06,53838,2026-06-09T16:09:55,,,
엑세스바이오,950130,KOSDAQ,2580,2595,0.58,117650,2026-06-09T16:09:55,,,
잉글우드랩,950140,KOSDAQ,9020,8890,5.99,39415,2026-06-09T16:09:55,,,
코오롱티슈진,950160,KOSDAQ,102900,99800,15.23,513657,2026-06-09T16:09:55,,,
JTC,950170,KOSDAQ,4810,4860,4.68,101671,2026-06-09T16:09:55,,,
고스트스튜디오,950190,KOSDAQ,8540,8700,5.56,29284,2026-06-09T16:09:55,,,
소마젠,950200,KOSDAQ,2710,2730,3.63,24652,2026-06-09T16:09:55,,,
네오이뮨텍,950220,KOSDAQ,501,1767,0.0,0,2026-06-09T16:09:55,,,
테라뷰,950250,KOSDAQ,3105,3095,4.9,325621,2026-06-09T16:09:55,,,
